{"type":"Topology","bbox":[-156.0537559400475,17.884192337368592,-65.22104549612999,64.30636599162773],"transform":{"scale":[0.0009083361878010531,0.0004642263788063795],"translate":[-156.0537559400475,17.884192337368592]},"objects":{"usdm":{"type":"GeometryCollection","geometries":[{"type":"MultiPolygon","arcs":[[[0,1,2,3]],[[4,5]],[[6,7]],[[8,9]],[[10,11]],[[12]],[[13]],[[14]],[[15]],[[16]],[[17,18]],[[19]],[[20]],[[21]],[[22]],[[23]],[[24]],[[25]],[[26]],[[27]],[[28]],[[29]],[[30]],[[31]],[[32]],[[33]],[[34]],[[35]],[[36]],[[37,38,39,40,41,42,43,44]],[[45]],[[46]],[[47]],[[48,49]],[[50]],[[51]],[[52,53]],[[54]],[[55]],[[56]],[[57]],[[58]],[[59]],[[60]],[[61]],[[62,63]],[[64,65]],[[66]],[[67]],[[68]],[[69]],[[70]],[[71]],[[72]],[[73]],[[74]],[[75]],[[76]],[[77]],[[78]],[[79]],[[80]],[[81]],[[82]],[[83]],[[84]],[[85]],[[86]],[[87]],[[88]],[[89]],[[90]],[[91]],[[92]],[[93]],[[94,95]],[[96]],[[97]],[[98]],[[99]],[[100]],[[101]],[[102]],[[103,104]],[[105,106]],[[107]],[[108]],[[109,110]],[[111,112]],[[113]],[[114]],[[115]],[[116]],[[117]],[[118]],[[119]],[[120]],[[121]],[[122]],[[123]],[[124]],[[125]],[[126]],[[127]],[[128]],[[129]],[[130]],[[131]],[[132]],[[133]],[[134]],[[135]],[[136]],[[137]],[[138]],[[139]],[[140,141]],[[142,143]],[[144]],[[145]],[[146]],[[147]],[[148]],[[149]],[[150]],[[151]],[[152]],[[153]],[[154]],[[155]],[[156]],[[157]],[[158]],[[159]],[[160]],[[161]],[[162]],[[163]],[[164]],[[165]],[[166]],[[167]],[[168]],[[169]],[[170]],[[171]],[[172]],[[173]],[[174]],[[175]],[[176]],[[177]],[[178]],[[179]],[[180,181]],[[182]],[[183]],[[184]],[[185]],[[186]],[[187,188]],[[189]],[[190]],[[191]],[[192]],[[193]],[[194]],[[195]],[[196]],[[197,198]],[[199],[200]],[[201]],[[202,203,204,205,206,207]],[[208]],[[209,210]],[[211,212]],[[213]],[[214]],[[215]],[[216]],[[217]],[[218]],[[219,220],[221]],[[222]],[[223]],[[224]],[[225]],[[226]],[[227]],[[228]],[[229]],[[230]],[[231]],[[232]],[[233]],[[234]],[[235]],[[236]],[[237]],[[238]],[[239]],[[240]],[[241]],[[242]],[[243]],[[244]],[[245]],[[246]],[[247]],[[248,249]],[[250]],[[251,252]],[[253]],[[254,255]],[[256,257]],[[258,259]],[[260,261]],[[262,263]],[[264],[265]],[[266]],[[267]],[[268]],[[269,270]],[[271]],[[272]],[[273]],[[274]],[[275]],[[276]],[[277]],[[278]],[[279]],[[280]],[[281]],[[282]],[[283]],[[284]],[[285]],[[286]],[[287]],[[288]],[[289,290]],[[291]],[[292]],[[293,294,295,296]],[[297]],[[298]],[[299]],[[300,301]],[[302]],[[303]],[[304]],[[305]],[[306]],[[307]],[[308]],[[309]],[[310]],[[311]],[[312]],[[313]],[[314]],[[315]],[[316]],[[317]],[[318,319]],[[320,321]],[[322,323]],[[324]],[[325]],[[326]],[[327]],[[328]],[[329]],[[330]],[[331]],[[332,333]],[[334]],[[335]],[[336]],[[337]],[[338]],[[339]],[[340]],[[341]],[[342]],[[343]],[[344]],[[345]],[[346]],[[347]],[[348]],[[349]],[[350]],[[351]],[[352]],[[353]],[[354]],[[355]],[[356]],[[357,358]],[[359,360]],[[361]],[[362,363,364,365,366,367]],[[368,369]],[[370,371]],[[372]],[[373,374,375,376]],[[377,378]],[[379,380,381,382,383,384,385,386,387,388,389,390]],[[391]],[[392,393]],[[394]],[[395]],[[396,397]],[[398,399]],[[400]],[[401]],[[402]],[[403]],[[404]],[[405]],[[406]],[[407]],[[408]],[[409]],[[410]],[[411]],[[412]],[[413]],[[414]],[[415]],[[416]],[[417]],[[418]],[[419]],[[420]],[[421]],[[422]],[[423]],[[424]],[[425]],[[426]],[[427]],[[428]],[[429]],[[430]],[[431]],[[432]],[[433]],[[434]],[[435]],[[436]],[[437]],[[438]],[[439]],[[440]],[[441]],[[442]],[[443]],[[444]],[[445]],[[446]],[[447]],[[448]],[[449]],[[450,451]],[[452,453]],[[454,455]],[[456,457]],[[458]],[[459,460]],[[461]],[[462]],[[463]],[[464]],[[465]],[[466]],[[467]],[[468]],[[469]],[[470,471,472,473]],[[474]],[[475]],[[476]],[[477]],[[478,479,480,481,482,483,484,485,486,487,488,489,490],[491],[492,493],[494],[495],[496],[497],[498],[499],[500],[501],[502]],[[503]],[[504]],[[505]],[[506]],[[507]],[[508]],[[509]],[[510]],[[511]],[[512]],[[513]],[[514]],[[515]],[[516]],[[517]],[[518]],[[519]],[[520]],[[521]],[[522]],[[523]],[[524]],[[525]],[[526]],[[527]],[[528]],[[529]],[[530]],[[531]],[[532]],[[533]],[[534]],[[535]],[[536]],[[537]],[[538]],[[539]],[[540]],[[541]],[[542]],[[543]],[[544]],[[545]],[[546]],[[547]],[[548]],[[549]],[[550]],[[551]],[[552,553]],[[554]],[[555]],[[556]],[[557]],[[558]],[[559]],[[560]],[[561]],[[562]],[[563]],[[564]],[[565]],[[566]],[[567]],[[568]],[[569]],[[570]],[[571]],[[572]],[[573]],[[574,575]],[[576]],[[577]],[[578]],[[579]],[[580]],[[581,582]],[[583]],[[584]],[[585]],[[586]],[[587]],[[588]],[[589]],[[590]],[[591]],[[592]],[[593]],[[594]],[[595]],[[596]],[[597,598,599,600,601,602]],[[603]],[[604]],[[605]],[[606]],[[607]],[[608]],[[609]],[[610]],[[611]],[[612]],[[613]],[[614]],[[615,616]],[[617]],[[618]],[[619],[620],[621],[622]],[[623]],[[624,625]],[[626]],[[627]],[[628]],[[629]],[[630]],[[631]],[[632]],[[633]],[[634]],[[635]],[[636]],[[637,638]],[[639]],[[640]],[[641]],[[642]],[[643]],[[644]],[[645]],[[646,647,648]],[[649]],[[650]],[[651]],[[652]],[[653]],[[654]],[[655]],[[656]],[[657]],[[658]],[[659]],[[660]],[[661]],[[662]],[[663]],[[664]],[[665]],[[666]],[[667]],[[668]],[[669]],[[670]],[[671]],[[672]],[[673]],[[674]],[[675]],[[676]],[[677]],[[678]],[[679]],[[680]],[[681]],[[682]],[[683]],[[684]],[[685]],[[686]],[[687]],[[688]],[[689]],[[690]],[[691]],[[692]],[[693]],[[694]],[[695]],[[696]],[[697]],[[698]],[[699]],[[700,701]],[[702]],[[703]],[[704]],[[705]],[[706]],[[707]],[[708]],[[709]],[[710]],[[711]],[[712]],[[713]],[[714]],[[715]],[[716]],[[717]],[[718]],[[719]],[[720]],[[721]],[[722]],[[723]],[[724]],[[725]],[[726]],[[727]],[[728]],[[729]],[[730]],[[731]],[[732]],[[733]],[[734]],[[735]],[[736]],[[737]],[[738]],[[739]],[[740]],[[741]],[[742]],[[743]],[[744]],[[745]],[[746]],[[747,748]],[[749]],[[750]],[[751]],[[752]],[[753]],[[754]],[[755]],[[756]],[[757]],[[758,759]],[[760,761]],[[762,763]],[[764,765]],[[766,767]],[[768,769,770,771,772,773]],[[774,775],[776],[777]],[[778]],[[779]],[[780,781],[782],[783],[784],[785],[786],[787],[788],[789],[790],[791],[792],[793],[794],[795],[796],[797],[798],[799],[800],[801],[802],[803],[804],[805],[806],[807],[808],[809],[810],[811],[812],[813],[814],[815],[816],[817],[818],[819],[820],[821],[822],[823],[824],[825],[826],[827],[828],[829],[830],[831],[832],[833],[834],[835],[836],[837],[838],[839],[840],[841],[842],[843],[844],[845],[846],[847],[848],[849],[850],[851],[852],[853],[854],[855],[856],[857],[858],[859],[860],[861],[862],[863],[864],[865],[866],[867],[868],[869],[870],[871],[872],[873],[874],[875],[876],[877],[878],[879],[880],[881],[882],[883],[884],[885],[886],[887],[888],[889],[890],[891],[892],[893],[894],[895],[896],[897],[898],[899],[900],[901],[902],[903],[904],[905],[906],[907],[908],[909],[910],[911],[912],[913],[914],[915],[916],[917],[918],[919],[920],[921],[922],[923],[924],[925],[926],[927],[928],[929],[930],[931],[932],[933],[934],[935],[936],[937],[938],[939],[940],[941],[942],[943],[944],[945],[946],[947],[948],[949],[950],[951],[952],[953],[954],[955],[956],[957],[958],[959],[960],[961],[962],[963],[964],[965],[966],[967],[968],[969],[970],[971],[972],[973],[974],[975],[976],[977],[978],[979],[980],[981],[982],[983],[984],[985],[986],[987],[988],[989],[990],[991],[992],[993],[994],[995],[996],[997],[998],[999],[1000],[1001],[1002],[1003],[1004],[1005],[1006],[1007],[1008],[1009],[1010],[1011],[1012],[1013],[1014],[1015],[1016],[1017],[1018],[1019],[1020],[1021],[1022],[1023],[1024],[1025],[1026],[1027],[1028],[1029],[1030]],[[1031,1032]],[[1033,1034],[1035],[1036],[1037],[1038],[1039],[1040],[1041],[1042],[1043],[1044],[1045],[1046],[1047],[1048],[1049],[1050],[1051],[1052],[1053],[1054],[1055],[1056],[1057],[1058],[1059],[1060],[1061],[1062],[1063],[1064],[1065],[1066],[1067],[1068],[1069],[1070],[1071],[1072],[1073],[1074],[1075],[1076],[1077],[1078],[1079],[1080],[1081],[1082],[1083],[1084],[1085],[1086],[1087],[1088]],[[1089]],[[1090]],[[1091]],[[1092]],[[1093]],[[1094]],[[1095]],[[1096]],[[1097]],[[1098]],[[1099]],[[1100]],[[1101]],[[1102]],[[1103]],[[1104]],[[1105]],[[1106]],[[1107]],[[1108]],[[1109]],[[1110]],[[1111]],[[1112]],[[1113]],[[1114]],[[1115]],[[1116]],[[1117]],[[1118]],[[1119]],[[1120]],[[1121]],[[1122]],[[1123,1124]],[[1125,1126]],[[1127,1128]],[[1129,1130,1131,1132],[1133],[1134],[1135],[1136],[1137]],[[1138]],[[1139,1140]],[[1141,1142,1143,1144,1145,1146]],[[1147]],[[1148]],[[1149]],[[1150,1151]],[[1152]],[[1153,1154]],[[1155]],[[1156]],[[1157]],[[1158]],[[1159]],[[1160]],[[1161]],[[1162]],[[1163]],[[1164]],[[1165]],[[1166,1167,1168,1169]],[[1170]],[[1171]],[[1172]],[[1173]],[[1174]],[[1175]],[[1176]],[[1177]],[[1178]],[[1179]],[[1180]],[[1181]],[[1182]],[[1183]],[[1184]],[[1185]],[[1186]],[[1187]],[[1188]],[[1189]],[[1190]],[[1191]],[[1192]],[[1193]],[[1194]],[[1195]],[[1196]],[[1197]],[[1198]],[[1199]],[[1200]],[[1201]],[[1202]],[[1203]],[[1204]],[[1205]],[[1206]],[[1207]],[[1208]],[[1209]],[[1210]],[[1211]],[[1212]],[[1213]],[[1214]],[[1215]],[[1216]],[[1217]],[[1218]],[[1219]],[[1220]],[[1221]],[[1222]],[[1223]],[[1224]],[[1225]],[[1226]],[[1227]],[[1228]],[[1229]],[[1230]],[[1231]],[[1232]],[[1233]],[[1234]],[[1235]],[[1236]],[[1237]],[[1238]],[[1239]],[[1240]],[[1241]],[[1242]],[[1243]],[[1244]],[[1245]],[[1246]],[[1247]],[[1248]],[[1249]],[[1250]],[[1251]],[[1252]],[[1253]],[[1254]],[[1255]],[[1256]],[[1257]],[[1258]],[[1259]],[[1260]],[[1261]],[[1262]],[[1263]],[[1264]],[[1265]],[[1266]],[[1267]],[[1268]],[[1269]],[[1270]],[[1271]],[[1272]],[[1273]],[[1274]],[[1275]],[[1276]],[[1277]],[[1278]],[[1279]],[[1280]],[[1281]],[[1282]],[[1283]],[[1284]],[[1285]],[[1286]],[[1287]],[[1288]],[[1289]],[[1290]],[[1291]],[[1292]],[[1293]],[[1294]],[[1295]],[[1296]],[[1297]],[[1298]],[[1299]],[[1300]],[[1301]],[[1302]],[[1303]],[[1304]],[[1305]],[[1306]],[[1307]],[[1308]],[[1309]],[[1310]],[[1311]],[[1312]],[[1313]],[[1314]],[[1315]],[[1316]],[[1317]],[[1318]],[[1319]],[[1320]],[[1321]],[[1322]],[[1323]],[[1324]],[[1325]],[[1326]],[[1327]],[[1328]],[[1329]],[[1330]],[[1331]],[[1332]],[[1333]],[[1334]],[[1335]],[[1336]],[[1337]],[[1338]],[[1339]],[[1340]],[[1341]],[[1342]],[[1343]],[[1344]],[[1345]],[[1346]],[[1347]],[[1348]],[[1349]],[[1350]],[[1351]],[[1352]],[[1353]],[[1354]],[[1355]],[[1356]],[[1357]],[[1358]],[[1359]],[[1360]],[[1361]],[[1362]],[[1363]],[[1364]],[[1365]],[[1366]],[[1367]],[[1368]],[[1369]],[[1370]],[[1371]],[[1372]],[[1373]],[[1374]],[[1375]],[[1376]],[[1377]],[[1378]],[[1379]],[[1380]],[[1381]],[[1382]],[[1383]],[[1384]],[[1385]],[[1386]],[[1387]],[[1388]],[[1389]],[[1390]],[[1391]],[[1392]],[[1393]],[[1394]],[[1395]],[[1396]],[[1397]],[[1398]],[[1399]],[[1400]],[[1401]],[[1402]],[[1403]],[[1404]],[[1405]],[[1406]],[[1407]],[[1408]],[[1409]],[[1410]],[[1411]],[[1412]],[[1413]],[[1414]],[[1415]],[[1416]],[[1417]],[[1418]],[[1419]],[[1420]],[[1421]],[[1422]],[[1423]],[[1424]],[[1425]],[[1426]],[[1427]],[[1428]],[[1429]],[[1430]],[[1431]],[[1432]],[[1433]],[[1434]],[[1435]],[[1436]],[[1437]],[[1438]],[[1439]],[[1440]],[[1441]],[[1442]],[[1443]],[[1444]],[[1445]],[[1446]],[[1447]],[[1448]],[[1449]],[[1450]],[[1451]],[[1452]],[[1453]],[[1454]],[[1455]],[[1456]],[[1457]],[[1458]],[[1459]],[[1460]],[[1461]],[[1462]],[[1463]],[[1464]],[[1465]],[[1466]],[[1467]],[[1468]],[[1469]],[[1470]],[[1471]],[[1472]],[[1473]],[[1474]],[[1475]],[[1476]],[[1477]],[[1478]],[[1479]],[[1480]],[[1481]],[[1482]],[[1483]],[[1484]],[[1485]],[[1486]],[[1487]],[[1488]],[[1489]],[[1490]],[[1491]],[[1492]],[[1493]],[[1494]],[[1495]],[[1496]],[[1497]],[[1498]],[[1499]],[[1500]],[[1501]],[[1502]],[[1503]],[[1504]],[[1505]],[[1506]],[[1507]],[[1508]],[[1509]],[[1510]],[[1511]],[[1512]],[[1513]],[[1514]],[[1515]],[[1516]],[[1517]],[[1518]],[[1519]],[[1520]],[[1521]],[[1522]],[[1523]],[[1524]],[[1525]],[[1526]],[[1527]],[[1528]],[[1529]],[[1530]],[[1531]],[[1532]],[[1533]],[[1534]],[[1535]],[[1536]],[[1537]],[[1538]],[[1539]],[[1540]],[[1541]],[[1542]],[[1543]],[[1544]],[[1545]],[[1546]],[[1547]],[[1548]],[[1549]],[[1550]],[[1551]],[[1552]],[[1553]],[[1554]],[[1555]],[[1556]],[[1557]],[[1558]],[[1559]],[[1560]],[[1561]],[[1562]],[[1563]],[[1564]],[[1565]],[[1566]],[[1567]],[[1568]],[[1569]],[[1570]],[[1571]],[[1572]],[[1573]],[[1574]],[[1575]],[[1576]],[[1577]],[[1578]],[[1579]],[[1580]],[[1581]],[[1582]],[[1583]],[[1584]],[[1585]],[[1586]],[[1587]],[[1588]],[[1589]],[[1590]],[[1591]],[[1592]],[[1593]],[[1594]],[[1595]],[[1596]],[[1597]],[[1598]],[[1599]],[[1600]],[[1601]],[[1602]],[[1603]],[[1604]],[[1605]],[[1606]],[[1607]],[[1608]],[[1609]],[[1610]],[[1611]],[[1612]],[[1613]],[[1614]],[[1615]],[[1616]],[[1617]],[[1618]],[[1619]],[[1620]],[[1621]],[[1622]],[[1623]],[[1624]],[[1625,1626]]],"properties":{"OBJECTID":1,"DM":0,"Shape_Leng":98946518.281,"Shape_Area":1551080486760}},{"type":"MultiPolygon","arcs":[[[1627]],[[-1,1628]],[[1629]],[[1630]],[[1631,1632,-5,1633]],[[1634]],[[1635]],[[1636]],[[1637]],[[1638]],[[1639]],[[-7,1640,-3,1641,1642,1643,1644,1645,1646,1647]],[[1648]],[[1649]],[[1650]],[[1651]],[[1652]],[[1653]],[[1654]],[[1655]],[[1656]],[[1657]],[[1658]],[[1659]],[[1660]],[[1661]],[[1662]],[[1663]],[[1664]],[[1665]],[[1666]],[[1667]],[[1668]],[[1669]],[[1670]],[[1671]],[[1672]],[[1673]],[[1674]],[[1675]],[[1676]],[[1677]],[[1678]],[[1679]],[[1680]],[[1681]],[[1682]],[[1683]],[[1684]],[[1685]],[[1686]],[[1687]],[[1688]],[[1689]],[[1690]],[[1691]],[[1692]],[[1693]],[[1694]],[[1695]],[[1696]],[[1697]],[[1698]],[[1699]],[[1700]],[[1701]],[[1702]],[[1703]],[[1704]],[[1705]],[[1706]],[[1707]],[[1708]],[[1709]],[[1710]],[[1711]],[[1712]],[[1713]],[[1714]],[[1715]],[[1716]],[[1717]],[[1718]],[[1719]],[[1720]],[[1721]],[[1722]],[[1723]],[[1724]],[[1725]],[[1726]],[[1727]],[[1728]],[[1729]],[[1730]],[[-11,1731]],[[1732]],[[1733]],[[1734]],[[1735]],[[1736]],[[1737]],[[1738]],[[1739]],[[1740]],[[1741]],[[1742]],[[1743]],[[1744]],[[1745]],[[1746]],[[1747]],[[-41,1748]],[[1749]],[[-18,1750,-39,1751]],[[1752,1753]],[[1754,1755]],[[1756,-43]],[[1757,1758]],[[1759,1760]],[[1761,1762]],[[1763]],[[1764]],[[1765]],[[1766,1767]],[[1768]],[[1769]],[[1770]],[[1771]],[[1772,1773,1774,1775]],[[1776]],[[1777]],[[1778]],[[1779]],[[1780]],[[1781]],[[1782]],[[1783]],[[1784]],[[1785]],[[1786]],[[1787]],[[1788]],[[1789]],[[1790]],[[1791]],[[1792]],[[1793]],[[1794]],[[1795]],[[1796]],[[1797]],[[1798]],[[1799]],[[1800]],[[1801]],[[1802]],[[1803]],[[1804]],[[-95,1805]],[[1806]],[[1807]],[[1808]],[[1809]],[[1810]],[[1811]],[[1812]],[[1813]],[[1814]],[[1815]],[[1816]],[[1817]],[[1818]],[[1819]],[[1820]],[[1821]],[[1822]],[[1823]],[[1824]],[[1825]],[[1826]],[[1827]],[[1828]],[[-106,1829]],[[1830]],[[1831]],[[-104,1832]],[[1833]],[[1834]],[[1835]],[[1836]],[[1837]],[[1838]],[[1839]],[[1840]],[[1841]],[[1842]],[[1843]],[[1844]],[[1845]],[[1846]],[[1847]],[[1848]],[[1849]],[[1850]],[[1851]],[[1852]],[[1853]],[[1854]],[[1855]],[[1856]],[[1857]],[[1858]],[[1859]],[[1860]],[[1861]],[[1862]],[[1863]],[[1864]],[[1865]],[[1866]],[[1867]],[[1868]],[[1869]],[[1870]],[[1871]],[[1872]],[[1873]],[[1874]],[[1875,1876]],[[1877]],[[1878]],[[1879]],[[1880]],[[1881]],[[1882]],[[1883]],[[1884]],[[1885]],[[1886]],[[1887]],[[1888]],[[1889]],[[1890]],[[1891]],[[1892]],[[1893]],[[1894]],[[1895]],[[1896]],[[1897]],[[1898]],[[1899]],[[1900]],[[1901]],[[1902]],[[1903]],[[1904]],[[1905]],[[1906]],[[1907]],[[1908]],[[1909]],[[1910]],[[1911]],[[1912]],[[1913]],[[1914]],[[1915]],[[1916]],[[1917]],[[1918]],[[1919]],[[1920]],[[1921]],[[1922]],[[1923]],[[1924]],[[1925]],[[1926]],[[1927]],[[1928,1929]],[[1930]],[[1931]],[[1932]],[[1933]],[[1934]],[[1935]],[[1936]],[[1937]],[[1938]],[[1939]],[[1940]],[[1941]],[[1942]],[[1943]],[[1944]],[[1945]],[[1946]],[[1947]],[[1948]],[[1949]],[[1950]],[[1951]],[[1952]],[[1953]],[[1954]],[[1955]],[[1956]],[[1957]],[[1958]],[[1959]],[[1960]],[[1961]],[[1962]],[[1963]],[[1964]],[[1965]],[[1966]],[[1967]],[[1968]],[[1969]],[[1970]],[[1971]],[[1972]],[[1973]],[[1974]],[[1975]],[[1976]],[[1977]],[[1978]],[[1979]],[[1980]],[[1981]],[[1982]],[[1983]],[[1984]],[[1985]],[[1986]],[[1987]],[[1988]],[[1989]],[[1990]],[[1991]],[[1992]],[[1993]],[[1994]],[[1995]],[[1996]],[[1997]],[[1998]],[[1999]],[[2000]],[[2001]],[[2002]],[[2003]],[[2004]],[[2005]],[[2006]],[[2007]],[[2008]],[[2009]],[[2010]],[[2011]],[[2012]],[[2013]],[[2014]],[[2015]],[[2016]],[[2017]],[[-204,2018]],[[2019]],[[2020]],[[-206,2021]],[[2022]],[[2023]],[[2024]],[[2025]],[[2026]],[[2027]],[[-181,2028]],[[2029]],[[2030]],[[2031]],[[2032]],[[2033]],[[2034]],[[2035]],[[2036]],[[2037]],[[2038]],[[2039]],[[2040]],[[2041]],[[-212,2042]],[[-487,2043]],[[2044]],[[2045,-210,2046,-188,2047,-112,2048,-9,2049,-45,2050,2051,2052,2053,2054,2055,2056,2057,2058,-489],[2059],[2060],[2061]],[[-496]],[[2062]],[[-261,2063,-259,2064,-257,2065,2066,2067]],[[-263,2068]],[[2069]],[[2070]],[[2071]],[[2072,2073]],[[2074,2075]],[[2076,2077,2078,2079]],[[2080]],[[2081]],[[2082]],[[-266]],[[2083]],[[2084]],[[2085]],[[2086]],[[2087]],[[2088]],[[2089]],[[2090]],[[2091]],[[2092,2093]],[[2094]],[[2095]],[[2096,2097]],[[2098]],[[2099]],[[2100]],[[2101]],[[2102]],[[2103]],[[2104]],[[2105]],[[2106]],[[2107]],[[-270,2108]],[[-294,2109]],[[2110]],[[-290,2111]],[[2112]],[[2113]],[[2114]],[[2115]],[[2116]],[[2117]],[[2118]],[[2119]],[[2120]],[[2121]],[[2122]],[[2123]],[[-301,2124]],[[2125],[-292]],[[2126,-494],[2127],[2128]],[[-492]],[[-495]],[[-498]],[[2129]],[[2130]],[[-358,2131]],[[2132]],[[2133]],[[2134]],[[-363,2135]],[[-360,2136,-365,2137]],[[-376,2138]],[[2139]],[[-374,2140,-369,2141]],[[-372,2142]],[[2143]],[[-390,2144]],[[2145]],[[2146]],[[2147]],[[-388,2148]],[[-386,2149]],[[2150]],[[2151]],[[2152]],[[2153]],[[2154]],[[2155]],[[2156]],[[2157]],[[2158]],[[2159]],[[2160]],[[2161]],[[2162]],[[2163]],[[2164]],[[-378,2165,-384,2166]],[[2167]],[[2168]],[[-382,2169]],[[-380,2170]],[[2171]],[[2172]],[[2173]],[[2174]],[[2175]],[[2176],[2177]],[[-393,2178,-471,2179]],[[-399,2180]],[[-397,2181]],[[2182],[-362]],[[-502]],[[2183,-481]],[[2184,-367,2185,-333,2186,-323,2187,-321,2188,-296,2189,2190,2191,-255,2192,-252,2193,-485],[-313]],[[-501]],[[2194,-455,2195,-451,2196,-453,2197,-457,2198,-460,2199,-473]],[[2200,-483]],[[2201]],[[-623]],[[-622]],[[-554,2202]],[[2203]],[[2204]],[[2205]],[[2206]],[[2207]],[[2208]],[[2209]],[[2210]],[[-602,2211]],[[-600,2212]],[[2213]],[[2214]],[[-582,2215,-616,2216,-575,2217]],[[-621]],[[-598,2218]],[[2219,2220]],[[2221,2222,-625,2223]],[[2224,-647,2225]],[[2226]],[[2227,-771,2228]],[[-1136]],[[2229]],[[2230]],[[2231]],[[2232]],[[-763,2233]],[[2234]],[[2235]],[[-761,2236,-767,2237]],[[2238]],[[2239]],[[2240]],[[2241]],[[2242]],[[2243]],[[2244]],[[2245]],[[2246]],[[2247]],[[-765,2248]],[[-781,2249,-773,2250,2251],[2252],[2253],[2254],[2255],[2256],[2257],[2258],[2259],[2260],[2261],[2262],[2263],[2264],[2265],[2266],[2267],[2268],[2269],[2270],[2271],[2272],[2273],[2274],[2275],[2276],[2277],[2278],[2279],[2280],[2281],[2282],[2283],[2284],[2285],[2286],[2287],[2288],[2289],[2290],[2291],[2292],[2293],[2294],[2295],[2296],[2297],[2298],[2299],[2300]],[[2301,2302]],[[2303,2304]],[[-759,2305,-701,2306,-769,2307]],[[2308,2309]],[[2310]],[[2311]],[[2312]],[[2313]],[[2314]],[[2315]],[[2316]],[[2317]],[[2318]],[[2319]],[[2320]],[[2321]],[[2322]],[[2323]],[[2324]],[[2325]],[[2326]],[[2327]],[[2328]],[[2329]],[[2330]],[[2331]],[[2332]],[[2333]],[[2334]],[[2335]],[[2336]],[[2337]],[[2338]],[[2339]],[[2340]],[[2341]],[[2342]],[[2343]],[[2344]],[[-1034,2345],[2346],[2347],[2348],[2349],[2350],[2351],[2352],[2353],[2354],[2355],[2356],[2357],[2358],[2359],[2360],[2361],[2362],[2363],[2364],[2365],[2366],[2367],[2368],[2369]],[[2370]],[[2371,2372,-1130,2373],[2374],[-717],[2375],[-537],[-526]],[[-1143,2376]],[[2377,2378,2379,2380,2381,2382,-638,2383,-776,2384,-1032,2385]],[[-1128,2386,-1126,2387,-1124,2388]],[[-1145,2389]],[[2390,-491,2391,-198,2392,-208,2393,2394,2395,-221,2396,-144,2397,-141,2398,-110,2399,-65,2400,-63,2401,-53,2402,-49,2403,2404,2405,-1132,2406,-479],[2407],[2408],[2409],[2410],[-758],[2411],[-356],[-325],[2412],[-265],[2413],[2414],[-101],[-47],[-46]],[[2415,-1140]],[[2416]],[[2417]],[[2418]],[[-1167,2419]],[[2420]],[[-1169,2421]],[[-1147,2422]],[[2423,2424,2425,2426,2427,2428,-250,2429,2430,2431,-320,2432,2433,2434,-748,2435,-1151,2436,-1154,2437],[-293],[-214],[-200],[-209]],[[-1626,2438]]],"properties":{"OBJECTID":2,"DM":1,"Shape_Leng":88036890.4035,"Shape_Area":2007837102150}},{"type":"MultiPolygon","arcs":[[[2439,2440]],[[2441]],[[2442]],[[2443,2444]],[[-1643,2445,2446,2447,-1632,2448]],[[-1645,2449]],[[-1647,2450]],[[2451]],[[2452]],[[2453]],[[2454]],[[2455]],[[2456]],[[2457]],[[2458]],[[2459]],[[-2062]],[[2460]],[[2461]],[[2462]],[[2463]],[[2464]],[[-1755,2465]],[[2466]],[[2467]],[[2468,-1758]],[[2469]],[[2470]],[[2471]],[[2472]],[[-1753,2473]],[[2474,-2052]],[[2475]],[[2476]],[[-2054,2477]],[[2478]],[[2479,-1760]],[[2480]],[[2481]],[[2482]],[[2483]],[[2484]],[[2485]],[[2486]],[[2487]],[[2488]],[[2489]],[[2490]],[[2491]],[[-2056,2492]],[[2493]],[[2494]],[[2495]],[[2496,-1762]],[[2497]],[[2498]],[[2499]],[[2500]],[[2501]],[[2502]],[[2503]],[[2504]],[[2505]],[[2506]],[[2507]],[[2508]],[[2509]],[[2510]],[[2511]],[[2512]],[[2513,2514]],[[2515]],[[2516]],[[2517]],[[2518]],[[2519]],[[2520]],[[2521]],[[2522]],[[2523]],[[2524]],[[2525,2526]],[[-1773,2527]],[[-1775,2528]],[[2529]],[[2530]],[[-1767,2531]],[[-2061]],[[2532]],[[2533]],[[2534]],[[2535]],[[-2058,2536,2537,2538,2539,2540,2541,2542,2543,2544,2545,2546,2547,2548],[2549]],[[-1876,2550]],[[-2060],[2551]],[[2552,-1930,2553,-2395]],[[2554,-2428]],[[-2415]],[[-2414],[2555],[2556]],[[2557]],[[2558,-2079]],[[2559]],[[2560,-2431]],[[2561]],[[2562]],[[2563,2564]],[[2565,2566]],[[2567]],[[2568,-2434],[2569]],[[-2128]],[[-2408]],[[-2409]],[[-2413]],[[2570]],[[2571,2572,2573,2574,2575,-2097,2576,-2093,2577,-2077,2578,-2075,2579,-2073,2580,-2067,2581,-2191],[2582],[2583],[2584],[2585]],[[-2410]],[[-2222,2586]],[[-2376]],[[-2220,2587,-648,-2225,2588]],[[2589]],[[2590]],[[-2411]],[[2591]],[[2592]],[[2593]],[[2594]],[[2595,2596]],[[2597,2598]],[[2599]],[[2600]],[[2601]],[[2602,2603]],[[-2412]],[[2604,2605]],[[2606,2607]],[[2608,2609]],[[2610,2611]],[[2612]],[[-2304,2613]],[[2614]],[[2615]],[[-2302,2616]],[[2617]],[[2618]],[[2619]],[[2620]],[[2621]],[[2622]],[[2623]],[[-2378,-2310,2624]],[[-2380,2625,2626,2627,2628,2629]],[[-2375],[2630]],[[2631,2632,2633,2634,2635,2636,2637,2638,2639,2640,2641,2642,2643,2644,2645,2646,2647,2648,2649,2650,2651,2652,2653,2654,-2382,2655]],[[2656,2657,-2251,-772,-2228,2658,-2372,2659],[2660],[2661],[2662],[2663],[2664],[2665],[2666],[2667],[2668],[2669],[2670],[2671],[2672],[2673],[2674],[2675],[2676],[2677],[2678],[2679],[2680],[2681],[2682],[2683],[2684],[2685],[2686],[2687],[2688],[2689],[2690],[2691],[2692],[2693],[2694],[2695],[2696],[2697],[2698],[2699],[2700],[2701],[2702],[2703],[2704],[2705],[2706],[2707],[2708]],[[2709,2710,2711,-2426,2712,-2405],[2713],[2714],[2715],[2716],[-2202],[2717],[2718],[2719],[2720],[-2130],[2721],[-2126],[2722],[2723],[2724],[2725],[-2100],[2726],[-2071],[2727],[-2099],[2728],[2729],[2730],[-2045],[2731],[2732],[-2183],[2733],[-2177],[-2131],[2734],[-2227]],[[-2424,2735],[2736]]],"properties":{"OBJECTID":3,"DM":2,"Shape_Leng":66143251.7034,"Shape_Area":1735143439910}},{"type":"MultiPolygon","arcs":[[[2737]],[[2738]],[[2739]],[[2740,-2440,2741,-2447]],[[-2444,2742]],[[2743]],[[2744]],[[2745]],[[2746,2747,2748,2749]],[[2750]],[[2751]],[[2752,2753]],[[2754,2755,2756,2757,2758,2759,2760,2761,2762,2763,2764,2765]],[[2766]],[[2767,2768,2769,2770,2771,2772,-2514,2773]],[[2774]],[[2775]],[[2776,-2526]],[[2777]],[[2778]],[[2779]],[[2780]],[[2781]],[[2782]],[[2783]],[[2784]],[[2785]],[[2786]],[[-2550]],[[2787]],[[2788]],[[2789]],[[2790]],[[2791]],[[2792]],[[2793]],[[2794]],[[2795]],[[2796]],[[2797]],[[-2548,2798]],[[2799]],[[-2546,2800]],[[2801]],[[-2544,2802]],[[-2542,2803]],[[2804]],[[-2540,2805]],[[2806,-2538]],[[2807,2808,2809,-2711],[2810],[2811]],[[-2552]],[[-2731]],[[-2729]],[[-2730]],[[-2557]],[[-2556]],[[-2727]],[[-2586]],[[-2728]],[[-2570]],[[-2564,2812]],[[2813]],[[2814]],[[-2575,2815]],[[2816,-2573]],[[-2725]],[[-2726]],[[-2724]],[[-2733]],[[-2723]],[[-2585]],[[-2721],[2817],[2818],[-2562],[2819],[-2560],[2820],[-2568],[2821],[2822],[2823]],[[-2732]],[[-2584]],[[-2722],[-2571],[2824],[2825],[2826],[2827]],[[-2583],[2828]],[[-2720],[2829]],[[-2717],[2830],[2831],[2832]],[[-2718],[2833],[2834]],[[-2719]],[[-2716],[2835]],[[-2598,2836]],[[-2596,2837]],[[2838]],[[2839]],[[2840]],[[2841]],[[2842]],[[2843]],[[2844]],[[2845]],[[2846]],[[2847]],[[2848]],[[2849]],[[2850]],[[2851]],[[2852]],[[2853]],[[2854]],[[2855]],[[2856]],[[2857]],[[2858]],[[2859]],[[2860]],[[2861]],[[2862]],[[2863]],[[2864]],[[2865]],[[2866]],[[2867]],[[2868]],[[2869]],[[2870]],[[2871]],[[2872]],[[2873]],[[2874]],[[2875]],[[2876]],[[2877]],[[2878]],[[2879]],[[2880]],[[2881]],[[2882]],[[2883]],[[2884]],[[2885]],[[2886]],[[-2603,2887]],[[2888]],[[2889]],[[2890]],[[2891]],[[-2631]],[[2892]],[[2893]],[[2894]],[[2895]],[[2896]],[[2897]],[[2898]],[[2899]],[[2900]],[[2901]],[[2902]],[[2903]],[[2904]],[[2905]],[[2906]],[[2907]],[[2908]],[[2909]],[[2910]],[[2911]],[[2912]],[[2913]],[[2914]],[[2915]],[[2916]],[[2917]],[[2918]],[[2919]],[[2920]],[[2921]],[[2922]],[[2923]],[[2924]],[[2925]],[[2926]],[[2927]],[[2928]],[[2929]],[[2930]],[[-2657,2931],[2932],[2933],[2934],[2935],[2936],[2937],[2938],[2939],[2940],[2941],[2942],[2943],[2944],[2945],[2946],[2947],[2948],[2949],[2950],[2951],[2952],[2953],[2954],[2955],[2956],[2957],[2958],[2959],[2960],[2961],[2962],[2963],[2964],[2965],[2966],[2967],[2968],[2969],[2970],[2971],[2972],[2973],[2974],[2975],[2976],[2977],[2978],[2979],[2980],[2981],[2982],[2983],[2984],[2985],[2986],[2987],[2988],[2989],[2990],[2991],[2992],[2993]],[[2994]],[[2995]],[[2996]],[[2997]],[[-2611,2998]],[[2999,-2654]],[[3000]],[[3001]],[[3002]],[[3003]],[[3004]],[[3005]],[[3006]],[[-2652,3007]],[[3008]],[[3009,-2607]],[[-2650,3010]],[[-2605,3011]],[[3012,-2648]],[[-2609,3013]],[[-2646,3014]],[[3015]],[[3016]],[[3017]],[[3018]],[[3019]],[[3020]],[[-2644,3021]],[[3022]],[[3023]],[[-2642,3024]],[[-2640,3025]],[[3026]],[[-2638,3027]],[[3028]],[[-2636,3029]],[[3030,-2627]],[[-2634,3031]],[[3032,-2629]],[[-2632,3033]],[[-2715]],[[-2735]],[[-2714]],[[-2737]]],"properties":{"OBJECTID":4,"DM":3,"Shape_Leng":36135418.1931,"Shape_Area":774910547227}},{"type":"MultiPolygon","arcs":[[[-2747,3034]],[[3035]],[[3036]],[[3037]],[[3038]],[[3039]],[[3040]],[[3041]],[[3042]],[[-2753,3043]],[[3044]],[[3045]],[[3046]],[[3047]],[[3048]],[[-2755,3049]],[[3050]],[[3051]],[[3052]],[[3053]],[[-2757,3054]],[[3055]],[[-2759,3056]],[[3057]],[[3058]],[[-2761,3059]],[[-2763,3060]],[[-2765,3061]],[[-2768,3062]],[[-2770,3063]],[[-2772,3064]],[[3065,-2749,3066,-2809]],[[-2812]],[[-2811]],[[-2824]],[[-2823]],[[-2827]],[[-2821]],[[-2820]],[[-2826]],[[-2822]],[[-2825]],[[-2828]],[[-2819]],[[-2818]],[[-2829]],[[-2833]],[[-2830]],[[-2832]],[[-2831]],[[-2835]],[[-2834]],[[-2836]],[[-2933]]],"properties":{"OBJECTID":5,"DM":4,"Shape_Leng":6818062.48416,"Shape_Area":123637273475}}]}},"arcs":[[[98943,111],[1,16]],[[98944,127],[1,17]],[[98945,144],[23,45],[19,12],[23,37],[18,59],[20,147],[-15,123],[11,36],[26,15],[47,-17],[94,-111],[112,-122]],[[99323,368],[1,-93],[-45,-20],[-44,-56],[-68,-19],[-20,24],[-27,0],[-31,-57],[-30,33],[-43,-41],[-18,-7],[-27,-34],[-28,13]],[[98802,1272],[23,-147],[4,-83],[-10,-80],[-12,-46],[-52,-103],[-42,-35],[-60,-6],[-218,-127],[-101,-57],[-134,-41],[-42,-76],[-41,-26],[-72,-23],[-77,-7],[-119,15],[-28,-8]],[[97821,422],[18,58],[57,29],[65,16],[99,3],[78,18],[45,24],[100,70],[158,60],[101,64],[72,33],[45,37],[69,38],[46,87],[7,154],[-17,129],[-24,52],[30,1],[32,-23]],[[99542,996],[-25,-16],[-39,-6],[-26,-16],[-27,12],[-41,47],[13,90]],[[99397,1107],[29,-38],[22,19],[10,-32],[47,-27],[30,38],[9,-21],[18,7],[-20,-57]],[[83266,15841],[-2,7]],[[83264,15848],[2,-7]],[[83358,15780],[-13,8]],[[83345,15788],[13,39],[7,57],[-15,43],[-23,21],[44,3],[40,61],[18,67],[19,12],[-4,-59],[-12,-11],[-12,-63],[-62,-178]],[[83455,16134],[0,0]],[[83472,16128],[-11,-36],[-15,15],[26,21]],[[83482,16182],[16,43],[23,141],[13,12],[-13,-49],[-18,-108],[-21,-39]],[[83530,16406],[-9,15],[14,38],[-5,-53]],[[82102,17118],[0,0]],[[82152,17137],[-11,-13]],[[82141,17124],[11,13]],[[81871,17255],[0,0]],[[81858,17235],[12,13],[17,-24],[2,-31],[-10,-41],[-28,66],[-10,57],[17,-40]],[[81891,17232],[-14,16],[21,22],[-7,-38]],[[83564,16865],[-9,-93],[-26,48],[36,81],[-1,-36]],[[83515,16935],[0,0]],[[83565,16957],[7,-25],[-27,-22],[-12,29],[32,18]],[[83578,16965],[0,0]],[[81806,17430],[-11,74],[27,-49],[-16,-25]],[[83566,17150],[0,0]],[[83587,17168],[0,0]],[[83580,17214],[0,0]],[[83599,17155],[-13,-153],[-15,4],[-1,35],[13,103],[12,13],[-10,56],[12,2],[2,-60]],[[83587,17236],[0,0]],[[83580,17239],[0,0]],[[81665,18357],[0,0]],[[81595,18476],[0,0]],[[81574,18481],[60,-59],[18,-57],[-18,0],[-6,33],[-66,77],[12,6]],[[83683,18674],[1,111],[-3,344],[7,12],[5,-168],[-3,-28],[-1,-189],[-6,-82]],[[82178,17174],[-12,18],[-33,1],[-29,53],[-33,-10],[-2,28],[-24,15],[-15,-18],[1,38],[-22,7],[10,-49],[16,-23],[11,19],[16,-32],[41,-15],[34,-46],[28,-7]],[[82165,17153],[-4,-5]],[[82161,17148],[-27,-33]],[[82134,17115],[-16,-20]],[[82118,17095],[-14,-5],[6,36],[-24,29],[-7,-26],[-16,27],[-14,-6],[-1,43],[-24,-35],[1,72],[-12,-30],[-1,67],[-51,-20],[-6,50],[18,1],[22,-24],[1,48],[-49,-12],[-26,4],[4,34],[-14,-1],[6,-31],[-25,8],[-4,-36],[31,16],[-1,-40],[-15,15],[-34,-5],[12,19],[-9,49],[-11,-4],[3,-49],[-38,-3],[-10,68],[-16,42],[26,27],[33,-48],[1,31],[29,-18],[12,25],[-7,27],[-13,-23],[-43,8],[7,24],[-25,27],[-6,26],[-26,17],[-42,162],[17,-25],[2,73],[-5,46],[-11,-12],[8,-50],[-12,-24],[-13,170],[-6,153],[-7,52],[100,-115],[150,-36],[40,157],[10,393],[124,151],[68,365],[31,202],[-15,153],[-58,88],[-63,48],[-183,-89],[1,-347],[-28,-172],[-9,-334],[-83,-79],[-126,64],[-4,-52],[-21,78],[-3,-28],[17,-53],[-13,-27],[-20,12],[-12,45],[-8,-37],[-29,62],[-11,-8],[-55,23]],[[81519,18528],[-3,24]],[[81516,18552],[14,-5],[-17,41],[18,19],[17,-30],[45,61],[12,-3],[7,60],[26,47],[11,99],[8,26],[79,103],[37,22],[-9,17],[-63,-35],[-51,-66],[-32,-61],[5,-54],[-14,-28],[-23,-114],[-54,-20],[6,21],[-31,-23]],[[81507,18629],[-19,154],[80,174],[18,267],[-10,242],[11,172],[85,52],[117,-79],[55,-94],[57,1],[43,31],[18,73],[29,36],[83,-5],[208,52],[88,-103],[19,-148],[13,-133],[14,-281],[20,-269],[18,-314],[13,-401],[-36,-265],[-59,-258],[-194,-359]],[[65485,23583],[25,-53],[-26,2],[1,51]],[[65512,23924],[-19,-53],[2,51],[17,2]],[[83243,21465],[65,-244],[6,-43],[-15,27],[-10,68],[-17,18],[-11,64],[-17,17],[10,29],[-11,64]],[[67042,24047],[4,44]],[[67046,24091],[28,0],[-32,-44]],[[67076,24099],[0,0]],[[67086,24120],[0,0]],[[67047,24098],[-5,62]],[[67042,24160],[17,-37],[-12,-25]],[[71768,24040],[-42,-9],[-2,14],[44,-5]],[[71809,24026],[-15,2],[-1,35],[16,-37]],[[71846,24029],[-4,23],[21,0],[-17,-23]],[[71673,24071],[41,-13],[4,-20],[-58,28],[13,5]],[[71820,24074],[22,-4],[-27,-43],[5,47]],[[71925,24077],[0,0]],[[71840,24078],[0,0]],[[71813,24083],[0,0]],[[67033,24214],[-24,143]],[[67009,24357],[28,6],[11,-29],[-15,-120]],[[67006,24376],[-1,5]],[[67005,24381],[1,-5]],[[72016,24088],[-70,-43],[-8,12],[-23,-21],[-45,-8],[-2,16],[38,30],[32,9],[16,-16],[25,28],[37,-7]],[[71800,24100],[-14,16],[16,26],[17,-7],[-19,-35]],[[71792,24128],[0,0]],[[71911,24141],[0,0]],[[72066,24131],[0,0]],[[71981,24152],[0,0]],[[71775,24186],[9,-19],[-12,-27],[-16,46],[19,0]],[[72065,24152],[0,0]],[[71833,24128],[-11,6],[20,58],[11,-37],[-20,-27]],[[72025,24155],[0,0]],[[71798,24166],[-6,30],[17,18],[5,-36],[-16,-12]],[[71782,24204],[-15,14],[29,16],[-14,-30]],[[71816,24234],[0,0]],[[71993,24239],[0,0]],[[67302,24554],[0,0]],[[71586,24334],[0,0]],[[67311,24580],[0,0]],[[72057,24303],[0,0]],[[83082,22140],[7,-59],[26,-156],[53,-203],[67,-227],[-25,42],[2,25],[-13,46],[-19,10],[-5,59],[-12,29],[-10,70],[-18,45],[-39,137],[-21,109],[-30,68],[-16,67],[9,6],[14,-60],[-1,71],[21,16],[10,-95]],[[71601,24330],[0,0]],[[71585,24377],[0,0]],[[72050,24339],[0,0]],[[67475,24609],[-41,-60],[-114,-128],[-170,-199],[-54,-83],[-7,6],[25,72],[66,67],[-5,18],[35,32],[11,41],[48,40],[-3,28],[15,6],[29,57],[26,25],[63,16],[-18,16],[-33,-13],[16,34],[37,7],[11,17],[46,21],[9,40],[42,-12],[-34,-48]],[[71728,24409],[-18,-9],[-34,-77],[-21,30],[29,24],[-12,13],[42,42],[14,-23]],[[71810,24435],[0,0]],[[67422,24695],[33,-32],[-9,-29],[-34,-12],[10,42],[-19,42],[19,-11]],[[71757,24454],[24,-10],[-4,-26],[-32,20],[12,16]],[[72110,24386],[-30,8],[-2,44],[15,2],[17,-54]],[[72131,24436],[-1,-10]],[[72130,24426],[-51,41],[12,7],[40,-38]],[[71655,24566],[-5,-18],[32,-25],[6,-46],[-18,25],[2,-40],[-32,-18],[12,35],[-17,17],[24,3],[-20,32],[-21,-56],[20,-76],[22,31],[12,-6],[-7,-39],[-19,-18],[-6,-48],[-26,-5],[-5,67],[16,0],[-14,29],[-19,-24],[3,43],[-15,-1],[-13,-73],[-5,40],[11,43],[-9,26],[23,39],[-16,17],[-27,-48],[12,-33],[-13,-44],[17,4],[2,-50],[-16,-14],[-32,14],[-34,55],[-7,36],[13,93],[-11,33],[29,-3],[18,25],[28,-11],[59,-1],[5,43],[32,-18],[9,-35]],[[71435,24650],[0,0]],[[71541,24645],[14,-45],[-19,-2],[5,47]],[[72166,24617],[0,0]],[[65771,24975],[0,0]],[[71365,24749],[-6,-36],[28,-84],[19,-30],[23,48],[11,-14],[-7,-91],[-17,-7],[-18,60],[-6,-56],[15,-38],[20,21],[23,-23],[-22,-43],[40,22],[4,-69],[-25,11],[-63,7],[-69,45],[-27,38],[-58,120],[-1,35],[19,-51],[44,0],[18,35],[17,80],[38,20]],[[80793,23220],[0,0]],[[70672,24838],[7,-2]],[[70679,24836],[-7,2]],[[80792,23194],[-4,-1]],[[80788,23193],[4,1]],[[80817,23265],[0,0]],[[67347,25035],[0,0]],[[67001,24404],[-21,126],[140,278],[96,264]],[[67216,25072],[47,-38],[50,-22],[-16,-58],[-17,22],[-34,-26],[-8,-26],[29,21],[20,-26],[0,-34],[-18,-22],[12,-20],[33,3],[7,25],[-17,6],[12,23],[15,-14],[8,-37],[0,-58],[78,-55],[3,-16],[-83,59],[0,-86],[-10,-28],[7,-35],[-7,-25],[-50,10],[-14,-42],[-31,-52],[-10,31],[-15,-26],[17,-21],[-36,-66],[-7,-36],[-69,-81],[-26,-1],[2,42],[-26,-11],[-17,22],[-44,30]],[[83257,15872],[-48,150],[34,232],[66,297],[41,255],[39,332],[-26,327],[-93,190],[-135,106],[-104,-4],[-123,73],[-71,132],[-20,243],[91,179],[133,197],[131,150],[108,183],[28,314],[3,167],[-24,176],[-48,128],[-53,188],[-105,192],[-81,109],[-97,124],[-70,198],[-49,182],[-32,312],[-8,240],[4,223],[-34,155],[-47,164],[-101,49],[-96,29],[-70,72],[-56,333],[-70,496],[-10,197]],[[82264,22962],[64,-38],[56,-113],[8,-162],[-13,-282],[24,-238],[64,-114],[84,-85],[95,38],[94,85],[82,57],[82,-5],[106,82],[81,-334],[12,-26],[86,-331],[-21,-72],[5,-12],[16,47],[9,0],[27,-104],[38,-117],[22,-82],[-197,-145],[-120,-199],[-3,-30],[33,-58],[70,-182],[113,-267],[82,-160],[92,-145],[203,-193],[70,-247],[-18,17],[-43,67],[0,-19],[36,-70],[29,-9],[38,-133],[25,-183],[-12,-47],[4,63],[-18,99],[-3,-74],[7,-41],[-2,-82],[4,-177],[-1,-195],[-6,-71],[15,-14],[-11,-98],[-75,-94],[-179,-137],[-127,-133],[-78,-185],[53,-225],[82,-194],[122,-121],[101,-206],[-20,-39],[-19,-94],[-7,-68],[1,-67],[-8,-37],[-24,-42],[-11,2],[-21,-36],[-9,-74],[-32,-129],[-8,20],[-24,-75],[7,-64],[-14,-80],[-15,-13],[-12,-66],[-1,-63],[14,-65],[-2,-88],[25,-22],[-37,-122],[-24,-10],[-13,-24],[-9,-48],[-21,-17],[6,-23],[-21,-13],[-15,-39]],[[80802,23366],[-2,-36],[-20,-2],[-3,31],[16,22],[9,-15]],[[80780,23383],[0,0]],[[80772,23410],[0,0]],[[80806,23398],[0,0]],[[80790,23417],[0,0]],[[71304,24974],[-32,4],[8,30],[37,29],[-13,-63]],[[80783,23467],[10,-29],[-23,-18],[4,70],[9,-23]],[[80758,23539],[0,0]],[[80726,23619],[0,0]],[[80802,23584],[-7,23],[19,13],[-12,-36]],[[80801,23617],[0,0]],[[80735,23616],[-2,19],[23,8],[-21,-27]],[[80789,23639],[0,-58],[-36,-19],[-21,32],[19,10],[20,35],[18,0]],[[80739,23643],[0,0]],[[80796,23635],[0,0]],[[80751,23654],[0,0]],[[80783,23653],[0,0]],[[80798,23653],[0,0]],[[80766,23683],[0,0]],[[80819,23675],[0,0]],[[80782,23687],[0,0]],[[80813,23690],[0,0]],[[80781,23706],[0,0]],[[80803,23704],[0,0]],[[80792,23717],[0,0]],[[80761,23771],[0,0]],[[80770,23763],[0,0]],[[67322,25361],[25,70],[15,83],[36,69],[50,45],[39,5]],[[67487,25633],[-70,-57],[-36,-62],[-16,-61],[-6,-61],[-37,-31]],[[67553,25597],[-28,-23],[-9,63]],[[67516,25637],[37,-40]],[[80711,23925],[0,0]],[[80690,23944],[0,0]],[[80671,24079],[0,0]],[[80634,24108],[0,0]],[[80650,24110],[0,0]],[[80633,24140],[0,0]],[[80403,24255],[0,0]],[[80385,24261],[-8,-17],[-14,27],[22,-10]],[[80400,24282],[0,0]],[[80384,24297],[0,0]],[[80372,24294],[0,0]],[[80415,24292],[0,0]],[[80365,24325],[0,0]],[[80466,24310],[0,0]],[[80486,24311],[0,0]],[[80586,24295],[0,0]],[[80502,24318],[0,0]],[[80474,24326],[0,0]],[[80359,24344],[0,0]],[[80341,24377],[0,0]],[[80331,24433],[0,0]],[[80336,24446],[0,0]],[[80250,24567],[0,0]],[[80253,24598],[0,0]],[[80245,24613],[0,0]],[[80251,24649],[0,0]],[[80242,24662],[0,0]],[[80119,24870],[0,0]],[[78223,25234],[-56,-25],[-11,30],[-39,49],[10,6],[26,-34],[52,-20],[63,43],[4,-15],[-49,-34]],[[78120,25422],[25,-27],[-30,-87],[-26,-10],[-26,18],[-54,70],[-28,25],[27,9],[43,-8],[15,-18],[32,0],[-34,18],[18,17],[38,-7]],[[79980,25340],[0,0]],[[79979,25363],[0,0]],[[79965,25387],[0,0]],[[74863,26521],[0,0]],[[79783,25615],[0,0]],[[74808,26555],[0,0]],[[74764,26636],[2,8]],[[74766,26644],[32,12],[30,-7],[5,-28],[-17,-10],[-52,25]],[[77618,26129],[-1,-15],[-30,57],[31,-42]],[[74805,26679],[7,-23],[-29,29],[22,-6]],[[74031,26863],[0,0]],[[75433,26696],[0,0]],[[74012,26879],[-62,51],[33,-5],[29,-46]],[[82140,23296],[-70,5],[-25,182],[55,175],[-9,83],[131,526],[21,94],[32,55],[31,91],[8,357],[16,230],[89,178]],[[82419,25272],[24,-115],[60,-245],[34,-153],[27,-108],[-29,102],[-14,-50],[16,1],[13,-62],[-87,-52],[-84,-166],[-185,-586],[-25,-192],[12,-175],[-42,-118],[1,-57]],[[75499,26735],[-55,-27],[32,29],[40,15],[-17,-17]],[[79539,26053],[0,0]],[[79528,26057],[0,0]],[[78952,26194],[-18,-57],[-8,15],[17,58],[9,-16]],[[75699,26815],[0,0]],[[79086,26287],[0,0]],[[79097,26302],[0,0]],[[76485,26960],[64,-11],[-7,-17],[-95,19],[-43,4],[-144,-19],[-5,13],[65,17],[165,-6]],[[74882,27541],[0,2]],[[74882,27543],[0,-2]],[[63508,26985],[-33,-352],[-157,-256],[-235,277],[-137,61],[-118,-189],[-110,-153],[-104,-270],[-121,-342],[-57,-293],[-79,-238],[-72,-255],[-189,-94],[-182,-84],[-249,-90],[-251,3],[-261,-24],[-200,52],[-10,31],[-98,200],[6,114],[15,133],[36,131],[13,320],[88,329],[40,373],[87,239],[440,756],[206,276],[486,406],[330,4],[384,12],[156,-92],[257,-480],[119,-505]],[[61163,25289],[76,-89],[287,71],[91,117],[180,302],[98,110],[105,195],[-14,320],[-124,175],[-201,-52],[-232,-172],[-164,-163],[-111,-185],[-57,-305],[-2,-244],[68,-80]],[[74899,27523],[0,0]],[[74121,26837],[-33,22],[-22,32],[-41,37],[35,-13],[7,12],[-37,19],[-38,38],[-10,47],[-28,-25],[-59,22],[-23,-20],[-45,14],[2,-40],[19,10],[76,-3],[50,-15],[1,-34],[-68,7],[-86,-13],[-84,-36],[-21,-36],[-3,18],[-74,-55],[-61,-30],[-50,-35],[-31,-5],[0,57],[21,8],[-14,47],[20,10],[-38,14],[-9,18],[-48,-15],[-25,-60],[18,-9],[23,15],[18,-54],[-8,-34],[-37,-38],[-30,-48],[-34,-32],[5,-41],[-29,-49],[5,-42],[-21,-25],[-1,35],[-22,2],[-9,-22],[-44,7],[-44,-36]],[[73194,26463],[-22,22]],[[73172,26485],[-7,8]],[[73165,26493],[-114,119],[-151,53],[-149,-117],[-92,-206],[-114,-271],[-74,-234],[-85,-170],[-78,-280],[-70,-307],[-51,-360],[-7,-38]],[[72180,24682],[-39,25],[10,-41],[-12,-42],[18,-28],[-18,-3],[10,-45],[-10,-5],[-18,33],[-13,-25],[-29,26],[14,34],[-31,6],[-3,-47],[-15,49],[-2,-60],[39,-19],[-19,-80],[-24,40],[-13,-2],[41,-77],[-20,-26],[-12,55],[-18,25],[5,-81],[-12,45],[0,52],[-23,7],[-25,47],[9,-59],[22,-30],[12,-36],[14,-112],[-4,-17],[-13,53],[-17,16],[28,-115],[-5,-15],[-14,64],[-23,24],[-20,51],[-11,5],[12,-57],[23,-33],[1,-51],[-39,-49],[-11,40],[32,37],[-28,19],[-5,-38],[-16,-15],[-6,-32],[-15,17],[-23,-45],[-9,51],[-33,-14],[5,43],[23,-3],[21,20],[-17,23],[-30,-11],[-21,19],[-14,44],[-16,-29],[27,-50],[-15,-17],[-24,4],[-3,-42],[-18,3],[-4,42],[-23,6],[-31,42],[26,67],[22,30],[11,-10],[28,29],[-3,-43],[27,27],[1,22],[24,2],[-16,-37],[7,-13],[32,43],[-15,49],[-30,-7],[6,63],[-17,-49],[-9,23],[-29,-19],[3,32],[-19,3],[-23,-25],[2,36],[-18,-10],[1,35],[37,1],[14,37],[-41,-5],[1,31],[-15,52],[-26,10],[-78,-73],[-23,-3],[0,63],[27,-6],[6,29],[-54,32],[-25,-30],[11,-78],[-33,-34],[-25,107],[-18,28],[-54,42],[-6,45],[-15,2],[8,67],[-50,40],[-10,72],[8,61],[-12,12],[-44,-27],[-6,-24],[-35,8],[-6,46],[-63,-4],[-18,18],[14,30],[-6,41],[-19,-22],[-34,0],[-74,-41],[-14,2],[21,32],[-8,93],[-20,104],[-17,16],[-57,-24],[-32,16],[17,15],[14,64],[-4,32],[9,65],[-2,36],[8,38],[27,-16],[15,10],[-20,29],[-51,-44]],[[70915,25541],[11,88],[61,171],[96,217],[148,180],[151,141],[150,183],[147,-111],[156,34],[244,29],[156,236],[136,498],[158,489],[82,9],[235,83],[177,55],[526,61],[156,-53],[277,-162],[109,-144],[42,-146],[10,-218],[-22,-344]],[[57056,27123],[-168,-353],[-230,143],[-40,385],[38,383],[57,172],[57,67],[105,236],[199,-155],[97,-184],[-9,-525],[-106,-169]],[[82192,26949],[-4,5]],[[82188,26954],[4,-5]],[[82168,26976],[-38,42]],[[82130,27018],[12,28],[12,-13],[14,-57]],[[58908,27130],[-63,-13],[-121,46],[-254,88],[-261,94],[26,868],[168,234],[209,246],[138,68],[171,40],[135,9],[69,-41],[72,-33],[23,-484],[-36,-373],[86,-167],[-63,-339],[-76,-114],[-115,-106],[-108,-23]],[[82162,27158],[0,0]],[[82147,27121],[20,26],[1,-101],[14,-52],[-10,-10],[-10,54],[5,25],[-24,-1],[-16,50],[3,28],[-17,52],[4,32],[42,-79],[-12,-24]],[[82073,27197],[-43,10],[24,56],[14,10],[5,-76]],[[82077,27310],[0,0]],[[82108,27276],[-18,17],[-9,61],[14,18],[17,-18],[-12,-30],[8,-48]],[[68463,25406],[-87,10],[-78,-8],[-67,-29],[-75,-49],[-188,-144],[-130,-94],[-156,-121],[-97,-88],[-49,-67],[-22,-50],[-34,-39],[-23,-5],[-3,41],[20,41],[57,89],[34,70],[39,5],[39,28],[32,75],[24,19],[27,-29],[46,-7],[5,47],[26,21],[-10,25],[-27,-30],[-25,-8],[-25,65],[-28,1],[-27,-23],[-108,-51],[-23,-2],[-54,-28],[-21,15],[-7,51],[18,-23],[26,21],[-7,14],[24,43],[25,89],[21,181],[-6,60],[12,66]],[[67561,25588],[57,-64],[63,-138],[111,-140],[69,127],[71,145],[29,163],[-33,250],[-35,163],[-38,156],[-113,96],[-173,20],[-127,37],[-172,72],[-87,-10],[-43,23],[-149,-15],[-98,-22],[-107,29],[-99,271],[10,136],[170,-26],[79,56],[79,-26],[104,14],[-92,325],[-54,56],[-19,106],[-135,66],[7,133],[90,2],[61,65],[27,195],[-58,141],[23,168],[52,40],[-17,120],[-73,96],[-69,141],[139,190],[-41,93],[-77,283],[0,206],[54,88],[104,40],[120,-142],[92,-184],[122,-218],[113,-315],[290,-197],[140,-21],[119,6],[57,-153],[51,-38],[89,-145],[202,-135],[60,-226],[42,-346],[-74,-537],[-7,-263],[23,-195],[-27,-944]],[[67777,27935],[-65,-119],[-64,-106],[-93,6],[-136,192],[-143,-10],[-92,-110],[-46,-110],[19,-161],[53,-158],[76,-141],[49,-226],[-8,-195],[17,-180],[23,-143],[194,-89],[186,-24],[102,-93],[69,-30],[25,59],[8,139],[15,148],[104,218],[-11,211],[-50,311],[-74,363],[-85,176],[-73,72]],[[82111,27593],[-12,-37],[-13,47],[7,18],[18,-28]],[[82079,27593],[-20,-30],[-28,30],[23,7],[24,47],[12,-15],[-11,-39]],[[82049,27614],[-21,-12],[-16,24],[31,-3],[1,19],[30,9],[-25,-37]],[[82099,27732],[0,0]],[[82080,27813],[-18,15],[2,40],[14,-1],[2,-54]],[[82098,27820],[-6,50],[11,-10],[-5,-40]],[[82082,27879],[-18,37],[20,-16],[-2,-21]],[[82053,27907],[-12,-4],[2,35],[10,-31]],[[82086,28176],[0,0]],[[82003,28190],[0,0]],[[82180,28143],[4,-22],[-12,-129],[-18,-86],[-24,-80],[-10,-63],[0,-53],[10,-62],[-19,2],[-11,34],[9,44],[-4,82],[5,32],[-8,86],[-28,70],[14,43],[31,5],[1,31],[32,47],[9,65],[18,5],[1,-51]],[[82128,28302],[-23,-22],[-2,34],[25,-12]],[[82102,28469],[48,-84],[0,-45],[-34,20],[-2,31],[-23,35],[-16,-4],[4,83],[23,-36]],[[82160,28285],[-12,11],[13,59],[-16,96],[24,60],[16,-32],[-1,-76],[-24,-118]],[[82076,28529],[-24,28],[18,6],[6,-34]],[[82161,28606],[0,0]],[[82145,28603],[-20,47],[18,34],[9,-46],[-7,-35]],[[82305,28696],[0,0]],[[82306,28892],[0,0]],[[82181,28971],[0,0]],[[82231,28949],[0,0]],[[82270,28944],[0,0]],[[82137,29017],[-33,-8],[8,38],[25,-30]],[[82304,29412],[-23,24],[38,24],[-15,-48]],[[82383,29712],[15,-19],[-64,6],[2,13],[47,0]],[[82567,30103],[-12,-28],[-18,26],[30,2]],[[54828,29431],[-32,29],[-27,120],[-1,26],[-41,109],[-7,42],[-23,23],[-16,52],[-45,41],[-69,-9],[-29,39],[71,16],[83,147],[41,155],[37,192],[31,204],[-31,177],[-100,147],[-82,156],[-122,195],[-91,9],[-101,-23],[-104,-40],[-96,-26],[-89,-89],[-114,-195],[-101,-243],[-54,-227],[-74,-221],[-77,-216],[-9,-79],[-156,0]],[[53400,29942],[38,326],[4,268],[-15,290],[31,319],[106,146],[108,64],[210,157],[111,126],[144,36],[197,-38],[103,98],[117,-29],[127,18],[129,46],[130,66],[117,121],[89,-161],[106,-244],[109,-292],[-26,-236],[74,-390],[96,-449],[-121,-370],[-335,-173],[-221,-210]],[[82919,31061],[-23,4],[-30,76],[14,6],[30,-50],[9,-36]],[[82763,31112],[59,61]],[[82822,31173],[27,-62],[-10,-67],[-22,1],[-54,67]],[[83011,31150],[0,0]],[[82832,31183],[25,25]],[[82857,31208],[6,-36],[-15,-30],[-16,41]],[[82880,31232],[94,71]],[[82974,31303],[8,-28],[-6,-97],[23,-43],[-2,-85],[-27,9],[-45,98],[-30,31],[-15,44]],[[82989,31314],[77,59]],[[83066,31373],[1,-14],[47,31],[29,-17],[27,6],[31,-10],[26,-80],[-10,-25],[-43,-8],[-8,-38],[-24,-8],[-30,-32],[7,-29],[60,40],[21,47],[17,0],[26,63],[11,-7],[-2,-80],[-15,-62],[-13,-8],[-28,32],[36,-78],[-55,-27],[-69,-75],[-17,-5],[1,32],[16,30],[2,28],[-33,-75],[-33,-45],[-26,15],[7,17],[-8,132],[9,91],[-18,-42],[-20,19],[7,43],[-6,80]],[[83096,31395],[19,15]],[[83115,31410],[-19,-15]],[[83135,31408],[62,-6]],[[83197,31402],[-24,-8],[-38,14]],[[74495,34625],[92,-185],[84,-294],[3,-296],[-76,-392],[-57,-307],[-40,-467],[20,-254],[86,-179],[121,-164],[108,-347],[87,-358],[-11,-494],[-140,-144],[-119,-452],[-198,-226],[-54,102],[-310,82],[-343,-104],[-331,-37],[-260,561],[-48,349],[-343,228],[-119,162],[-58,280],[0,174],[16,89],[24,62],[63,218],[47,63],[88,57],[67,-17],[55,80],[42,88],[32,101],[-1,182],[26,85],[42,36],[31,119],[7,141],[17,212],[42,120],[77,175],[188,257],[87,169],[75,200],[116,182],[129,115],[116,220],[51,193],[93,105],[61,87],[105,169],[142,235],[135,59],[4,-56],[-21,-63],[-19,-241],[-36,-146],[-44,-210],[10,-205],[39,-119]],[[73753,32864],[161,-75],[182,49],[167,132],[60,104],[67,177],[57,321],[36,233],[-48,192],[-69,381],[-118,128],[-170,48],[-119,-80],[-89,-170],[-94,-240],[-82,-206],[-92,-113],[-56,-52],[-83,-153],[-18,-224],[81,-209],[91,-117],[136,-126]],[[42757,32084],[0,0]],[[85998,34966],[0,0]],[[86077,34964],[0,0]],[[86081,34912],[-9,0]],[[86072,34912],[16,77],[-3,30],[15,16],[22,62],[9,-2],[-28,-76],[-22,-107]],[[86118,35114],[0,0]],[[86128,35124],[0,0]],[[86129,35151],[0,0]],[[86141,35123],[1,22],[22,34],[-23,-56]],[[86181,35232],[-14,-36],[-32,-21],[27,55],[19,2]],[[86180,35245],[0,0]],[[86194,35265],[0,0]],[[43078,33268],[-25,-172],[-40,-365],[114,-536],[38,-400],[-40,-199],[-268,-46],[-9,66],[-7,131],[-31,98],[-19,30],[-23,11],[-19,-11],[1,52],[27,16],[31,-36],[9,-54],[29,-90],[13,-59],[11,-10],[16,31],[-17,48],[-5,75],[-14,30],[-49,57],[-6,36],[-29,2],[-34,-41],[-1,-92],[-7,-1],[-14,123],[6,66],[45,25],[3,61],[-14,7],[-12,-34],[-21,15],[11,-41],[-13,-21],[0,60],[-7,36],[-21,38],[-3,37],[22,26],[12,55],[-9,115],[-17,138],[-39,181],[-34,138],[-18,51],[-50,109],[-77,185],[8,97],[116,168],[118,182],[95,154],[42,468],[154,14],[146,-147],[-25,-304],[-31,-312],[-19,-261]],[[86232,35334],[-29,-61],[-9,19],[19,44],[19,-2]],[[86232,35353],[0,0]],[[86241,35388],[0,0]],[[86271,35399],[-20,-28],[-3,38],[23,-10]],[[86271,35432],[0,0]],[[86301,35445],[0,0]],[[86291,35465],[0,0]],[[86299,35477],[0,0]],[[86325,35503],[0,0]],[[86345,35533],[-6,22],[27,16],[-21,-38]],[[86444,35676],[0,-31]],[[86444,35645],[-127,-175],[-2,10],[53,73],[25,47],[32,37],[19,39]],[[70142,37607],[-57,-16],[-192,50],[-283,105],[-213,160],[-143,167],[-83,105],[-71,105],[-163,219],[-63,95],[-16,89],[8,75],[33,49],[78,34],[93,13],[97,22],[125,13],[198,-48],[531,-355],[149,-83],[147,-108],[56,-182],[-3,-96],[-37,-180],[-33,-72],[-75,-104],[-36,-31],[-47,-26]],[[53134,37978],[-34,-526],[80,-428],[150,-406],[119,-302],[81,-321],[174,-188],[244,-139],[279,-123],[108,-50],[75,-99],[43,-270],[115,-304],[201,-426],[10,-134],[11,-219],[-73,-250],[-108,-105],[-106,-97],[-152,-35],[-21,115],[21,142],[62,133],[-13,196],[-2,273],[-64,78],[-256,24],[-176,-15],[-176,6],[-143,-120],[-21,-190],[43,-206],[-65,-221],[-139,181],[-168,76],[-232,99],[-118,138],[-64,267],[-137,72],[-176,103],[-97,109],[-47,176],[163,377],[22,571],[128,344],[6,399],[-90,324],[-109,217],[52,227],[232,40],[118,283],[250,204]],[[86054,34910],[-26,-2],[-18,28]],[[86010,34936],[0,51],[-33,135],[-16,-33],[19,-103]],[[85980,34986],[-75,119],[-33,265],[76,382],[88,264],[62,140],[64,108],[83,67],[68,-57],[93,-101],[43,-196],[-4,-269]],[[86445,35708],[-31,-60],[-18,7],[-16,-34],[-20,32],[-2,-30],[13,-11],[-24,-27],[-51,-78],[-14,22],[-4,-49],[-18,-16],[-13,-38],[-22,-20],[-34,-97],[-44,-76],[-20,-46],[-19,2],[9,-36],[-14,-28],[-23,6],[17,-30],[-38,-148],[-5,-43]],[[87471,36168],[64,-43],[16,-28],[-7,-18],[-44,56],[-42,31],[-40,17],[19,12],[34,-27]],[[87510,36158],[0,0]],[[87493,36171],[0,0]],[[87382,36248],[-8,6]],[[87374,36254],[8,-6]],[[87512,36245],[36,-30],[-5,-13],[-52,17],[-2,24],[23,2]],[[87550,36232],[0,0]],[[87384,36318],[0,0]],[[87613,36246],[0,0]],[[87364,36330],[0,0]],[[87598,36338],[0,0]],[[87645,36335],[0,0]],[[87678,36380],[0,0]],[[87671,36401],[0,0]],[[87731,36487],[0,0]],[[85242,36882],[90,-120],[102,69],[93,-37],[12,-134],[-62,-155],[-185,-110],[-135,38],[-96,-105],[-119,2],[-159,-60],[-78,16],[-66,117],[-160,21],[-99,2],[-91,-32],[-60,-58],[-60,-87],[-30,52],[-40,33],[-77,-58],[-91,-167],[-146,-324],[-36,-86],[-88,-101],[-238,-257],[-424,-464],[-37,112],[114,368],[110,222],[100,199],[181,266],[121,141],[168,178],[252,239],[121,203],[69,98],[76,75],[97,81],[91,90],[176,195],[100,41],[132,31],[210,-72],[5,-235],[14,-95],[143,-132]],[[87739,36471],[-18,-33],[-82,-176],[-44,-105],[-47,-131],[-6,-53],[-19,64],[17,-4],[60,185],[15,5],[33,94],[21,34],[72,150],[13,14],[53,90],[6,-15],[-74,-119]],[[87830,36624],[0,0]],[[87595,36915],[0,0]],[[78011,39277],[-14,-22],[33,93],[-19,-71]],[[87492,37077],[0,0]],[[51923,28970],[-265,-1],[-12,211],[-18,580],[23,200],[-41,696],[-28,391],[-61,229],[-172,239],[-218,143],[-237,148],[-188,82],[-369,-120],[-197,-169],[-162,-169],[-109,-170],[-97,-169],[-211,-35],[-111,171],[-144,-6],[-140,-82],[-178,-128],[-159,-287],[-82,-323],[16,-184],[72,-154],[127,-157],[122,-105],[141,-175],[142,-493],[18,-84],[-466,292],[-371,230]],[[48548,29571],[-2,68],[4,405],[31,788],[130,378],[134,233],[106,448],[44,203],[103,231],[94,226],[-10,156],[-54,276],[-157,206],[-117,218],[-173,420],[-201,296],[-114,404],[-126,395],[-200,296],[-610,310],[-446,279],[-185,411],[-27,354],[122,618],[188,374],[265,403],[215,-12],[267,-109],[240,22],[274,177],[195,204],[142,223],[173,191],[311,-185],[139,-147],[188,-133],[282,35],[107,-113],[127,-70],[248,-10],[127,4],[142,30],[76,-16],[44,-36],[26,-51],[17,-76],[42,-143],[43,-170],[-12,-172],[-40,-225],[-25,-211],[-48,-215],[-54,-212],[38,-306],[134,-282],[132,-181],[23,-257],[-39,-279],[-108,-319],[-80,-250],[-148,-167],[-195,-238],[-110,-289],[-70,-260],[-49,-292],[-34,-217],[-131,-214],[-113,-263],[-68,-252],[91,-162],[148,10],[281,-12],[448,-57],[374,-57],[325,-229],[265,-405],[130,-413],[0,-45],[44,-116],[9,-236],[-56,-168],[-24,-60],[14,-140],[31,-555],[26,-496],[42,-370]],[[87360,36264],[-206,144],[-197,167],[-41,70],[-27,78],[-23,123],[-7,91],[9,86],[31,81],[25,113],[24,196],[24,279],[18,246]],[[86990,37938],[38,-44],[17,-8],[20,-65],[-4,-56],[18,48],[35,24],[18,-35],[25,-14],[45,-5],[25,-39],[-1,-43],[-38,-30],[41,21],[-2,-108],[31,-146],[121,-225],[-34,-5],[-23,-24],[9,-24],[22,12],[20,-13],[-1,24],[25,-2],[82,-85],[-39,-20],[-29,-27],[65,15],[0,-35],[-14,-16],[-44,-19],[8,-13],[-59,-63],[-6,41],[-6,-30],[-20,23],[-8,-43],[30,0],[-9,-30],[-43,-24],[-37,54],[3,-32],[24,-9],[-13,-49],[-53,-12],[-91,120],[-26,3],[-16,34],[4,70],[-23,-43],[-25,46],[10,-44],[-25,38],[-26,59],[-14,71],[-55,58],[-11,-19],[34,-27],[28,-63],[-18,-17],[-8,-45],[-27,-22],[-48,9],[53,-26],[25,13],[18,57],[24,-36],[4,-29],[27,-52],[10,-76],[51,-77],[17,-9],[11,-40],[-8,-33],[1,-70],[16,47],[4,60],[44,-18],[9,-14],[38,6],[58,-49],[-7,-88],[14,-12],[-7,44],[10,69],[27,10],[22,59],[29,0],[24,-43],[-8,-48],[22,42],[-31,59],[14,46],[33,19],[46,-22],[12,-63],[23,-22],[9,-41],[-21,-19],[28,4],[5,-30],[24,-19],[-22,38],[-11,70],[-24,34],[-12,70],[25,22],[52,9],[-8,-15],[23,-27],[7,-54],[17,57],[-23,45],[12,22],[30,-42],[40,-32],[-14,-7],[0,-34],[-35,0],[13,-31],[-14,-16],[33,-34],[-11,29],[33,25],[7,27],[12,-37],[-11,-23],[30,3],[-9,33],[20,22],[30,-23],[17,-32],[-43,-14],[37,-14],[-12,-30],[35,-5],[-18,-41],[-26,-32],[-32,-9],[-15,-21],[5,42],[-10,29],[-21,-137],[-12,20],[-9,-39],[-27,22],[15,-39],[-29,-98],[-18,34],[21,29],[-7,25],[-20,-35],[-14,-2],[11,-61],[-19,-24],[16,-39],[-7,-22],[-71,3],[-1,42],[-15,4],[3,32],[17,23],[-1,36],[-23,-28],[-27,85],[-9,-6],[10,-52],[-12,-131],[4,-38],[-57,12],[5,50],[14,34],[-23,58],[-4,46],[-10,-7],[0,-45],[-27,11],[-35,-17],[-26,-39],[15,-19],[43,32],[15,-22],[-2,-35],[-18,17],[3,-31],[22,-23]],[[86995,37953],[4,18]],[[86999,37971],[-4,-18]],[[59973,40992],[-155,-143],[-148,220],[43,119],[98,167],[196,153],[102,-59],[41,-111],[-51,-163],[-126,-183]],[[88308,38962],[0,0]],[[88276,38975],[0,0]],[[88475,39032],[-15,-21],[-26,18],[0,51],[18,-11],[9,-33],[13,36],[1,-40]],[[88462,39085],[0,0]],[[88428,39105],[0,0]],[[88456,39104],[0,0]],[[87382,39620],[0,0]],[[87005,38000],[35,187],[-14,159],[78,230],[85,299],[34,286],[35,225],[28,200],[6,192]],[[87292,39778],[24,-57],[45,-63],[2,-48],[-38,-76],[-20,-70],[-4,-106],[6,-53],[25,-73],[-4,-58],[26,-58],[4,-68],[17,-9],[6,-38],[-47,-71],[4,-44],[15,20],[49,-28],[31,10],[-113,-235],[-64,-264],[-43,-233],[14,-246],[-3,-65],[-7,-10],[-37,19],[-46,7],[-79,52],[-50,87]],[[311,4763],[73,-97],[2,-214],[-8,-156],[-31,-173],[-65,-182],[-6,-181],[27,-150],[54,-268],[42,-256],[-15,-151],[-29,-127],[-16,-38],[-29,-31],[-63,-84],[-82,-67],[-10,73],[7,107],[7,26],[7,81],[1,89],[7,26],[5,162],[-29,118],[4,17],[-13,51],[-8,63],[3,45],[-29,18],[-11,64],[2,66],[-9,5],[-2,63],[-26,122],[-35,23],[-6,85],[-16,14],[-14,67],[10,18],[-3,77],[15,38],[36,53],[32,72],[54,17],[1,35],[38,95],[2,33],[27,42],[8,31],[25,13],[9,68],[0,61],[-45,121],[102,16]],[[88318,39432],[0,0]],[[88347,39539],[0,0]],[[88296,39579],[0,0]],[[88283,39591],[0,0]],[[88291,39606],[0,0]],[[88306,39625],[0,0]],[[88317,39652],[0,0]],[[88296,39663],[0,0]],[[88307,39682],[-12,42],[21,-27],[-9,-15]],[[88178,39889],[0,0]],[[88283,39848],[0,0]],[[88278,39891],[0,0]],[[88293,39917],[0,0]],[[88257,40014],[0,0]],[[88272,40014],[0,0]],[[88248,40023],[0,0]],[[88068,40127],[0,0]],[[88258,40134],[0,0]],[[88116,40178],[0,0]],[[88247,40142],[0,0]],[[58905,43288],[102,-204],[50,-271],[-29,-213],[-261,-53],[-132,-58],[-109,-81],[-127,-128],[-85,-167],[-82,-6],[-60,100],[-149,114],[-171,-68],[-168,-89],[-98,-150],[-136,-223],[-72,109],[47,232],[65,205],[157,330],[193,262],[137,142],[58,-6],[200,162],[229,130],[213,30],[228,-99]],[[88265,40152],[0,0]],[[88157,40268],[19,-7]],[[88176,40261],[-10,-33],[-9,40]],[[88254,40276],[17,3]],[[88271,40279],[19,-191],[24,-156],[8,-71],[37,-248],[92,-372],[71,-208],[47,-161],[-18,1],[-29,77],[-24,12],[-20,65],[4,36],[-9,61],[-11,22],[-17,-20],[-22,11],[-16,145],[13,-25],[-23,160],[-29,130],[-25,34],[-2,60],[-10,37],[-8,82],[-18,75],[-6,101],[-20,6],[-5,46],[13,5],[-24,52],[-3,71],[14,38],[-25,49],[-3,69],[8,4]],[[53477,41795],[-114,-71],[-192,195],[-111,197],[-158,240],[-45,272],[136,225],[221,3],[102,-247],[17,-160],[53,-236],[103,-164],[-2,-248],[-10,-6]],[[87698,40956],[1,-93],[33,-14]],[[87732,40849],[-26,3],[-14,-29],[2,-38],[12,37],[27,3],[5,21]],[[87738,40846],[164,-71],[98,-148],[24,-203],[65,-99],[58,-48]],[[88147,40277],[3,-67],[14,-25],[22,56],[25,1],[13,-57],[6,18],[5,-102],[8,-29],[-26,-16],[-26,20],[-11,27],[-18,-39],[-14,29],[15,57],[-24,13],[-21,47],[-1,37],[-26,29],[-27,48],[30,-90],[11,-79],[-11,-21],[-42,6],[-9,-40],[45,4],[30,-117],[23,-22],[19,6],[14,-49],[-19,26],[-24,-12],[55,-124],[11,-1],[-6,66],[19,-13],[-16,44],[8,35],[17,-7],[6,-91],[-15,-39],[11,-12],[26,-80],[37,-206],[22,-56],[7,-70],[13,-8],[-4,-37],[32,-57],[-5,-40],[19,-46],[-16,-12],[-50,55],[-21,49],[-1,97],[-45,86],[-15,66],[5,19],[-33,21],[1,53],[8,33],[-25,-16],[-6,50],[-33,5],[-3,-19],[27,-7],[3,-35],[18,-6],[-17,-38],[27,-89],[-12,-46],[-30,40],[-7,-46],[25,16],[22,-32],[17,-58],[-65,25],[-33,27],[-22,45],[-10,44],[-33,13],[-23,45],[-4,27],[-30,45],[-36,0],[-7,24],[-50,-14],[28,-19],[25,-52],[25,-6],[24,-65],[0,-22],[-20,13],[-13,-13],[32,-21],[21,1],[32,-38],[17,-103],[-42,-23],[-17,25],[-15,-10],[-8,31],[-7,-38],[22,-10],[-49,-22],[-24,7],[-43,67],[-5,55],[-7,-22],[-31,34],[-22,63],[-6,-11],[15,-69],[35,-47],[21,-74],[36,-43],[-21,-17],[-44,15],[-59,44],[-33,37],[-39,-6],[-31,63],[-38,49],[-24,-10],[24,-49],[37,-40],[32,-60],[26,8],[11,-25],[37,-33],[-108,-30],[-25,53],[10,-55],[-29,2],[-23,28],[-20,2],[39,-46],[39,-5],[-46,-69],[-13,-32],[-53,-36],[-38,12],[-32,-5],[-28,59],[-4,38],[-36,25],[22,-31],[-22,-33],[-42,22],[-16,43],[5,96],[-18,-2],[-21,96],[9,127],[23,50],[24,75],[-10,58],[-28,43],[1,-28],[-65,108]],[[87291,39790],[-12,94],[-20,237],[-20,149],[2,171],[-1,212],[33,195],[19,143],[-7,222],[-14,159],[-43,118],[-60,10],[-87,-50],[-71,-171],[-105,-268],[-300,-206],[-249,-119],[-107,46],[-120,119],[-105,67],[-128,40],[-35,-2],[-73,7],[-194,116],[-221,163],[-61,118],[-38,88],[-5,351],[7,57]],[[85276,41856],[5,-79],[25,-124],[44,-165],[115,-130],[105,-67],[67,-13],[93,-28],[236,-38],[180,11],[89,-24],[217,48],[159,54],[100,193],[49,37],[68,90],[9,32],[108,108],[12,-22],[16,12],[29,59],[32,9],[-2,-27],[16,-82],[-29,-26],[-5,-31],[35,41],[40,-18],[47,-62],[36,12],[61,-4],[16,6],[-2,-40],[14,3],[33,-48],[16,-41],[33,-6],[34,109],[23,-44],[-8,-77],[15,-64],[0,-37],[-13,-59],[6,-45],[30,-25],[44,-5],[20,-28],[-12,-34],[-23,5],[-10,-28],[71,18],[32,-56],[36,-24],[11,-55],[-30,25],[12,-52],[-18,-30],[36,12],[-2,-49],[-27,-17],[-24,-72],[-30,-27],[2,-54],[9,38],[26,10],[15,23],[7,43],[16,-5],[3,29],[37,12],[18,43],[49,-20]],[[87690,41638],[0,-17]],[[87690,41621],[0,17]],[[87690,41659],[1,21]],[[87691,41680],[-1,-21]],[[87123,41690],[-25,4],[-23,26],[-25,59],[-4,43],[37,10],[85,48],[-10,-30],[8,-25],[-7,-67],[6,-20],[-42,-48]],[[87689,41612],[0,-26]],[[87689,41586],[-15,-54],[-11,17],[-1,-50],[-22,-9],[24,-9],[23,46]],[[87687,41527],[-9,-253],[11,-141]],[[87689,41133],[-12,-32],[-13,2],[-24,56],[0,32],[-16,42],[-66,70],[-7,20],[9,44],[-25,-3],[-20,58],[-10,-10],[21,-61],[-19,0],[-35,70],[-30,32],[23,64],[-16,82],[-32,55],[-45,6],[-14,-17],[-52,-7],[16,-21],[-11,-24],[-16,5],[-39,89],[-34,19],[-45,-2],[-2,93],[18,17],[-19,29],[-6,39],[12,7],[146,223],[41,-66],[25,-70],[13,-6],[6,-37],[30,-81],[47,-82],[38,-15],[26,-48],[64,-60],[56,15],[-20,-17],[6,-21],[31,-10]],[[87703,42092],[-2,-58]],[[87701,42034],[2,58]],[[87797,42356],[-13,-7]],[[87784,42349],[-10,-5]],[[87774,42344],[-8,-4]],[[87766,42340],[-39,-7],[-5,15],[-26,-15],[-13,12],[-10,-44],[-15,16],[-16,-15],[-28,44],[-28,-3],[-19,38],[-12,-17],[21,-36],[23,5],[26,-42],[35,-15],[51,36]],[[87711,42312],[-8,-219]],[[87703,42093],[-24,40],[3,-41],[-26,-1],[-2,57],[-12,18],[-1,-52],[-19,-33],[52,-15],[11,-85],[-24,27],[-21,2],[-9,26],[-42,5],[33,-15],[-11,-44],[7,-13],[67,-49],[-13,-43],[-45,6],[-31,27],[9,-47],[37,9],[0,-24],[-27,-2],[21,-35],[14,38],[45,9]],[[87695,41858],[0,-14]],[[87695,41844],[-1,-18]],[[87694,41826],[-1,-49]],[[87693,41777],[0,-14]],[[87693,41763],[0,-12]],[[87693,41751],[-22,2],[-46,-28],[-25,20],[-21,-29],[-9,46],[-38,42],[-32,50],[-71,150],[-18,30],[-7,39],[-11,-9],[-47,76],[90,134],[192,217],[24,14],[9,-13],[-2,-44],[49,-34],[46,-1],[22,-20],[32,-4],[-11,-33]],[[87825,42500],[-19,5],[-5,54],[29,-48],[-5,-11]],[[88211,42439],[-1,0]],[[88210,42439],[1,0]],[[87454,42745],[0,0]],[[87598,42700],[0,0]],[[88573,42417],[-19,3]],[[88554,42420],[19,-3]],[[88543,42421],[-46,6]],[[88497,42427],[-3,29],[32,-16],[16,8],[1,-27]],[[88289,42665],[0,0]],[[88292,42691],[0,0]],[[88589,42605],[-31,-155],[-63,20],[29,43],[2,-32],[15,-6],[21,40],[-30,20],[-1,32],[34,20],[23,45],[1,-27]],[[88377,42840],[-25,-16],[15,31],[10,-15]],[[88259,42885],[-14,43],[8,16],[6,-59]],[[88611,42778],[-9,3],[8,45],[1,-48]],[[88146,42989],[3,-36],[-16,-18],[5,55],[8,-1]],[[88424,42905],[0,0]],[[88680,42933],[-30,-106],[-17,-37],[-37,-138],[-14,25],[19,29],[14,58],[6,56],[21,11],[12,62],[-4,44],[25,23],[5,-27]],[[88249,43084],[-17,6],[6,34],[11,-40]],[[88688,42981],[0,0]],[[88240,43126],[0,0]],[[88235,43142],[0,0]],[[88256,43153],[0,0]],[[78657,45146],[-78,-2],[-73,68],[-46,90],[-21,178],[78,114],[145,13],[153,-43],[97,-79],[58,-71],[33,-150],[-95,-111],[-251,-7]],[[88106,43191],[-1,63],[10,-32],[-9,-31]],[[88088,43217],[0,0]],[[86892,43626],[20,1],[10,37],[14,-44],[29,35],[0,-95],[28,-35],[19,-1],[24,38],[4,-35],[59,-37],[21,-91],[3,-51],[-15,-40],[11,-21],[35,-5],[-1,-46],[17,-14],[30,-58],[26,-9],[-1,-26],[31,-17],[12,-71],[54,-140],[18,-26],[42,-14],[-3,-40],[17,-20],[45,-11],[4,-46],[-45,-6],[-150,87],[-120,143],[-140,307],[-99,230],[-45,171],[21,18],[16,-19],[9,-49]],[[88144,43244],[-24,23],[2,40],[22,-63]],[[88744,43105],[17,-23],[-49,-73],[-17,-42],[-4,32],[14,17],[26,75],[13,14]],[[88111,43298],[-12,-26],[-22,42],[32,16],[2,-32]],[[88758,43197],[19,-20],[-1,-26],[-17,-10],[-15,52],[14,4]],[[88126,43419],[12,-59],[14,-25],[-13,-39],[-7,46],[-29,35],[-22,-5],[7,43],[38,4]],[[87323,43647],[-25,47],[16,-7],[9,-40]],[[87606,43597],[14,-5],[-4,-36],[-22,40],[12,1]],[[88811,43219],[-24,-34],[-5,40],[29,-6]],[[88887,43297],[-33,-73],[-8,-51],[-31,-11],[-4,-23],[-37,-16],[51,90],[9,27],[23,20],[12,40],[18,-3]],[[88118,43559],[15,-30],[-3,-31],[-26,8],[1,29],[-14,29],[27,-5]],[[88045,43581],[0,0]],[[88104,43580],[0,0]],[[88070,43608],[0,0]],[[87198,43907],[0,0]],[[88118,43585],[0,0]],[[88196,43578],[0,0]],[[88872,43428],[-28,-9],[10,40],[18,-31]],[[86714,44108],[0,0]],[[86684,44170],[0,0]],[[88870,43500],[0,0]],[[88080,43782],[9,-44],[22,-13],[-13,-27],[-2,-42],[-19,1],[-9,30],[-34,-19],[-3,36],[13,4],[-14,33],[39,-5],[-13,24],[24,22]],[[88915,43503],[0,0]],[[87007,44031],[-47,-6],[34,-23],[39,-68],[34,-30],[10,-32],[-4,-71],[-41,-19],[13,-12],[44,13],[35,-21],[-6,-44],[19,30],[29,-40],[45,-22],[35,11],[39,-1],[-4,-27],[25,-49],[22,-1],[9,-49],[-29,-2],[15,-22],[1,-47],[39,-17],[-30,38],[0,29],[20,16],[-5,74],[11,41],[40,-31],[32,-59],[-6,68],[32,-6],[11,-60],[-15,-14],[91,-83],[15,-56],[-18,-18],[-10,46],[-20,-31],[16,-24],[-7,-27],[26,-64],[-1,70],[22,0],[42,-22],[14,-34],[-16,4],[-33,-25],[8,-30],[29,28],[3,-37],[-21,-27],[5,-44],[11,48],[23,34],[-10,21],[24,2],[-6,-36],[16,13],[24,-33],[22,-10],[-10,-32],[13,1],[-1,-34],[15,13],[-4,52],[35,-21],[99,-89],[0,-21],[-41,9],[-2,22],[-30,9],[33,-48],[-1,-22],[20,1],[37,24],[7,-15],[-19,-128],[-18,-1],[0,37],[-15,4],[-3,-44],[-10,27],[-24,19],[5,19],[-39,-2],[-42,54],[-24,-9],[-36,15],[-1,-21],[66,-24],[-15,-34],[30,10],[22,-32],[8,28],[14,-15],[8,-57],[12,6],[-3,-37],[-42,18],[-8,-18],[19,-17],[57,-5],[-37,-46],[24,-57],[-14,-6],[-31,75],[2,-57],[-7,-21],[26,-1],[-14,-17],[27,-13],[13,-54],[-18,-28],[-32,23],[4,35],[-20,-34],[33,-32],[-8,-14],[-29,11],[30,-48],[-26,-7],[29,-11],[-18,-32],[28,-10],[16,16],[-5,-35],[-46,5],[-5,-36],[-27,43],[-24,1],[-33,37],[27,33],[-18,5],[-2,27],[-23,-59],[5,62],[-18,54],[24,15],[26,46],[-18,9],[-8,-28],[-20,-5],[-12,-31],[-31,50],[4,40],[-16,1],[-8,-37],[-55,-1],[-21,82],[10,33],[-26,-27],[-37,50],[8,44],[-22,0],[-7,-39],[-27,55],[15,40],[-29,-40],[-45,32],[-19,74],[32,41],[-32,-2],[-19,-23],[-17,75],[-48,53],[-16,-4],[-15,32],[-3,75],[-14,-17],[-26,26],[-8,31],[-22,146],[-40,42],[-23,5],[-14,43],[-24,-4],[-21,-22],[-21,35],[0,83],[-19,17],[-12,-22],[-19,36],[-27,-31],[-6,38],[-57,-3],[-87,328],[60,35],[41,13],[31,44],[46,1],[22,19],[12,34],[27,12],[25,-43],[-1,-103],[-7,-16]],[[87954,43960],[-11,-4],[1,-66],[49,-27],[-15,-30],[-52,68],[-2,32],[-14,17],[32,22],[12,-12]],[[87923,44012],[0,0]],[[87870,43998],[-26,36],[0,33],[26,-69]],[[87938,44036],[0,0]],[[87902,44050],[-9,-42],[-13,0],[-3,58],[19,5],[6,-21]],[[86758,44648],[-12,-6],[12,-35],[-16,-30],[7,-37],[-29,-43],[-28,38],[26,-77],[-27,-70],[-10,-63],[-2,-60],[9,-63],[-11,-2],[-20,142],[21,184],[99,215],[4,-26],[-26,-30],[3,-37]],[[87757,44419],[0,0]],[[89018,43530],[-41,-121],[-21,-36],[-20,-60],[-33,-65],[-43,-159],[-23,-38],[-26,0],[-9,22],[38,0],[17,45],[-43,-11],[15,48],[22,0],[15,24],[34,118],[-3,30],[28,9],[8,55],[30,20],[16,80],[5,-19],[20,88],[19,59],[9,100],[15,8],[6,47],[35,97],[12,53],[32,90],[-16,-80],[-56,-188],[-18,-148],[-24,-68]],[[87769,44452],[0,0]],[[88128,44577],[-10,-13]],[[88118,44564],[10,13]],[[88137,44590],[-2,-4]],[[88135,44586],[2,4]],[[88110,44553],[-9,-12],[19,-120],[54,-106],[92,-84],[56,49]],[[88322,44280],[-15,-15],[-30,-141],[-45,-50],[-6,-30],[-24,-41],[6,-38],[-17,-48],[-11,41],[9,-110],[-22,-12],[18,37],[-31,34],[2,35],[-13,-3],[-28,71],[61,29],[1,42],[-19,45],[-27,24],[-4,-59],[-52,-109],[20,-6],[13,-35],[-22,-19],[12,-18],[-5,-42],[11,-66],[-31,18],[-16,58],[-30,17],[24,22],[-9,28],[-29,10],[9,27],[-30,-26],[9,-25],[-27,3],[21,55],[-41,25],[13,23],[-19,34],[-12,45],[-45,20],[3,42],[-18,14],[-7,-65],[-32,29],[-3,-38],[-12,55],[-3,52],[-33,77],[-25,90],[18,17],[23,-4],[20,19],[-19,-64],[8,-36],[24,-19],[-14,46],[12,52],[19,-11],[-10,41],[21,35],[3,-32],[17,37],[14,-15],[-8,40],[36,-35],[7,-28],[21,42],[29,-7],[-3,29],[-56,-13],[-22,29],[26,20],[19,-4],[-2,30],[18,20],[-27,9],[-2,-31],[-25,0],[-28,34],[4,-60],[-11,-23],[-8,93],[-11,-47],[1,-49],[-17,59],[0,-53],[-9,-30],[-2,51],[-12,22],[-22,-7],[-2,19],[25,27],[10,-24],[14,21],[7,43],[-17,-1],[-15,54],[11,13],[14,-50],[30,40],[5,-36],[28,-10],[37,52],[10,-37],[-22,-19],[29,-19],[24,15],[23,-35],[3,-28],[29,44],[17,-42],[42,-28],[15,11]],[[88169,44644],[-2,-4]],[[88167,44640],[2,4]],[[89146,44035],[-12,8],[15,100],[8,18],[10,123],[-27,44],[45,22],[-9,-139],[-18,-85],[-12,-91]],[[88187,44689],[-12,-30]],[[88175,44659],[-8,34],[20,-4]],[[87734,44942],[0,0]],[[87710,44964],[0,0]],[[89183,44458],[-21,200],[8,5],[7,-142],[6,-63]],[[87861,45283],[0,0]],[[87994,45264],[9,-20],[-33,4],[-33,-49],[-7,33],[22,21],[-2,23],[38,0],[6,-12]],[[89148,45013],[3,-124],[14,-111],[3,-90],[-8,-12],[-25,259],[-45,86],[35,0],[9,40],[14,-48]],[[87824,45466],[35,-25],[-13,-61],[12,4],[-9,-67],[-12,56],[-27,-29],[0,-56],[-15,56],[15,59],[-20,11],[-3,-27],[-28,6],[27,-31],[-5,-60],[-25,21],[15,-93],[-14,-13],[-35,-72],[-3,27],[18,67],[-10,61],[13,97],[30,64],[9,84],[20,28],[5,-49],[20,-58]],[[87708,45993],[0,0]],[[87837,46093],[0,0]],[[88461,42431],[-139,18],[-79,-7]],[[88243,42442],[-7,29],[-20,-10],[-5,24],[20,25],[2,27],[13,-45],[33,-20],[-10,33],[37,26],[13,22],[-51,-24],[-20,38],[4,27],[20,-11],[2,35],[43,-5],[16,-29],[13,38],[-22,20],[-24,1],[2,48],[26,2],[-18,27],[33,-13],[14,31],[24,-26],[18,4],[-42,43],[-37,3],[24,36],[2,-20],[27,42],[4,-23],[26,-16],[-19,42],[10,12],[-26,38],[-35,-10],[3,22],[35,40],[21,-11],[-15,-15],[9,-20],[16,20],[6,-36],[29,-3],[1,43],[16,-32],[7,55],[-23,-7],[-2,36],[16,-19],[-3,49],[16,36],[10,-57],[9,20],[24,-3],[-17,33],[23,18],[-35,-3],[5,53],[22,-6],[-28,32],[-18,-1],[33,27],[-19,7],[-20,-17],[-17,22],[-2,-26],[-38,-4],[0,17],[34,39],[11,29],[29,-10],[12,22],[35,-15],[14,26],[-11,51],[-16,-24],[-16,27],[-38,18],[-9,20],[-18,-60],[-17,52],[-4,-30],[-36,2],[-30,-32],[-14,10],[4,-47],[-31,-26],[2,24],[-24,-4],[3,-34],[-29,44],[3,42],[11,-37],[39,39],[-23,-6],[10,82],[-15,-1],[-12,-43],[-18,-4],[28,80],[16,27],[-10,26],[21,3],[0,-30],[24,5],[9,42],[26,-12],[-1,28],[55,70],[-27,29],[-28,-27],[9,-30],[-22,-22],[-14,20],[-33,-6],[-24,-25],[10,47],[-12,21],[15,22],[31,-8],[-8,62],[51,21],[13,-16],[-2,35],[37,26],[-28,20],[-38,-48],[4,28],[-29,-4],[-22,-29],[-35,21],[-14,-22],[-9,18],[-24,-8],[7,-39],[-33,1],[-5,43],[9,39],[-4,36],[39,12],[33,25],[5,-14],[54,55],[7,28],[-32,-14],[-7,27],[27,27],[44,13],[-23,12],[-29,-9],[-8,-22],[-21,9],[-9,30],[-10,-51],[11,-27],[-18,-4],[-16,35],[-9,50],[12,15],[21,109],[52,121],[18,23],[-17,31],[5,32],[28,23],[0,31]],[[88343,44298],[43,37],[73,30],[54,127],[10,227],[6,245],[2,245],[51,235],[10,204],[-24,111],[-54,57],[-66,-61],[-54,-105],[-38,-118],[-38,-128],[-19,-106],[19,-56],[-60,-165],[-30,-99],[9,-113],[39,-70],[-24,-37],[-59,-54]],[[88193,44704],[-14,12],[14,65],[-27,59],[-40,63],[18,23],[-1,37],[38,47],[12,-4],[16,35],[40,30],[-10,20],[-30,-26],[-21,-35],[-14,1],[-41,-63],[-1,-36],[-19,-30],[19,-27],[6,-46],[19,-2],[21,-56],[-6,-37],[-35,-39],[9,-49],[-13,-36],[-37,-17],[15,32],[-9,47],[-3,-38],[-18,-27],[-56,84],[-10,-37],[-6,32],[25,36],[-11,33],[-19,-27],[-1,-26],[-32,1],[6,49],[49,21],[5,47],[-30,-33],[-51,-25],[-13,22],[5,35],[21,24],[9,-20],[31,17],[-8,19],[26,-10],[1,27],[-36,-3],[2,22],[30,17],[-1,-20],[26,14],[-33,38],[24,40],[-43,-13],[5,-38],[-30,-47],[-3,-30],[-20,21],[-18,-6],[6,-29],[-21,-31],[5,-34],[-14,8],[-7,47],[21,10],[-7,26],[-22,-5],[-7,-28],[-9,50],[4,36],[17,-8],[4,-31],[10,31],[13,-16],[9,42],[-41,15],[6,31],[-19,19],[-14,-13],[-6,61],[-5,-58],[14,-33],[-21,-20],[-23,23],[3,-45],[19,-10],[-8,-48],[-25,50],[-7,45],[35,53],[5,65],[-27,-7],[14,-50],[-25,19],[4,-40],[-26,-9],[7,-68],[-17,-46],[9,-65],[-15,16],[-4,-44],[-12,28],[12,75],[-6,73],[32,85],[11,67],[27,16],[1,24],[32,47],[-16,-44],[3,-32],[15,7],[39,-50],[-7,-16],[11,-50],[46,-40],[40,55],[29,14],[-7,57],[-21,-47],[-46,-6],[-5,-34],[-15,52],[20,21],[-26,-5],[4,40],[16,20],[-20,4],[4,28],[31,13],[10,-12],[11,32],[-12,15],[88,32],[-27,14],[-6,64],[12,49],[-20,-28],[-2,-76],[-21,29],[-23,-3],[10,96],[-14,37],[-10,-22],[10,-24],[-15,-32],[8,-18],[-14,-76],[-5,74],[-11,-49],[-15,-19],[5,78],[-24,18],[-17,50],[-1,29],[35,-4],[6,-16],[33,64],[11,-13],[21,31],[-5,25],[-16,-22],[8,67],[-17,-12],[-10,44],[50,-25],[-23,43],[16,34],[30,-11],[20,15],[15,-30],[2,26],[-23,39],[-16,-16],[-22,21],[21,1],[8,28],[45,59],[-2,26],[32,18],[-5,-27],[41,29],[-30,13],[1,43],[-25,32],[33,49],[32,33],[30,10],[39,-11],[6,14],[-48,14],[-65,-40],[-42,-79],[27,-39],[-3,-25],[-40,-21],[-1,-40],[-25,-2],[-2,-34],[-23,7],[-11,-28],[-28,-26],[4,40],[26,35],[4,59],[18,31],[-35,-33],[0,-53],[-17,-6],[-9,30],[8,73],[-28,-27],[3,-50],[18,-31],[0,-28],[-19,-53],[-18,23],[4,23],[-21,-4],[5,-28],[19,-17],[-10,-70],[-11,56],[2,-80],[30,-75],[-27,0],[-27,42],[14,32],[-9,112],[-14,34],[6,28],[-33,67],[35,105],[6,33],[30,66],[23,-39],[13,29],[-24,15],[-1,53],[14,20],[17,-6],[2,-37],[15,11],[-29,65],[1,31],[16,26],[25,-2],[-3,-29],[59,19],[-31,14],[-16,34],[18,22],[6,31],[39,-16],[31,6],[31,-19],[27,18],[55,-170],[85,-179],[105,44],[258,25],[77,95],[33,70],[15,-67],[26,-61],[9,-47],[-10,-20],[14,-35],[-23,-119],[13,-71],[0,-83],[11,-46],[34,-35],[38,-72],[0,-30],[21,-39],[-2,-76],[-63,75],[-156,-97],[-41,-85],[-24,-174],[-49,-225],[57,-335],[200,-194],[297,-16],[16,-17],[-35,0],[4,-24],[31,-55],[-7,-36],[-31,18],[-5,19],[-30,0],[-27,32],[2,-31],[30,-16],[30,-36],[-10,-62],[-32,-5],[17,-21],[36,21],[22,-18],[-3,-47],[-38,-77],[-1,-35],[-18,-31],[4,-21],[-22,-39],[-20,-4],[-6,-45],[-12,14],[-2,43],[26,45],[-4,28],[-20,-40],[-49,-39],[-11,-53],[-5,-91],[-18,-28],[-9,-53],[-17,-36],[-37,-16],[-45,-70],[21,-11],[-9,-56],[-12,-7],[-5,-40],[9,-12],[-35,-42],[3,-18],[-30,10],[-5,-70],[12,-12],[-7,-32],[-17,2],[2,-53],[-23,-65],[-18,-2],[16,51],[-9,21],[-29,-86],[30,-18],[-31,-61],[-8,29],[-5,-53],[-23,-23],[-10,-111],[-20,28],[-21,-84],[-21,-29],[-20,-74],[29,-36],[-9,-19],[-24,1],[-9,-24],[-19,-3],[-29,-80],[-4,-40],[-16,0],[-13,-41]],[[88125,46381],[8,-65],[-34,-1],[-8,40],[34,26]],[[88042,46515],[23,-40],[-22,-42],[-12,17],[3,70],[8,-5]],[[89008,46275],[26,-116],[17,-151],[50,-103],[-6,-29],[-17,-10],[-36,45],[7,70],[-9,22],[-25,0],[-3,27],[-52,48],[10,22],[-18,24],[-25,0],[-13,-26],[-29,32],[-19,92],[-20,7],[-15,-19],[-29,40],[6,47],[98,-4],[102,-18]],[[89737,46142],[0,0]],[[78011,39277],[126,195],[22,143],[-14,113],[-65,177],[-63,147],[-87,110],[-69,157],[-118,145],[-362,123],[-283,228],[-324,75],[-131,269],[-33,258],[-81,317],[-137,348],[-268,323],[-190,-118],[-125,-238],[-217,-417],[-152,-200],[-99,-367],[-66,-216],[-64,-202],[-27,-245],[-10,-413],[10,-204],[-3,-245],[77,-471],[-9,-237],[-78,-97],[-82,-39],[-276,14],[-185,13],[-120,32],[-148,22],[-207,65],[-253,110],[-251,142],[-139,197],[-196,207],[-84,163],[-144,69],[-76,-40],[-60,-113],[-127,85],[-121,126],[-89,215],[-27,88],[-39,52],[-42,256],[-54,147],[-93,115],[-99,12],[-72,2],[-72,10],[-42,59],[-41,125],[-97,250],[54,18],[62,-20],[169,16],[155,143],[100,376],[169,113],[248,-87],[238,-11],[269,108],[272,98],[236,-27],[77,134],[-35,216],[-325,40],[-309,-70],[-190,200],[-136,380],[-254,198],[-373,408],[-372,124],[-438,-1],[-593,17],[-428,-78],[-91,36],[-477,136],[-171,144],[-145,45],[-157,25],[-176,16],[-415,331],[-149,-2],[-112,-22],[-79,-27],[-122,-91],[-131,-75],[-82,-98],[-84,-93],[-83,-134],[-81,-58],[-251,-125],[-216,-305],[-230,49],[-338,177],[-51,-41],[-194,-29],[-119,68],[-285,28],[-40,-27],[-20,-306],[-187,-12],[-169,48],[-228,-17],[-221,63],[-153,276],[-206,311],[-132,276],[-104,155],[-236,108],[-74,62],[-90,91],[-84,166],[-172,166],[-191,146],[-203,166],[-266,181],[-53,231],[-141,93],[-226,9],[-278,-203],[-105,-305],[-44,-258],[-67,-165],[-125,-82],[-84,-102],[-62,-98],[-113,-120],[-147,-139],[-283,-186],[-255,-115],[-250,-70],[-10,31],[-206,8],[-174,-103],[-92,54],[-83,103],[-124,185],[-93,182],[-29,109],[6,111],[-7,83],[-34,77],[-151,-25],[-194,-144],[-65,-197],[-130,16],[-121,88],[-111,57],[-132,17],[-107,-81],[-73,-93],[-62,-96],[-86,-32],[-80,42],[-60,130],[-32,86],[-124,162],[-128,99],[-271,80],[-75,0],[-205,371],[-203,182],[-180,95],[-69,59],[-66,22],[-148,7],[-148,18],[-167,34],[-208,37],[-189,138],[-76,113],[-37,114],[-13,189],[-25,206],[131,305],[107,422],[80,216],[100,227],[69,178],[68,58],[65,15],[66,-9],[170,-51],[155,38],[155,91],[52,176],[7,188],[-23,139],[-45,204],[-24,81],[-37,62],[-79,111],[-72,128],[-108,122],[-137,113],[-163,39],[-128,152],[-127,125],[-10,106],[47,142],[47,88],[130,4],[139,21],[126,-10],[168,-35],[125,-13],[156,-3],[164,-29],[172,-21],[115,51],[127,-6],[147,48],[165,-32],[124,45],[107,9],[70,-243],[84,-185],[112,-256],[15,-267],[94,-161],[-19,-225],[-117,-264],[-69,-172],[66,-250],[94,-78],[112,-44],[135,2],[104,-14],[104,-35],[152,88],[25,170],[-20,304],[-20,124],[43,92],[102,114],[190,74],[130,-197],[122,-1],[102,91],[113,66],[104,33],[60,-14],[176,-16],[227,-95],[24,1],[-4,-73],[2,-91],[68,87],[39,65],[141,90],[107,95],[117,267],[71,73],[23,-154],[9,-162],[121,-449],[133,-124],[31,-179],[18,31],[111,115],[146,55],[98,-111],[165,92],[49,110]],[[62792,48120],[21,-17],[23,-54],[131,-43],[14,-74],[-18,-103],[-92,-111],[-95,-50],[-95,25],[-94,-78],[-20,-247],[102,-126],[74,-154],[22,-286],[-26,-221],[-95,-258],[-30,-385],[103,-183],[175,116],[183,79],[153,-26],[145,93],[85,207],[148,314],[287,102],[324,28],[173,47],[223,-69],[208,-119],[39,-488],[-119,-518],[-72,-461],[-4,-334],[42,-174],[121,-328],[153,-273],[127,-263],[192,-174],[141,2],[222,125],[342,332],[192,164],[184,65],[189,-88],[240,-200],[126,-65],[152,113],[65,133],[189,247],[129,384],[70,154],[61,164],[87,119],[85,129],[248,37],[179,-98],[77,-152],[85,-345],[142,-143],[162,-86],[276,-314],[442,-172],[310,-73],[253,82],[409,28],[348,49],[343,94],[346,22],[153,-82],[49,-123],[57,-98],[70,-83],[119,-70],[92,-12],[128,-5],[73,50],[48,88],[41,127],[44,182],[-7,89],[4,117],[-20,158],[4,169],[-16,136],[-33,84],[-64,-9],[-87,-138],[-112,-40],[-259,-9],[-271,-4],[-493,0],[-413,-2],[-167,24],[-130,55],[-82,187],[-66,419],[-64,125],[-88,228],[-43,229],[90,342],[92,301],[40,69],[82,45],[80,38],[84,9],[153,-38]],[[70482,46779],[-23,-15],[-20,-128],[7,-219],[-74,-232],[-12,-217],[11,-65],[59,-267],[103,-56],[139,-14],[95,31],[68,44],[89,73],[251,-12],[370,-69],[561,-262],[315,-174],[419,-234],[323,-127],[347,-139],[640,-158],[286,-73],[323,21],[489,28],[99,375],[-19,192],[-509,78],[-431,139],[-314,99],[-532,222],[-248,102],[-549,236],[-393,443],[-206,268],[-260,76],[-254,2],[-334,-18],[-287,-84],[-228,82]],[[70783,46727],[464,130],[174,14],[266,123],[244,39],[377,-106],[270,-77],[230,-52],[267,-72],[211,-45],[167,-24],[182,-33],[158,-39],[137,-118],[109,-90],[214,-142],[238,-149],[227,-46],[235,-19],[269,-15],[123,-61],[74,-44],[62,-83],[161,-124],[82,-54],[29,-84],[11,-160],[69,-167],[-12,-450],[-15,-296],[-38,-276],[7,-252],[75,-273],[107,-227],[34,-240],[-97,-279],[69,-217],[257,-158],[233,-81],[200,158],[-37,268],[-159,196],[29,211],[94,141],[-1,326],[109,279],[161,136],[167,124],[192,104],[139,-219],[148,-313],[66,-161],[-70,-231],[-209,-125],[-37,-419],[316,-251],[390,-72],[390,-221],[329,359],[251,574],[305,173],[243,-206],[202,-337],[201,-177],[105,-195],[-48,-222],[-72,-207],[58,-208],[38,-214],[-69,-201],[-68,-176],[-62,-123],[-79,-74],[-154,-22],[-127,-65],[-108,-105],[-135,-33],[-142,-23],[-102,-49],[-66,-161],[-20,-195],[28,-211],[160,-150],[124,-193],[20,-177],[23,-143],[68,-80],[104,-18],[126,-6],[269,-7],[178,46],[124,-5],[123,-81],[29,-110],[-47,-94],[-82,-77],[-88,-102],[-110,-121],[-143,-111],[-99,-54],[-67,-7],[-41,82],[-35,40],[-35,26],[-82,-2],[-108,-38],[-115,-27],[-109,-11],[-117,-22],[-61,-117],[7,-135],[28,-113],[77,-98],[116,-60],[43,-307],[-2,-101],[-38,-141],[-78,-121],[-45,-125],[45,-138],[126,-12],[88,1],[60,-9],[98,93],[-1,178],[-14,182],[26,156],[38,62],[45,33],[42,8],[50,-8],[85,2],[51,47],[73,79],[64,60],[63,111],[95,78],[111,67],[131,95],[128,-25],[114,-67],[102,-150],[99,22],[24,45],[3,58],[-20,226],[14,185],[-10,84],[39,94],[103,80],[101,140],[59,466],[39,184],[144,48],[170,-76],[126,52],[147,307],[168,23],[64,75],[306,118],[189,21],[159,106],[115,103],[24,125],[-38,170],[-31,186],[7,274],[14,48],[29,64],[127,197],[334,210],[69,77],[124,248],[93,142],[228,110],[89,70],[181,187],[67,76],[76,158],[53,91],[46,156],[58,139],[86,246],[25,127],[65,252],[52,131],[72,202],[227,296],[143,184],[50,70],[56,97],[66,153],[115,196],[125,240],[68,209],[53,128],[48,97],[58,137],[67,109],[51,165],[70,194],[52,159],[39,80],[63,229],[60,140],[53,87],[89,47],[87,15],[114,6],[81,-30]],[[86310,47451],[-141,-35],[-143,-103],[-32,-490],[106,-194],[0,-164],[-55,-160],[-62,-107],[17,-187],[105,-141],[103,-126],[133,-38],[74,74],[85,121],[112,115],[130,99],[55,17],[100,57],[99,41],[123,14],[46,9],[20,88],[91,142],[34,358],[-111,159],[-463,167],[-60,27],[-19,75],[-41,67]],[[86616,47336],[19,-7],[250,-61],[130,-21],[167,-144],[171,-53],[187,-42],[281,2],[141,-76],[111,-232],[7,-31],[-18,0],[-32,-26],[-22,-76],[-21,14],[1,-33],[23,-9],[15,-40],[-3,-73],[-36,-45],[-36,-26],[-10,-45],[-7,21],[-30,12],[-12,-14],[-12,38],[0,-56],[48,1],[-14,-43],[-29,-34],[-27,34],[6,73],[24,71],[-13,44],[10,42],[-36,-41],[-31,-21],[37,3],[-3,-56],[-32,-106],[25,-48],[-6,-43],[-22,-50],[-13,12],[8,26],[-12,53],[-9,97],[-55,20],[-16,-30],[-36,8],[34,-40],[10,18],[30,-1],[-1,-55],[12,-39],[-49,11],[6,-19],[24,3],[32,-40],[-35,-4],[-4,25],[-37,4],[21,-26],[-28,-17],[-6,29],[-14,-12],[-13,20],[-8,-22],[33,-39],[-8,-24],[28,18],[-25,-73],[1,-25],[-33,18],[2,67],[-31,10],[6,19],[-42,11],[9,-34],[26,-13],[7,-46],[18,-44],[45,-30],[-50,-58],[-2,45],[-24,1],[-23,-27],[-10,22],[30,49],[-2,31],[-27,-56],[-21,3],[4,26],[-26,-3],[-5,30],[-32,12],[-6,39],[-31,18],[-8,-20],[23,-24],[-31,-22],[-7,35],[-3,-48],[13,-20],[17,15],[21,-9],[16,-36],[-21,-37],[8,-42],[-28,-16],[17,-8],[-11,-43],[27,41],[9,42],[-7,34],[44,-1],[-8,-29],[24,-46],[-3,-21],[-31,-35],[30,1],[12,38],[8,-19],[-15,-29],[50,46],[-1,-21],[35,-40],[-9,-16],[-24,7],[17,-25],[-27,6],[-4,-16],[38,-1],[9,-14],[13,41],[-5,-50],[17,-58],[-11,-49],[-11,18],[-5,56],[-16,3],[-8,-29],[-24,-11],[-32,10],[1,31],[-16,12],[0,-42],[39,-62],[13,20],[28,-16],[-8,-24],[38,8],[20,-26],[22,-55],[-35,-22],[7,40],[-26,-44],[-23,28],[-6,-16],[19,-39],[-34,5],[-4,18],[-59,96],[-3,35],[-23,36],[-56,16],[52,-50],[-13,-60],[13,10],[36,-20],[5,-30],[20,-11],[23,-82],[18,1],[6,-49],[22,-3],[-14,-18],[3,-66],[-21,17],[-14,46],[-19,-13],[-17,64],[-16,-12],[-71,30],[21,-19],[2,-39],[32,21],[11,-29],[52,-52],[2,-54],[-24,-35],[-10,56],[-16,8],[-12,-53],[26,18],[-1,-49],[-12,6],[-8,-69],[23,-2],[-2,43],[36,-23],[-7,-57],[-14,-41],[-19,5],[-4,-36],[-38,-27],[23,-87],[22,0],[-2,-159],[18,-71],[-6,-144],[5,-72],[29,-107],[31,-35],[3,-24],[80,-126],[-4,-52],[-41,-92],[-20,11],[-4,39],[-17,-22],[-1,-36],[-14,41],[5,29],[-22,70],[10,80],[-11,40],[-1,-56],[-10,-47],[-12,35],[-25,21],[-22,-25],[4,35],[-41,22],[-15,27],[12,28],[-13,34],[-6,-52],[-11,25],[-26,7],[-6,60],[-23,46],[15,32],[-12,42],[12,49],[-20,3],[4,49],[-3,59],[-18,36],[3,66],[-12,53],[-11,-63],[12,-8],[0,-73],[15,-31],[-1,-139],[-30,4],[29,-45],[-6,-98],[15,-3],[11,-63],[36,-42],[0,-28],[33,-26],[19,-35],[40,-16],[34,-27],[17,-37],[-28,-3],[18,-16],[-1,-33],[16,17],[0,-32],[18,10],[17,-49],[-7,-16],[44,-9],[18,31],[18,-10],[-3,27],[34,-39],[-19,-27],[-5,-68],[15,-70],[32,-88],[31,-65],[-2,-47],[-19,1],[-14,43],[-1,-88],[18,19],[9,-33],[-5,-47],[22,-68],[-46,27],[-2,28],[-52,84],[15,18],[-21,31],[-9,-63],[-19,73],[-1,33],[16,-7],[14,40],[-32,-7],[7,37],[-20,57],[-25,26],[20,-42],[9,-46],[-15,-22],[12,-22],[-29,-7],[16,-51],[-24,11],[-22,38],[2,26],[-25,-2],[27,-47],[-31,-18],[-18,98],[-31,49],[-45,40],[-31,9],[-25,22],[-20,-3],[4,21],[40,20],[17,52],[-21,27],[1,-31],[-20,-32],[-32,23],[-6,-61],[-21,-26],[-2,35],[15,22],[0,70],[-15,23],[-9,-57],[8,-16],[-11,-50],[-32,-17],[5,-28],[-22,13],[-11,46],[-18,9],[1,40],[-25,93],[-6,59],[14,-1],[9,33],[-32,-11],[1,33],[-37,45],[-39,-5],[13,-36],[31,-18],[-2,-53],[-14,-10],[28,-26],[-4,-25],[30,-73],[-61,-2],[-20,30],[-26,8],[6,34],[25,-28],[-15,50],[-16,-5],[-22,51],[-8,-22],[-28,21],[-6,99],[-28,110],[-20,33],[0,67],[-29,-65],[13,-24],[-23,-35],[-20,-10],[-8,-30],[-24,-5],[8,55],[-12,39],[-39,-3],[33,-11],[-11,-48],[-2,-53],[-42,-48],[-48,-27],[-42,50],[-16,75],[2,51],[-7,92],[5,57],[12,39],[18,8],[22,36],[-28,-20],[7,35],[40,-1],[41,42],[40,32],[-14,20],[-63,-73],[-9,9],[18,31],[13,54],[40,-1],[18,18],[15,40],[4,94],[64,56],[42,-24],[-2,21],[-25,9],[16,30],[-3,47],[19,6],[-27,52],[12,52],[-8,65],[5,60],[13,30],[34,13],[0,17],[-48,-25],[-38,64],[-22,1],[41,-64],[8,-37],[-12,-37],[6,-64],[-2,-172],[-17,-42],[-55,-16],[-20,21],[4,-39],[-25,-40],[-26,23],[-14,-5],[48,-70],[3,-32],[-38,4],[-2,-25],[-36,-18],[-16,43],[19,14],[-1,31],[-26,-4],[4,26],[47,178],[-7,188],[-77,161],[-134,81],[-93,-126],[-57,-198],[-155,-55],[-203,26],[-226,125],[-198,-128],[-160,-196],[-93,-260],[-105,-398],[8,-334],[70,-295],[135,-340],[61,-279],[-5,-322],[-22,-76],[-58,-94],[-89,-155],[-95,-177],[-37,-86]],[[85297,42010],[18,111],[-58,119],[-71,187],[-92,122],[-67,163],[-91,122],[88,217],[32,219],[89,229],[-71,129],[26,399],[183,318],[17,156],[-127,1],[-69,143],[-65,87],[-38,-59],[-47,-19],[-101,-12],[-150,-222],[-192,-585],[-64,-204],[-187,-239],[-38,-275],[-116,-240],[-168,-194],[-57,-101],[-62,-195],[-113,-218],[-209,-75],[-117,-165],[-32,-211],[51,-153],[89,-140],[168,-135],[143,-105],[70,-85],[19,-111],[-183,31],[-74,-48],[-184,-87],[-176,-106],[-198,-127],[-120,-122],[-55,-88],[-93,-69],[-91,-151],[-64,-257],[31,-246],[17,-200],[16,-218],[95,-216],[135,-96],[213,-62],[214,-68],[230,-15],[418,-43],[175,5],[161,-101],[56,-216],[4,-255],[-42,-259],[-39,-134],[-95,-27],[-105,85],[-45,212],[-182,124],[-173,-5],[-250,-91],[-14,2],[-227,-173],[-133,-379],[-125,-233],[-50,-92],[-45,-63],[-71,-76],[-50,-40],[-225,-230],[-93,-197],[-77,-129],[-39,-116],[-43,-93],[-10,-100],[-54,-314],[-33,-247],[-22,-238],[-51,-339],[-21,-366],[-7,-304],[33,-675],[8,-348],[-7,-283],[-10,-161],[-100,-395],[-12,-122],[-58,-284],[-57,-212],[-11,-115],[23,-124],[48,-88],[50,-72],[2,-150],[-62,-395],[44,-169],[233,-174],[194,-119],[52,26],[76,240],[46,105],[70,104],[102,106]],[[82758,31107],[-8,-26],[14,-30],[27,1],[24,-37],[34,11],[3,51],[14,13],[44,-127],[23,27],[54,-79],[4,-44],[-29,-53],[-40,-91],[-48,-43],[-41,-47],[-15,25],[44,131],[11,71],[-2,90],[-14,-71],[1,-31],[-33,4],[-16,18],[-34,-5],[10,41],[-13,6],[-17,-76],[12,-9],[27,27],[62,-36],[-42,-75],[-26,-12],[-22,-39],[44,26],[-13,-77],[-24,-53],[-16,-16],[-25,-53],[-19,10],[12,-30],[22,4],[9,-55],[36,15],[9,-8],[-8,-72],[-12,25],[6,-59],[-29,-39],[-46,-27],[-10,41],[12,26],[-4,91],[-50,60],[39,-74],[5,-73],[-12,-24],[-22,15],[14,-30],[-22,-37],[-35,39],[4,61],[-5,43],[-24,34],[3,-47],[15,-4],[-10,-56],[3,-32],[25,-31],[4,-26],[33,-40],[31,-6],[-65,-107],[-13,17],[-23,-4],[-18,19],[-37,3],[-28,58],[-20,78],[-20,8],[8,45],[-19,-42],[22,-23],[21,-82],[-29,14],[-19,72],[-19,8],[-7,31],[-18,-2],[21,-55],[-19,-6],[42,-11],[10,-59],[22,-17],[24,1],[5,-45],[-17,8],[-29,-13],[-20,27],[-19,57],[-21,16],[-22,-17],[13,44],[-9,17],[-36,-55],[-28,31],[3,29],[-15,36],[-18,-1],[24,-51],[-2,-24],[26,-6],[13,-35],[24,51],[10,2],[-19,-53],[24,13],[26,-5],[12,-64],[27,-31],[41,-6],[22,-34],[49,-41],[-30,-99],[-31,-26],[-32,-55],[-20,-17],[-16,59],[-25,26],[14,-47],[-11,-25],[-31,20],[-23,28],[-35,17],[-12,25],[1,39],[-19,20],[-28,-1],[-8,39],[-8,-19],[11,-32],[35,-4],[5,-70],[49,-33],[10,-24],[38,-52],[-7,-35],[-17,-22],[-24,18],[-43,-25],[17,-34],[59,-3],[38,23],[-27,3],[2,19],[49,42],[14,-13],[-4,-31],[7,-106],[-41,-151],[-12,-8],[-9,52],[2,51],[-17,39],[-12,-5],[-34,45],[46,-81],[2,-51],[-19,-42],[-21,9],[0,-21],[-27,-6],[-30,26],[-25,-22],[-2,39],[-13,-10],[0,-36],[-47,-8],[17,-35],[13,34],[30,-20],[18,-38],[31,30],[3,-34],[-33,-40],[-2,-23],[35,18],[27,68],[21,-2],[21,22],[31,-36],[-12,-17],[-14,-54],[-36,-98],[-24,-53],[-25,-78],[-13,16],[-23,71],[-4,41],[-14,-17],[-21,40],[-6,-11],[19,-37],[27,-76],[-2,-24],[26,-51],[-1,-78],[-41,23],[-58,15],[-72,5],[-1,30],[-33,37],[-14,-28],[6,-37],[23,13],[9,-29],[42,-19],[22,9],[15,-22],[-31,-28],[-9,-30],[21,-24],[-1,-40],[15,17],[-15,48],[17,39],[70,-22],[34,-45],[6,-47],[-13,-90],[-20,3],[-22,60],[-8,-8],[29,-69],[-36,-64],[-24,-68],[-21,-34],[-29,8],[-9,40],[9,25],[-6,72],[-15,40],[-32,-63],[-1,-43],[23,-94],[-26,-35],[-33,42],[-4,34],[-23,13],[-8,75],[-29,38],[-7,39],[-65,-31],[23,-11],[41,9],[5,-35],[21,-27],[-1,-82],[-19,18],[14,-40],[27,-26],[6,-40],[-11,-35],[27,-28],[31,-59],[-21,-5],[-14,47],[-27,5],[-8,-15],[23,-17],[26,-40],[2,-40],[31,-4],[-8,-28],[-26,-34],[-10,22],[-3,-40],[-40,40],[-30,-4],[-42,-22],[-11,22],[-33,5],[38,-44],[54,-24],[33,26],[8,-29],[30,-12],[18,29],[26,-6],[7,-36],[-45,-88],[-29,-37],[-2,-34],[30,-61],[-6,-18],[-39,36],[-31,-16],[-1,54],[-11,-34],[7,-28],[21,2],[4,-26],[30,0],[-15,-55],[34,-52],[5,-68],[-11,-2],[1,-51],[-33,-9],[-13,-26],[-71,42],[-6,-17],[29,-17],[0,-28],[28,0],[44,-65],[35,29],[-2,-18],[-40,-26],[9,-12],[33,29],[-5,-58],[38,82],[0,31],[34,3],[-13,-15],[6,-84],[-13,-128],[-2,-68],[15,-100],[-9,-2],[-22,49],[-10,63],[8,44],[-27,21],[-19,-36],[3,-23],[-23,-3],[0,-52],[-24,-30],[-14,44],[-21,-24],[-13,48],[-1,-43],[18,-18],[16,14],[8,-42],[-20,-16],[28,-40],[12,12],[23,-14],[34,6],[-15,26],[-6,75],[-18,5],[-4,26],[22,-16],[30,-62],[-4,-46],[13,-67],[14,-44],[-11,-40]],[[82119,27029],[-25,28]],[[82094,27057],[-4,4]],[[82090,27061],[-107,116],[-71,288],[-127,-82],[-92,-282],[-166,-298],[-179,-121],[-326,-22],[-208,290],[-183,182],[-351,-115],[1,-2],[-96,-260],[-23,-353],[-142,-46],[-95,125],[-102,273],[54,357],[14,130],[-107,35],[-79,14],[-57,-15],[-82,-6],[-65,22],[-97,67],[-82,42],[-44,98],[-60,271],[123,59],[123,43],[190,-44],[-31,-75],[-59,-110],[127,-25],[103,62],[237,300],[296,162],[228,77],[-96,356],[-149,120],[-221,-81],[-187,-12],[-410,-257],[-108,119],[-113,83],[22,267],[-18,147],[-12,160],[-21,248],[-82,521],[-19,205],[-153,391],[-235,120],[-306,-11],[-163,-199],[22,-795],[-2,-532],[145,-633],[107,-153],[-11,-48],[75,-131],[12,-105],[54,-100],[30,-318],[22,-203],[-8,-76],[3,-177],[51,-273],[78,-134],[246,-162],[87,-83],[41,-23],[454,-367],[398,-110],[376,-204],[70,-47],[11,-227],[51,-233],[18,-114],[28,-106],[111,-190],[97,-65],[200,-31],[57,-142],[187,-286],[90,-107],[62,-112],[53,-103],[41,-160],[-16,-205],[7,-225],[-19,-206],[14,-145],[21,-287],[-10,-186],[-41,-82],[-92,25],[-95,225],[-152,209],[-7,-76],[4,-101],[-29,-170],[-109,-249],[-81,-11],[-21,126],[7,237],[22,180],[12,132],[-4,128],[-82,55],[-46,-15]],[[80823,23204],[9,13],[-20,29],[17,26],[-20,103],[11,-10],[8,64],[-27,-4],[2,36],[-14,5],[-3,46],[-18,4],[-1,31],[42,-1],[8,-51],[11,-14],[-13,101],[15,25],[-1,109],[-65,32],[22,16],[-41,45],[-27,64],[5,54],[-31,17],[2,59],[12,6],[-12,33],[6,49],[-20,-13],[-4,33],[-24,38],[0,33],[20,14],[-26,9],[-8,85],[9,26],[-32,-29],[-25,27],[-24,-18],[-60,17],[-5,28],[-54,-2],[-65,-19],[-8,38],[-18,25],[-7,61],[17,11],[-19,16],[4,43],[-39,25],[-34,41],[-25,6],[28,50],[18,-5],[7,26],[-41,-11],[-14,33],[-26,25],[-7,55],[-15,12],[-12,63],[3,24],[-19,-2],[-7,23],[-35,20],[-9,-27],[-16,15],[-34,89],[-12,-6],[-35,65],[-17,-4],[-1,27],[-23,3],[8,48],[-11,5],[5,75],[-8,90],[10,87],[-9,20],[-33,25],[-15,-11],[-36,29],[-20,54],[-12,-1],[-41,33],[-31,102],[-4,41],[-12,15],[3,38],[-33,45],[-21,90],[-43,64],[3,22],[-24,8],[-38,34],[-20,46],[-9,-13],[-27,36],[0,45],[-12,-26],[-45,10],[-33,47],[-55,40],[-8,49],[-15,-8],[-57,68],[4,48],[-15,-31],[-5,43],[-72,-12],[-25,-19],[-37,12],[-21,-33],[-29,-20],[-20,10],[10,48],[-25,8],[-8,43],[-7,-36],[-27,-40],[-12,45],[-27,-6],[-14,-73],[-17,-29],[-13,31],[-36,5],[-15,-22],[-24,-102],[-6,40],[-5,-74],[33,-39],[18,-1],[-10,-32],[-60,31],[-21,2],[-13,36],[-4,-86],[62,1],[14,-21],[34,-8],[9,-43],[-15,-67],[-34,-9],[-46,31],[45,-19],[17,17],[-37,32],[-63,19],[-238,310],[-86,237],[-177,76],[-150,-98],[-62,-283],[37,-531],[56,-179],[-19,-8],[-21,17],[-62,3],[-96,-47],[-67,-24],[36,-1],[-8,-16],[-64,14],[-44,-11],[-30,-30],[-26,72],[-19,91],[-14,93],[-8,97],[6,60],[22,39],[-19,-97],[8,-103],[24,-128],[21,-84],[54,12],[8,72],[-2,89],[4,84],[-21,85],[-17,22],[-11,52],[-24,68],[-35,59],[-58,51],[-42,9],[-34,41],[16,1],[21,-36],[-13,48],[-48,86],[-37,50],[19,97],[26,-28],[-3,-42],[33,-21],[0,-38],[50,-44],[42,18],[-18,11],[18,30],[39,-33],[-3,49],[-23,0],[-28,40],[-4,-42],[-14,-38],[-28,12],[-13,65],[11,33],[-6,36],[-33,4],[11,83],[-24,-37],[-24,6],[26,176],[131,333],[-37,219],[-111,8],[-235,-19],[-212,52],[-98,-39],[-57,-198],[-25,-133],[-169,96],[-78,32],[-81,20],[-64,8],[-42,-2],[-8,37],[40,38],[35,-36],[12,20],[87,-47],[33,0],[12,82],[17,-18],[3,-29],[48,-13],[28,5],[-39,36],[22,28],[24,-20],[24,-48],[65,-45],[26,-3],[15,25],[-16,13],[-3,69],[-37,14],[-3,36],[29,45],[-1,36],[-31,-68],[-25,-3],[-20,57],[9,41],[-23,-47],[-21,-5],[-7,51],[-22,-32],[-43,-24],[-33,10],[-13,-19],[-40,-14],[-16,-19],[-18,15],[-12,-19],[-29,87],[3,21],[28,-3],[-8,18],[-33,-5],[2,-31],[-22,-5],[-6,46],[-18,20],[19,-98],[-37,-42],[-20,3],[-29,-56],[-29,10],[7,40],[-20,0],[8,37],[-6,22],[-6,-56],[6,-31],[-12,-30],[-15,21],[-16,-13],[35,-17],[16,-24],[-21,-16],[-70,15],[-65,0],[-34,-11],[-45,1],[-80,200],[-17,202],[-90,124],[-101,61],[-116,-28],[-107,-95],[-53,-233],[12,-290],[-25,-29],[26,10],[4,-57],[-18,-2],[-9,-27],[-23,5],[-57,-26],[-20,-37],[107,51],[-9,-23],[-39,-12],[-76,-33],[-110,-37],[83,38],[-9,33],[-43,5],[6,17],[40,-12],[46,66],[-7,49],[-8,-32],[-15,27],[14,8],[6,67],[23,-4],[63,53],[-13,56],[-34,5],[-33,25],[-15,40],[-2,-43],[40,-45],[-5,-42],[-35,-17],[-18,-36],[-3,-40],[-15,-45],[-22,-38],[-12,57],[-4,-54],[-8,-6],[-11,45],[-7,-49],[4,-39],[-19,7],[-3,-33],[-18,29],[-4,-24],[-22,-13],[-4,48],[12,41],[-21,-21],[-11,53],[-14,-50],[20,-42],[-21,-39],[33,-19],[26,20],[13,-12],[26,27],[7,-20],[-25,-20],[-25,-3],[-9,-30],[-96,-52],[-25,-3],[-141,-42],[-33,-2],[-103,8],[-107,-21],[13,23],[72,16],[-10,11],[31,30],[40,-44],[50,4],[34,26],[28,-3],[29,15],[32,58],[0,-43],[21,21],[-18,52],[-22,-19],[-15,38],[-49,62],[-22,54],[5,50],[15,2],[-7,54],[-11,8],[-15,-50],[7,-20],[-20,-7],[-55,70],[-19,143],[-12,10],[38,135],[-3,52],[-11,38],[2,72],[-5,40],[-31,62],[-62,23],[-31,25]],[[74884,27584],[29,184],[91,157],[238,199],[368,-99],[143,-12],[429,240],[276,173],[126,35],[71,-64],[42,-109],[56,-85],[78,-46],[73,50],[53,21],[59,-101],[12,-218],[33,-247],[108,-161],[142,2],[100,159],[127,154],[72,193],[78,26],[66,-180],[67,124],[-27,160],[-33,138],[-45,175],[-15,252],[-77,120],[-53,93],[-20,157],[-26,127],[-31,172],[-100,223],[23,236],[-20,158],[-270,60],[-146,248],[-64,202],[-61,147],[-58,132],[-146,24],[-173,26],[-223,16],[-179,72],[-92,123],[-57,85],[16,99],[51,58],[206,92],[145,7],[98,41],[110,53],[150,-19],[151,-57],[67,170],[136,226],[48,241],[-12,301],[-112,107],[-109,118],[-103,179],[-59,159],[-113,128],[-97,51],[-132,38],[-120,22],[-77,42],[-212,83],[-138,154],[-304,167],[-120,202],[-72,231],[-43,303],[-77,354],[49,202],[44,260],[82,220],[212,391],[235,386],[162,117],[211,26],[188,-6],[240,15],[174,7],[44,13],[52,-38],[217,-136],[210,-331],[50,-579],[61,-344],[218,-81],[11,10],[44,-36],[100,-37],[102,238],[95,359],[108,228],[99,183],[187,350],[132,305],[108,228],[147,161],[213,9],[142,-38],[90,90],[-72,98],[-113,57],[-618,-54],[-200,-10],[-110,40],[-35,42],[-47,391],[-50,435],[-41,314],[-81,97],[-77,214],[31,252],[96,310],[58,104],[37,140]],[[78581,38831],[40,-72],[71,5],[77,75],[-11,93],[-67,54],[-61,43],[-67,-16],[-15,-39],[22,-125],[11,-18]],[[81153,37509],[119,-113],[119,-177],[156,-52],[148,204],[73,286],[54,121],[120,141],[53,159],[46,192],[176,259],[111,294],[79,141],[97,147],[20,177],[-160,220],[-119,40],[-99,-43],[-83,-54],[-257,-124],[-160,-168],[-129,-166],[-82,-214],[-32,-73],[-64,-76],[-8,-29],[-83,-141],[-85,-227],[-145,-295],[-52,-189],[43,-112],[65,-71],[22,-16]],[[81096,37550],[-44,13],[-38,1],[-73,37],[-36,98],[-30,59],[-46,32],[-131,6],[-185,55],[-40,45],[-26,86],[7,148],[29,101],[10,101],[3,126],[-26,44],[-31,26],[-69,18],[-22,-9],[-58,-69],[-81,-40],[-50,3],[-42,-7],[-76,-49],[-100,-118],[-83,-73],[-35,-76],[-15,-183],[-26,-242],[-87,-136],[-38,-97],[-37,-169],[14,-94],[57,-69],[72,-119],[-6,-115],[73,-157],[15,-125],[-23,-102],[-47,-112],[-12,-56],[-60,-177],[-95,-192],[-140,-153],[-134,-89],[-62,7],[-55,53],[-32,-18],[-325,-33],[-128,-53],[-106,-64],[-103,-76],[-131,-111],[6,-138],[36,-171],[138,-106],[148,34],[118,115],[349,276],[95,1],[102,-80],[131,44],[104,165],[38,223],[22,165],[14,51],[63,72],[14,64],[21,61],[38,26],[6,-8],[53,38],[140,28],[69,219],[20,29],[37,94],[98,126],[131,85],[88,14],[44,-68],[-24,-258],[43,-144],[60,-56],[17,-142],[-92,-221],[-209,-95],[-122,-186],[-112,-258],[-64,-140],[-61,-461],[-2,-226],[25,-220],[-152,-171],[-166,-333],[-138,-220],[-17,-231],[1,-15],[-63,-97],[-208,34],[-205,287],[-238,8],[-73,-151],[-299,0],[-128,12],[-97,88],[-137,2],[-141,-232],[-69,-368],[30,-195],[207,-350],[296,-5],[360,44],[311,-307],[132,-45],[61,-102],[88,-77],[54,-137],[65,-96],[42,-128],[33,-199],[13,-203],[-38,-259],[-51,-299],[-23,-219],[50,-117],[106,-49],[17,12],[94,-29],[163,77],[221,45],[145,68],[205,19],[132,-44],[87,-118],[165,-74],[112,9],[57,128],[22,125],[0,166],[-86,89],[-133,-14],[-153,-71],[-200,29],[-238,240],[-104,175],[-73,237],[-53,182],[4,24],[-32,370],[-41,232],[-72,146],[-117,269],[-18,94],[30,95],[109,44],[100,10],[48,-28],[34,-50],[19,-53],[145,-157],[112,-90],[51,-57],[59,-17],[63,0],[111,8],[96,12],[155,53],[125,24],[127,67],[5,64],[-34,62],[-168,132],[-235,100],[-139,116],[-70,172],[90,127],[125,7],[220,33],[96,91],[100,156],[59,122],[29,116],[63,79],[40,220],[6,151],[-4,195],[-22,273],[-117,132],[-175,95],[-45,271],[89,267],[110,299],[98,190],[175,150],[305,182],[67,117],[18,170],[-48,145],[-119,17],[-119,-17],[-113,-76],[-99,43],[-22,93],[-16,26],[-15,67],[-3,108],[22,203],[-19,123],[-30,141],[-20,52]],[[81946,37594],[60,-33],[59,-1],[90,116],[86,115],[78,81],[115,133],[51,43],[31,47],[29,100],[5,99],[-38,87],[-52,90],[-75,41],[-79,-28],[-74,-115],[-82,-230],[-52,-130],[-56,-104],[-104,-248],[8,-63]],[[81349,30682],[-107,-303],[-17,-291],[-36,-56],[-134,-179],[-303,-570],[3,-548],[191,-415],[123,-37],[152,381],[112,49],[124,-107],[154,-160],[101,45],[79,265],[67,329],[-129,-48],[-77,32],[-110,23],[3,120],[64,130],[125,102],[156,36],[84,119],[-50,286],[34,350],[-121,276],[-488,171]],[[77427,32273],[7,398],[190,393],[79,51],[160,369],[-36,240],[24,266],[-1,225],[-129,10],[-116,-9],[-92,-43],[-25,-269],[-40,-257],[60,-209],[-92,-116],[-200,-275],[-30,-400],[-30,-411],[7,-565],[-42,-430],[-120,-174],[36,-236],[232,-143],[260,-17],[307,181],[52,334],[-167,256],[-209,495],[-85,336]],[[78913,39588],[13,75],[-25,92],[-46,89],[-92,-104],[-53,-174],[-22,-93],[-5,-158],[13,-48],[31,-29],[147,-72],[78,-26],[45,11],[12,72],[-17,52],[-65,155],[-23,108],[9,50]],[[61111,45486],[13,189],[-136,280],[-124,212],[-63,151],[-182,337],[-175,36],[-96,-17],[-120,-200],[-28,-224],[-22,-274],[-19,-165],[-61,-168],[-63,-134],[-109,-119],[-72,-121],[-127,-166],[-71,-101],[-14,-90],[54,-167],[62,-98],[113,-96],[162,-76],[192,62],[99,47],[144,34],[45,-65],[-2,-214],[44,-183],[71,-140],[69,-109],[97,-111],[111,-83],[227,78],[207,11],[203,36],[32,29],[8,54],[-27,141],[-68,143],[166,409],[22,191],[-8,138],[-16,132],[17,176],[-73,95],[-72,30],[-67,-129],[-81,-64],[-26,-70],[-19,-210],[-49,-110],[-110,-40],[-4,252],[-60,137],[-40,139],[46,205]],[[58973,45614],[-12,199],[-39,459],[-43,304],[-40,24],[-63,132],[-30,131],[-9,219],[26,282],[115,264],[40,218],[15,278],[-58,191],[-101,80],[156,314],[174,160],[-7,213],[-119,260],[-137,46],[-237,-115],[-248,-301],[-345,-54],[-102,-137],[0,-142],[-19,-276],[38,-21],[44,-44],[52,-17],[117,-66],[69,-84],[103,-114],[23,-114],[-94,-220],[-126,-174],[-267,-103],[-70,-57],[-101,-44],[-143,-35],[-167,-2],[-172,31],[-45,-29],[-211,-470],[-37,-117],[95,-133],[-21,-160],[-105,37],[-88,-107],[-37,-205],[20,-116],[37,-173],[56,-130],[86,-68],[152,-52],[110,-46],[152,-40],[154,-3],[112,-14],[169,-11],[188,-150],[130,-53],[73,-92],[131,-145],[31,-137],[77,-153],[120,-57],[129,-1],[150,-56],[140,-140],[104,-161],[77,40],[20,196],[102,272],[10,267],[-123,162],[-96,113],[-85,247]],[[61328,47254],[-30,-308],[129,186],[229,128],[133,-45],[248,-2],[68,98],[36,111],[-1,182],[25,116],[-21,7],[-95,-52],[-69,-27],[-56,9],[-22,97],[-77,34],[-126,13],[-194,-29],[-84,49],[-60,58],[-21,-133],[0,-130],[-12,-362]],[[59515,45713],[130,12],[78,97],[100,95],[98,144],[-166,100],[-182,81],[-127,71],[-90,180],[-159,-45],[-106,-163],[24,-417],[58,-97],[216,-62],[126,4]],[[73220,41263],[-186,-43],[-219,33],[-164,-18],[-18,-102],[119,-70],[-5,-62],[352,-220],[157,-175],[114,-255],[112,64],[129,205],[147,-103],[20,-235],[5,-224],[220,-332],[158,-172],[184,343],[24,304],[78,203],[171,56],[193,-114],[29,268],[-78,116],[-121,25],[-274,166],[-393,379],[-221,212],[-205,-19],[-143,-37],[-185,-193]],[[89879,46373],[0,0]],[[89843,46353],[-3,52],[16,15],[6,-52],[-19,-15]],[[89987,46497],[14,7],[-3,-39],[-28,-10],[5,-32],[-29,-67],[-60,-58],[-16,33],[49,46],[-12,11],[21,34],[4,46],[-9,32],[17,25],[40,-1],[7,-27]],[[90022,46574],[0,0]],[[89999,46660],[0,0]],[[90035,46670],[0,0]],[[90057,46734],[0,0]],[[90091,46779],[0,0]],[[90096,46839],[0,0]],[[90116,46877],[0,0]],[[90174,46997],[0,0]],[[90043,46599],[-7,9],[27,85],[31,57],[35,99],[4,26],[27,55],[30,96],[-2,25],[16,11],[17,65],[-2,-44],[-18,-47],[-27,-108],[-63,-163],[-68,-166]],[[90187,47127],[0,0]],[[90216,47177],[0,0]],[[90245,47505],[0,0]],[[90247,47610],[0,0]],[[90223,47678],[0,0]],[[90251,47678],[0,0]],[[90196,47666],[32,-22],[-35,-9],[-7,-19],[26,-5],[11,-42],[-12,-60],[-18,-11],[-35,26],[-25,-5],[4,-18],[43,-25],[38,3],[-14,-39],[-18,-83],[-20,-14],[28,-4],[-23,-61],[-19,-13],[15,-19],[-16,-9],[-6,-41],[-14,-22],[8,-27],[-10,-65],[27,-8],[9,-54],[-55,-95],[-19,-53],[-32,-9],[-14,-57],[-45,-33],[-5,-34],[-27,-14],[10,-53],[31,-33],[-10,-56],[-25,0],[6,51],[-25,10],[-56,1],[-3,23],[-20,13],[9,-46],[-6,-32],[32,-96],[-22,15],[10,-36],[-9,-28],[10,-28],[-14,-15],[-17,51],[-23,7],[-15,-34],[-6,-47],[-20,-15],[3,-47],[29,16],[18,-12],[31,-73],[-46,-46],[-34,-19],[-44,-56],[-14,0],[16,64],[25,25],[8,58],[-35,-2],[-15,-75],[-22,8],[-10,-29],[7,-27],[-13,-21],[-37,9],[-41,-10],[-18,14],[-5,-48],[41,-13],[-8,-51],[22,16],[7,40],[12,-11],[37,32],[3,-43],[-31,-18],[-29,-47],[-13,-48],[-34,-20],[1,-36],[-42,-115],[-27,-48],[1,44],[-11,-6],[-9,-70],[22,12],[6,-24],[-45,-113],[-29,-43],[5,62],[19,19],[-10,29],[-2,60],[-29,-10],[6,-42],[10,12],[7,-57],[-21,-62],[-14,-8],[16,-54],[-15,-30],[-44,-60],[-30,-26],[-2,46],[26,9],[-6,27],[-28,-5],[-12,-23],[12,-37],[-9,-38],[-68,-29],[-31,5],[-2,33],[11,43],[-1,38],[23,104],[25,42],[8,48],[29,105],[-5,62],[-22,46],[-31,16],[57,67],[75,54],[38,115],[6,98],[-43,117],[-40,19],[-39,95],[-64,58],[-24,52],[1,47],[43,95],[73,105],[56,70],[41,94],[93,129],[26,135],[105,180],[60,164],[75,80],[215,130],[140,-77],[5,-30]],[[90259,47699],[0,0]],[[90237,47162],[-11,-1],[0,50],[9,35],[0,62],[11,148],[11,44],[-3,47],[21,112],[0,69],[31,64],[-21,-101],[-9,-122],[-17,-120],[-3,-97],[-16,-131],[-3,-59]],[[88452,48094],[-86,-1],[-123,68],[-161,38],[-141,142],[-37,156],[42,116],[129,162],[69,45],[141,9],[50,-38],[58,-60],[112,-101],[74,-94],[59,-110],[6,-144],[-40,-69],[-61,-69],[-91,-50]],[[64606,51633],[-52,-68],[-221,56],[-302,97],[-193,257],[18,217],[191,90],[313,-68],[246,-245],[37,-287],[-37,-49]],[[80226,52085],[0,0]],[[80238,52119],[0,0]],[[80253,52127],[0,0]],[[80262,52159],[-22,-17],[-7,18],[2,64],[14,97],[19,55],[6,-124],[-12,-93]],[[91651,49251],[23,37],[33,9],[-3,-15],[-53,-31]],[[80431,52670],[15,35],[21,-4],[-36,-31]],[[92037,49745],[-4,-30],[-19,28],[23,2]],[[80770,53091],[0,0]],[[80772,53185],[0,0]],[[92235,49881],[-29,12],[27,26],[2,-38]],[[63972,53619],[-80,-137],[-116,-152],[-132,-160],[41,-54],[-211,-100],[-1,-158],[-108,-110],[-94,-138],[-147,-108],[-108,-59],[-149,-42],[-167,-30],[-247,-143],[-234,-60],[-109,17],[-8,127],[127,85],[224,294],[311,126],[169,168],[53,159],[-27,218],[-181,113],[-337,-122],[-202,-142],[-37,74],[22,129],[-80,56],[56,164],[154,296],[275,151],[214,121],[244,166],[357,76],[149,119],[250,70],[215,-129],[127,-272],[-148,-502],[-65,-111]],[[80802,53201],[0,0]],[[80783,53233],[0,0]],[[80795,53253],[0,0]],[[92431,49907],[-7,1],[1,61],[19,1],[-1,-50],[-12,-13]],[[80944,53256],[-83,-120],[-21,19],[27,27],[-19,5],[-21,39],[33,8],[14,41],[34,0],[17,-23],[19,4]],[[80837,53299],[33,-19],[-10,-37],[-36,-12],[33,48],[-20,20]],[[80813,53289],[0,0]],[[92665,49896],[-50,-27],[-54,-44],[-177,-116],[-293,-214],[-63,-38],[-2,14],[56,38],[-3,22],[-20,-25],[-3,22],[-62,8],[5,-18],[-20,-50],[-37,33],[-30,-39],[-23,-54],[10,-10],[102,57],[-1,-16],[-140,-74],[-42,-29],[-97,-44],[15,27],[44,22],[52,13],[6,23],[-33,2],[-42,-19],[-18,37],[-16,-32],[-56,-36],[28,90],[141,159],[29,29],[38,-15],[9,19],[66,-41],[50,35],[15,-2],[10,38],[-15,0],[11,41],[23,-16],[20,24],[26,77],[5,55],[7,-36],[39,1],[11,34],[-16,36],[23,15],[14,-48],[-16,-33],[14,-7],[61,46],[-3,61],[24,-3],[25,-23],[21,-69],[3,72],[21,39],[30,-31],[-14,-34],[18,-7],[23,-46],[26,-3],[33,40],[0,-30],[21,17],[-13,27],[26,3],[35,49],[39,-1],[-3,46],[25,2],[16,-28],[10,21],[57,-14],[-21,-22]],[[93852,50331],[-30,17],[22,11],[8,-28]],[[93898,50498],[0,0]],[[93738,50705],[0,0]],[[93714,50706],[0,0]],[[94467,50453],[5,-27],[-22,0],[-14,32],[31,-5]],[[94408,50502],[0,0]],[[94411,50504],[0,0]],[[94633,50317],[-26,-1],[-60,31],[-46,37],[26,20],[-6,25],[88,-1]],[[94609,50428],[21,-36],[3,-75]],[[93793,50734],[-4,-25],[-46,-7],[2,26],[20,-3],[26,33],[2,-24]],[[94414,50512],[0,0]],[[93823,50745],[-9,30],[22,-5],[-13,-25]],[[35103,49397],[0,0]],[[93514,50874],[-1,66],[20,-59],[-19,-7]],[[94124,50701],[0,0]],[[94132,50698],[0,0]],[[94049,50773],[0,0]],[[94241,50699],[5,-50],[-6,-105],[-55,47],[-5,36],[22,-3],[24,31],[-2,-37],[16,-13],[1,94]],[[94089,50776],[0,0]],[[93671,50955],[0,0]],[[94080,50816],[-13,-97],[48,86],[11,-78],[-16,-5],[7,-46],[51,-15],[-3,-36],[12,-80],[-112,1],[-97,-12],[-30,-11],[-42,-42],[-14,-38],[-25,25],[-43,74],[27,16],[45,-10],[-16,-31],[21,-24],[6,69],[35,89],[14,7],[20,65],[32,25],[8,30],[27,14],[21,-22],[-8,36],[18,19],[16,-9]],[[93966,50881],[0,0]],[[93966,50884],[0,0]],[[93955,50903],[6,-39],[-62,-46],[3,-22],[-40,-39],[-12,26],[24,41],[31,25],[12,24],[38,30]],[[93965,50898],[0,0]],[[93973,50885],[0,0]],[[93961,50900],[0,0]],[[93801,51095],[0,0]],[[93828,51090],[10,-26],[-23,11],[13,15]],[[94331,51122],[0,15]],[[94331,51137],[0,-15]],[[94388,51151],[0,0]],[[94465,51153],[0,0]],[[94524,51199],[0,0]],[[94773,51181],[-20,-129],[-2,-61],[-13,-26],[-17,13],[21,41],[7,83],[10,11],[14,68]],[[94410,51348],[0,0]],[[94334,51358],[1,23]],[[94335,51381],[77,-7],[-10,-27],[-11,15],[-57,-4]],[[94780,51237],[0,0]],[[79875,55652],[0,0]],[[94742,51341],[0,0]],[[94792,51336],[0,0]],[[94760,51382],[0,0]],[[79918,55746],[0,0]],[[79887,55752],[0,0]],[[94798,51408],[0,0]],[[94799,51419],[0,0]],[[79903,55820],[0,0]],[[79918,55831],[0,0]],[[79962,55852],[0,0]],[[94795,51507],[0,0]],[[94808,51534],[0,0]],[[94072,51824],[-30,-60],[-133,-363],[-8,-53]],[[93901,51348],[-1,-1]],[[93900,51347],[-2,-15]],[[93898,51332],[-2,-11]],[[93896,51321],[-19,-123]],[[93877,51198],[-40,12],[-11,-15],[23,-20],[-3,-35],[-14,20],[-9,-20],[-40,17],[14,-31],[5,-49],[-8,-23],[-16,91],[-17,13],[-13,-17],[-14,57],[-3,49],[-12,-71],[24,-72],[-8,-30],[-12,44],[-11,-13],[-3,-61],[-24,40],[-9,-31],[29,-46],[10,-52],[-22,-20],[-44,32],[10,-41],[-5,-35],[-26,5],[-33,-34],[-45,29],[37,16],[-10,75],[-12,12],[-4,91],[-11,-66],[14,-50],[-4,-51],[-19,5],[-27,46],[0,32],[37,177],[49,169],[110,187],[128,178],[102,83],[34,115],[16,-10],[33,-59],[36,-21],[13,4]],[[79975,55874],[-46,-26],[-7,39],[24,13],[-15,48],[18,11],[-6,-28],[31,-31],[1,-26]],[[79970,55992],[0,0]],[[94725,51728],[0,0]],[[94737,51728],[0,0]],[[94002,52060],[0,0]],[[94016,52079],[0,0]],[[79912,56269],[0,0]],[[93963,52263],[0,0]],[[94480,52074],[0,0]],[[93964,52288],[47,-114],[19,-28],[-6,-47],[6,-45],[42,-86],[-8,4],[-47,113],[-20,-17],[3,-55],[-30,-36],[-11,166],[-28,149],[17,2],[6,-32],[22,-22],[-12,48]],[[79944,56315],[0,0]],[[93927,52324],[0,0]],[[94330,51148],[-1,109],[5,100]],[[94334,51357],[13,5],[10,-31],[30,-9],[60,0],[30,50],[52,40],[79,21],[74,35],[29,22],[22,47],[-5,135],[16,38],[-10,8],[9,49],[-27,-18],[-3,46],[-53,-2],[6,-19],[-7,-44],[-6,97],[-2,104],[-18,88],[-17,27],[-38,34],[-35,-8],[-26,-54],[-11,1],[-25,54],[-5,33],[18,12],[59,2],[63,-30],[59,-58],[26,-49],[31,-80],[29,-93],[21,-101],[18,-104],[-27,-15],[6,-37],[-19,-35],[1,-25],[24,34],[4,-20],[21,9],[6,-125],[-15,55],[-33,6],[11,-29],[-8,-38],[-23,-9],[-3,-49],[27,-20],[19,5],[5,-56],[-16,-50],[0,33],[-25,-27],[-29,30],[-86,-20],[-57,-27],[-63,-7],[-54,-41],[-12,-33],[-11,22],[29,33],[-38,23],[-3,-30],[-42,-20],[-27,24],[-32,-18]],[[93899,52471],[16,-47],[30,-27],[5,-89],[-25,18],[-26,145]],[[93892,52491],[0,0]],[[77846,56257],[106,-57],[137,14],[253,76],[135,12],[325,-37],[335,-86],[207,-66],[77,-47],[-9,-122],[0,-69],[-7,-90],[-9,8],[-9,-65],[-12,3],[11,-64],[39,-111],[29,-37],[46,-21],[20,-25],[45,-9],[31,-19],[85,-77],[32,39],[46,80],[41,84],[16,10],[11,46],[28,37],[4,-55],[17,-3],[32,61],[42,124],[11,10],[39,104],[-2,32],[32,15],[34,57],[3,30],[-20,16],[-64,10],[97,21],[43,52],[12,73],[30,13],[64,2],[34,14],[34,30],[55,-6],[27,39],[13,56],[38,7],[31,37],[19,-9],[26,15],[57,-52],[65,-26],[22,-15],[15,-38],[17,0],[32,-45],[18,-64],[24,-47],[27,-111],[23,-40],[9,-55],[12,-16],[14,-99],[9,-24],[-3,-52],[11,-85],[4,-77],[-6,-35],[12,-90],[-3,-37],[18,-101],[-1,-32],[33,-130],[18,-91],[7,-121],[1,-155],[11,-171],[16,-87],[19,-154],[39,-127],[34,-96],[-4,-39],[9,-54],[-40,-77],[-23,-98],[5,-87],[-14,-73],[14,-71],[3,-52],[-20,-38],[-1,-48],[-25,-107],[-6,-87],[-23,-41],[-72,34],[-52,14],[20,22],[10,57],[-35,1],[-36,46],[-66,-40],[-13,-30],[-45,-11],[-18,-41],[5,-53],[42,-36],[-11,-10],[-1,-51],[-15,14],[-30,-3],[-26,-30],[-31,-80],[-6,-36],[0,-67],[15,-36],[-27,-140],[-29,-38],[-12,-29],[-63,-13],[-33,-38],[-53,-31],[-57,-98],[6,-16],[-23,-49],[-14,-9],[5,-47],[-13,-67],[-14,-30],[-15,-112],[-10,-49],[-6,-74],[9,-30],[-3,-43],[-17,8],[-3,-76],[-47,-70],[-169,18],[-301,319],[-235,325],[-102,291],[-97,73],[54,309],[-23,290],[-77,248],[-263,139],[-337,27],[-308,-70],[-248,-42],[-127,5],[-247,253],[-29,255],[-108,215],[-310,-3],[-449,-7],[-24,69],[16,9],[3,-26],[26,-5],[58,56],[-4,40],[-52,-41],[-20,14],[-32,-24],[-60,180],[-36,139],[-26,135],[-16,102],[-24,94],[-16,34],[-32,106],[-6,95],[13,68],[78,150],[25,91],[5,51],[-6,95],[-14,60],[0,75],[-12,71],[18,-50],[24,7],[-43,50],[-2,27],[-45,110],[-17,51],[0,32],[38,55],[44,48],[47,104],[5,32],[41,85],[21,86],[20,35],[23,83],[36,88],[8,64],[225,-76],[235,-104],[267,-212],[152,-232],[130,-186]],[[78425,55958],[-138,-105],[-18,-164],[88,-81],[130,-35],[96,10],[83,20],[56,104],[12,132],[-54,96],[-111,39],[-144,-16]],[[78685,54462],[32,-120],[34,-36],[128,-43],[298,-126],[163,-109],[65,-82],[11,-140],[46,-92],[85,-45],[105,64],[108,78],[289,310],[43,82],[-2,64],[-54,44],[-243,116],[-231,101],[-153,61],[-263,8],[-331,21],[-59,-24],[-55,-56],[-16,-76]],[[79823,52619],[91,-82],[193,-8],[104,102],[130,131],[-13,435],[-196,223],[-309,-179],[-135,-269],[-10,-222],[145,-131]],[[93631,52755],[0,0]],[[75022,57468],[75,1],[428,32]],[[75525,57501],[-21,-62],[-212,14],[-196,-25],[-89,4],[15,36]],[[93651,52929],[0,0]],[[93942,53173],[0,0]],[[93944,53175],[0,0]],[[94014,53254],[0,0]],[[93973,53310],[0,0]],[[94052,53285],[0,0]],[[93978,53329],[0,0]],[[93980,53338],[0,0]],[[93984,53339],[0,0]],[[93915,53366],[0,0]],[[94052,53416],[-1,-41],[29,-10],[4,-49],[-39,-31],[-4,-35],[-35,-45],[18,65],[-26,-8],[-19,45],[22,22],[-12,46],[22,37],[34,26],[7,-22]],[[93853,53536],[18,1]],[[93871,53537],[18,-61],[-14,-16],[-22,76]],[[75641,58552],[0,0]],[[75680,58621],[0,0]],[[77017,58426],[-43,-26],[-24,16],[-1,25],[15,53],[27,21],[36,-19],[-17,-45],[7,-25]],[[75732,58757],[0,0]],[[75737,58775],[0,0]],[[75648,58835],[-2,-60],[7,-24],[-49,40],[0,43],[19,2],[26,29],[-1,-30]],[[77161,58552],[-47,-22],[-37,74],[-21,19],[-5,82],[15,42],[55,-3],[27,-38],[-9,-115],[22,-39]],[[75832,58399],[-167,50]],[[75665,58449],[-11,7]],[[75654,58456],[30,69],[20,-14],[7,67],[18,24],[6,77],[15,20],[5,70],[45,-6],[26,-26],[-2,48],[30,37],[29,1],[-4,63],[17,78],[34,-11],[11,92],[19,-18],[27,-2],[9,28],[44,-14],[9,-37],[-13,-24],[7,-53],[-11,-14],[2,-38],[-21,-6],[-6,30],[-21,18],[-19,-135],[4,-35],[14,-16],[-21,-26],[-21,46],[-13,-2],[4,-60],[19,-9],[11,-35],[-15,-60],[-22,32],[-17,-19],[21,-29],[-12,-39],[-8,29],[-26,0],[-3,-52],[-15,-63],[-35,-43]],[[76077,59059],[0,0]],[[77642,58804],[-36,-57],[1,-46],[-16,43],[-28,-10],[-18,-49],[20,-56],[-2,-24],[32,-56],[-201,-36],[42,41],[36,59],[5,54],[19,54],[44,90],[18,-16],[40,26],[17,45],[13,-2],[14,-60]],[[76107,59131],[13,-53],[-26,51],[13,2]],[[76097,59271],[13,16],[40,11],[22,-6],[22,-32],[-10,-55],[-16,-9],[-11,-72],[-33,6],[-20,41],[-24,-39],[-17,14],[2,33],[14,-10],[-13,60],[14,78],[13,7],[4,-43]],[[76229,59283],[-29,-7],[6,53],[20,-8],[3,-38]],[[77303,59224],[-46,103],[-6,39],[37,-16],[24,-67],[-9,-59]],[[76286,59459],[-4,-20],[-23,22],[1,39],[28,-5],[-2,-36]],[[76341,59487],[0,0]],[[76331,59516],[0,0]],[[76326,59536],[0,0]],[[76402,59539],[0,0]],[[77373,59403],[-24,45],[16,21],[13,-41],[-5,-25]],[[76403,59669],[36,-54],[-20,-38],[-13,5],[-11,70],[8,17]],[[76348,59722],[0,0]],[[76365,59695],[-15,18],[10,25],[5,-43]],[[76291,60012],[0,0]],[[76410,60025],[0,0]],[[77297,59902],[0,0]],[[78041,59866],[0,0]],[[77490,60014],[15,-8],[-1,-49],[-28,-46],[-21,2],[11,49],[-14,38],[7,16],[31,-2]],[[77626,60033],[38,4],[12,-19],[-26,-16],[23,-26],[6,-65],[-11,-48],[19,-52],[-4,-94],[-38,-32],[-10,-30],[-27,-18],[-66,23],[-12,34],[7,59],[21,38],[-6,40],[4,51],[36,58],[0,36],[13,26],[-7,42],[28,-11]],[[77475,60079],[0,0]],[[77545,60125],[0,0]],[[78183,60050],[0,0]],[[78151,60054],[0,0]],[[77554,60160],[0,0]],[[78206,60050],[0,0]],[[77709,60128],[13,-44],[-57,4],[14,16],[-25,32],[-13,34],[4,23],[38,-19],[26,-46]],[[77838,60135],[-7,-50],[-21,-17],[-19,9],[18,38],[1,49],[18,4],[10,-33]],[[78916,59996],[0,0]],[[77584,60216],[0,0]],[[78530,60091],[1,-27],[83,-55],[78,-62],[20,-10],[10,-24],[81,-93],[31,-2],[19,-19],[15,14],[-21,24],[23,11],[41,-23],[60,13],[83,-48],[31,-8],[55,-88],[33,-46],[14,-41],[3,-70],[22,-50],[38,-24],[33,19],[49,-16],[26,10],[33,-4],[38,-19],[70,-104],[57,-55],[84,6],[12,-29],[84,-76],[23,-5],[-64,-19],[-306,-13],[-473,187],[-147,-90],[-111,-210],[-143,-358],[-365,-110],[-322,13],[-12,-2],[5,58],[-18,81],[3,45],[-14,92],[1,50],[14,66],[24,44],[18,11],[40,67],[28,-14],[22,19],[8,34],[15,4],[38,46],[22,0],[43,24],[32,-12],[81,-11],[30,18],[24,-5],[76,45],[9,39],[-20,32],[-52,8],[-1,-18],[-58,32],[-38,48],[-30,59],[-17,79],[-8,67],[0,63],[21,36],[35,85],[66,43],[15,49],[22,14],[36,57],[3,22],[-21,45],[-37,32],[56,3],[48,-25],[22,18],[41,-21],[21,15],[15,-15],[23,22],[1,64],[70,-12]],[[78506,60201],[0,0]],[[78882,60101],[52,-30],[-19,-55],[-20,-11],[-2,-26],[-28,-20],[-86,36],[-56,113],[-43,37],[9,30],[50,-25],[29,8],[84,-52],[10,49],[20,-54]],[[78651,60212],[26,-23],[-18,-5],[-8,28]],[[78378,60260],[0,0]],[[78649,60238],[-10,-7],[-30,22],[6,67],[21,-6],[27,-54],[-14,-22]],[[78858,60390],[0,0]],[[78706,60445],[0,0]],[[78749,60481],[0,0]],[[78694,60503],[5,-34],[-21,21],[16,13]],[[78634,60519],[25,-15],[-28,-28],[3,43]],[[79004,60465],[0,0]],[[79032,60464],[0,0]],[[78862,60510],[0,0]],[[79010,60488],[0,0]],[[79806,60366],[0,0]],[[78977,60511],[0,0]],[[79293,60471],[0,0]],[[79034,60499],[0,0]],[[78874,60529],[28,9],[18,-47],[27,-46],[-53,-1],[-3,-12],[-43,44],[17,7],[9,46]],[[78299,60445],[266,156]],[[78565,60601],[7,-18],[-8,-82],[-20,6],[-22,-26],[-8,-40],[25,-58],[-21,-3],[13,-88],[20,-55],[-44,-4],[-15,-18],[-56,65],[-20,-1],[-17,34],[2,29],[-39,24],[-4,20],[-43,21],[-16,38]],[[78952,60539],[25,-55],[-29,-5],[4,60]],[[79589,60421],[0,0]],[[79368,60465],[0,0]],[[79516,60436],[0,0]],[[78974,60546],[0,0]],[[79418,60476],[0,0]],[[79459,60477],[0,0]],[[79492,60477],[0,0]],[[79549,60572],[0,0]],[[79545,60586],[0,0]],[[79560,60588],[0,0]],[[79360,60624],[0,0]],[[79456,60623],[0,0]],[[79395,60655],[0,0]],[[66810,60798],[-216,-129],[-426,51],[-183,308],[44,559],[254,219],[384,17],[112,-148],[176,-200],[31,-272],[-48,-330],[-128,-75]],[[79519,60644],[0,0]],[[79601,60648],[0,0]],[[79616,60647],[0,0]],[[79461,60691],[0,0]],[[79496,60681],[0,0]],[[79519,60687],[0,0]],[[79635,60669],[0,0]],[[79648,60672],[0,0]],[[79550,60688],[0,0]],[[79459,60705],[0,0]],[[79665,60668],[0,0]],[[79499,60711],[0,0]],[[79601,60691],[1,-28],[-24,-3],[6,45],[17,-14]],[[79670,60696],[0,0]],[[79482,60725],[0,0]],[[79350,60732],[-29,26],[4,13],[25,-39]],[[79537,60726],[0,0]],[[79349,60766],[0,0]],[[79652,60713],[0,0]],[[79634,60723],[0,0]],[[79302,60794],[0,0]],[[79591,60757],[0,0]],[[79570,60763],[0,0]],[[79549,60791],[0,0]],[[79657,60781],[27,2],[176,-358],[-7,-29],[-25,12],[-8,-26],[-16,15],[-19,-10],[-38,31],[-19,-4],[13,31],[-6,28],[-25,-28],[-43,-20],[-10,16],[-19,-22],[-38,19],[-21,25],[-18,-41],[-29,34],[-3,29],[-22,-23],[-11,27],[7,21],[-50,-12],[15,79],[27,44],[20,-17],[-10,-21],[39,-52],[22,29],[26,63],[19,-5],[27,32],[46,-7],[-20,15],[19,16],[4,46],[-65,30],[8,31],[27,0]],[[79231,60895],[0,0]],[[79071,60940],[0,0]],[[79082,60952],[0,0]],[[79100,60957],[0,0]],[[79172,60986],[0,0]],[[35361,55566],[-126,-654],[-80,-579],[-58,-548],[-45,-752],[148,-552],[124,-709],[206,-666],[167,-487],[89,-220],[195,-129],[141,19],[592,-255],[491,327],[302,304],[232,-61],[276,-413],[405,-630],[420,-401],[517,77],[71,-891],[12,-1241],[16,-791],[43,-562],[213,-488],[248,125],[221,429],[212,88],[201,62],[132,-32],[382,-479],[186,-523],[319,-954],[195,-577],[183,-572],[151,-371],[265,-467],[218,-457],[-29,-765],[-105,-358],[-66,-264],[-81,-270],[-58,-221],[-130,-202],[-106,-176],[-96,-348],[-62,-344],[-71,-226],[-45,-295],[67,-137],[95,10],[169,311],[218,223],[208,50],[167,-119],[199,-289],[191,-176],[210,-80],[214,-115],[150,-65],[108,-91],[73,-207],[95,-395],[92,-711],[49,-643],[73,-529],[-29,-435],[54,-986],[307,-453],[139,-290],[392,-1052]],[[45017,31888],[-348,-49],[-582,-87],[-335,-53],[-115,273],[-168,664],[-83,939],[71,675],[77,577],[37,546],[-76,378],[-133,53],[-307,-44],[-311,-19],[-323,153],[-330,172],[-199,143],[-146,302],[-129,195],[-105,72],[-148,36],[-186,94],[-97,137],[-82,176],[-155,245],[-129,306],[-40,329],[79,195],[38,342],[-162,713],[-123,283],[-131,626],[-72,264],[-128,165],[-277,175],[-263,133],[-103,184],[-159,325],[-55,317],[-160,181],[-154,237],[-159,303],[-145,329],[-114,331],[-103,291],[-28,338],[-97,306],[-82,30],[-137,29],[-185,-33],[-252,5],[-250,101],[-235,248],[-216,304],[-241,213],[-309,120],[-364,126],[-297,107],[-168,121],[6,47],[-35,216],[-17,13],[2,35],[-30,76],[-10,7],[-4,95],[-31,112],[7,27],[-16,1],[12,27],[-28,66],[18,171],[-10,27],[18,100],[29,91],[8,77],[-23,89],[6,88],[-13,96],[-13,40],[-22,26],[-13,86],[3,24],[-9,90],[-9,44],[-23,17],[-39,54],[-21,90],[-30,34],[-23,73],[-21,29],[-49,94],[-34,11],[-11,23],[1,67],[-35,89],[-22,21],[-61,36],[-34,69],[-45,45],[-65,87],[-11,29],[-40,53],[2,36],[15,85],[-12,43],[-12,113],[-19,28],[-23,83],[14,44],[15,78],[-3,26],[23,68],[38,153],[13,27],[24,-12],[13,29],[-21,7],[13,63],[-29,-82],[36,120],[51,131],[1,-13],[-30,-82],[43,-20],[17,29],[-12,38],[26,70],[-4,26],[22,75],[25,20],[35,-11],[37,39],[6,50],[-19,24],[-15,-15],[-37,29],[-20,-84],[-21,-37],[-4,-43],[-29,-63],[-11,5],[78,242],[20,96],[25,163],[4,76],[-16,42],[-35,45],[5,36],[-10,30],[1,83],[23,11],[29,139],[17,109],[30,231],[8,109],[-1,116],[-17,91],[0,68],[35,-28],[-1,15],[-35,20],[-19,44],[-1,70],[-15,30],[-6,54],[-14,34],[-16,134],[-21,48],[-35,12],[-62,73],[22,59],[18,87],[15,114],[4,65],[8,18],[-15,18],[4,46],[-8,77],[-54,80],[-29,10],[-14,35],[-54,86],[-2,71],[-15,48],[6,53],[-15,35],[-3,47],[-36,67],[3,86],[-8,50],[-20,31],[10,74],[-4,120],[55,37],[-9,8],[-46,-30],[-7,30],[12,45],[2,77],[22,81],[12,69],[-12,58],[-1,73],[-10,55],[-44,55],[-21,105],[-27,34],[-18,-21],[-12,108],[-19,83],[-26,42],[10,0],[62,169],[26,100],[37,183],[12,98],[-5,40],[23,80],[15,76],[5,86],[15,93],[-6,40],[-15,35],[27,73],[52,27],[3,-115],[22,-32],[-14,100],[1,38],[18,28],[26,82],[28,49],[41,5],[-5,-84],[16,-24],[28,3],[14,-27],[-8,51],[-26,32],[11,45],[-12,0],[-26,39],[24,31],[-32,5],[-7,-54],[-37,-15],[-18,-54],[-30,-40],[-12,-47],[-13,1],[30,85],[28,93],[44,195],[23,128],[24,168],[26,24],[-2,16],[29,26],[-4,17],[16,49],[41,-50],[47,-32],[55,9],[30,-4],[55,-33]],[[79095,61004],[0,0]],[[79070,61022],[0,0]],[[79166,61010],[0,0]],[[79081,61022],[0,0]],[[79151,61008],[0,0]],[[79135,61025],[0,0]],[[79106,61039],[0,0]],[[79143,61055],[0,0]],[[58867,59868],[-226,-62],[-118,97],[-56,448],[34,250],[93,260],[44,196],[-9,174],[-35,105],[0,136],[-17,128],[-2,123],[47,93],[142,10],[163,-70],[202,-25],[163,-68],[116,-153],[76,-240],[25,-235],[-43,-250],[-64,-203],[-89,-165],[-135,-203],[-131,-166],[-180,-180]],[[78639,60649],[306,291],[153,233]],[[79098,61173],[29,-70],[-5,-30],[-29,23],[-1,-29],[-53,-34],[-13,-42],[33,-27],[-7,-23],[35,-23],[23,6],[20,42],[18,-26],[11,16],[19,-28],[18,25],[6,-45],[24,-26],[15,6],[55,-33],[-2,-20],[-35,-27],[-10,-40],[58,-99],[17,-7],[32,-59],[9,24],[22,7],[20,-38],[20,-4],[14,-50],[-20,-50],[-15,18],[-16,-21],[-49,4],[-16,-39],[-14,17],[-47,20],[-39,4],[-35,29],[-23,-9],[-59,2],[-19,14],[-6,-24],[-55,35],[-31,7],[20,-35],[-9,-8],[-34,58],[-42,0],[5,-62],[-62,71],[-7,-12],[-30,22],[-26,-2],[0,-82],[-20,52],[-25,5],[-7,-50],[-22,2],[1,68],[-30,56],[-23,-14],[-30,6],[-17,25]],[[76447,61565],[-15,32]],[[76432,61597],[15,34],[6,-48],[-6,-18]],[[79105,61184],[49,75]],[[79154,61259],[21,-22],[13,-79],[17,-64],[-43,-71],[-17,13],[11,22],[-20,36],[-11,59],[-20,31]],[[79162,61270],[25,38]],[[79187,61308],[15,-43],[-19,-8],[-21,13]],[[76414,61635],[-60,125]],[[76354,61760],[16,17],[32,0],[29,-59],[-5,-48],[-12,-35]],[[77453,62028],[-50,-322],[-86,-314],[-75,-311],[-134,-340],[17,-282]],[[77125,60459],[-63,27],[-73,4],[-32,-26],[-53,22],[-35,-37],[-30,4],[-18,-15],[-11,-33],[-39,-34],[-15,-94],[9,-24],[-25,-52],[2,-25],[-12,-59],[-62,7],[-19,-19],[-9,-53],[-47,4],[-13,-33],[-11,12],[-30,-12],[8,-33],[-14,-48],[-40,11],[-13,-22],[-8,-89],[-22,8],[-19,-17],[12,-95],[13,-21],[-11,-16],[-14,33],[-35,6],[-21,21],[-25,62],[-15,5],[-6,41],[14,29],[28,-6],[18,34],[3,55],[15,-2],[31,49],[1,28],[-17,-3],[6,39],[12,5],[23,-25],[13,15],[20,-19],[10,20],[-25,30],[25,36],[5,53],[13,6],[17,44],[-9,56],[-35,35],[-19,-7],[-16,-43],[-32,-24],[-5,-50],[-34,-18],[-46,22],[-10,-18],[-29,65],[-42,-11],[-9,-59],[17,-44],[-14,-38],[-22,-3],[3,-38],[-21,-14],[0,-24],[-25,-49],[5,-29],[-30,-27],[-40,1],[-10,-25],[-33,7],[-23,-71],[-8,47],[-17,33],[11,102],[-9,42],[-4,74],[-20,54],[19,9],[6,25],[35,54],[-1,60],[12,12],[-34,22],[-22,-62],[-32,-68],[23,-15],[-37,-31],[-25,-48],[0,-53],[-13,-12],[7,-63],[24,-15],[-21,-25],[-19,-50],[18,-10],[-42,-19],[-3,-26],[-18,-2],[-57,-43],[-30,-57],[-63,-149],[-40,-146],[-50,-116],[6,-36],[-12,-37],[-18,-16],[-9,-38],[-31,-42],[-10,-44]],[[75578,59162],[-1,12]],[[75577,59174],[6,145],[-21,40]],[[75562,59359],[-54,680],[118,504],[88,363],[296,72],[357,151],[125,340],[-36,76]],[[76456,61545],[9,-2],[40,73],[-1,18],[32,13],[38,47],[33,61],[23,-12],[80,43],[120,103],[120,124],[22,3],[26,-36],[38,-1],[116,53],[10,-8],[71,28],[40,5],[104,-28],[76,-1]],[[93840,53535],[-2,-64],[45,-36],[31,-15],[21,-44],[-38,30],[-12,-22],[11,-54],[46,11],[4,29],[32,-18],[-11,-26],[29,-65],[-27,-69],[-58,-9],[-23,-29],[-6,13],[-49,-29],[-52,-9],[-50,4],[-13,-13],[35,-16],[11,-21],[-2,-63],[28,45],[18,-5],[-11,-52],[26,26],[-5,-29],[-22,1],[-25,-24],[-18,-42],[-31,14],[-18,-51],[11,-32],[22,-4],[-29,-17],[-10,89],[-37,-65],[-14,-42],[5,-32],[18,-17],[-1,-25],[-28,-2],[-14,21],[-8,-23],[-29,-2],[17,25],[-24,-2],[-3,-23],[-42,-3],[-184,-92],[-269,-59],[-180,113],[-21,306],[-6,186],[-18,152],[-25,129],[-63,127],[-108,122],[-57,38],[-93,13],[-56,-34],[-75,-25],[-75,-14],[-52,-30],[-28,-72],[-37,-141],[-48,-220],[-6,-213],[-26,-302],[-47,-314],[-91,-270],[-78,-173],[-88,-123],[-86,-170],[-84,-76],[-111,-77],[-108,-93],[-133,7],[-110,42],[-88,41],[-93,49],[-119,44],[-61,200],[101,140],[142,61],[110,89],[115,110],[71,173],[69,163],[70,159],[111,229],[146,198],[157,233],[85,212],[140,134],[28,229],[9,49],[-7,14],[-37,203],[-84,445],[-22,422],[0,25],[-277,392],[-204,288],[-329,178],[-428,11],[-180,-137],[-315,-209],[-292,-324],[-207,-1024],[-270,-183],[-149,-137],[-182,-188],[-323,-22],[-474,28],[-78,44],[-243,12],[-169,-1],[-206,-57],[-220,-149],[-193,-211],[-204,-409],[-445,-38],[-356,-68],[-528,-76],[-539,-120],[-407,-164],[-494,-206],[-462,-298],[-523,-312],[-478,-233],[-391,-65],[63,128],[110,74],[109,34],[94,61],[19,22],[19,-3],[30,22],[31,5],[83,48],[121,60],[54,42],[96,59],[21,21],[33,13],[71,48],[50,52],[32,18],[46,40],[34,102],[37,29],[30,-5],[1,-25],[-51,-17],[-19,-21],[-10,-47],[138,94],[56,63],[47,42],[39,22],[23,27],[22,-6],[35,23],[28,34],[46,38],[51,32],[97,89],[30,36],[56,45],[64,71],[62,59],[18,62],[17,2],[64,87],[13,-9],[17,28],[43,23],[34,44],[73,39],[39,11],[17,73],[28,65],[46,59],[-1,35],[18,55],[41,29],[20,3],[52,56],[30,18],[65,85],[7,36],[-12,72],[5,25],[-43,122],[143,78],[508,9],[529,-17],[259,34],[261,81],[276,367],[54,271],[29,-13],[61,4],[-14,-31],[33,-44],[29,-18],[-6,53],[-15,37],[59,50],[32,0],[34,23],[53,14],[37,30],[33,40],[18,2],[-10,-39],[12,-21],[7,54],[24,26],[42,103],[86,97],[76,54],[26,49],[63,59],[48,0],[24,-18],[54,-5],[69,39],[18,31],[17,96],[64,-9],[43,13],[184,-58],[238,128],[117,105],[180,-63],[163,22],[74,95],[21,137],[46,386],[280,154],[475,633],[292,409],[250,563],[237,529],[100,1],[382,14],[320,13],[109,-6],[149,5],[221,-6],[91,-14],[73,2],[186,-9]],[[92205,58418],[-45,-189],[-87,-491],[-6,-104],[70,-339],[62,-102],[-300,-291],[-120,-407],[88,-421],[290,-151],[269,15],[280,-122],[113,-114],[62,-107],[71,-159],[53,-154],[20,-126],[-1,-157],[-17,-155],[-15,-174],[21,-135],[97,-266],[28,-111],[16,-316],[33,-96],[17,-66],[-8,-104],[-32,-36],[-18,-48],[-11,-212],[-21,-190],[-39,-114],[-7,-64],[44,-65],[162,-17],[40,33],[70,92],[43,126],[49,174],[56,152],[137,125],[171,3]],[[90848,57116],[0,-147],[49,-225],[136,-72],[147,33],[88,60],[42,169],[-4,182],[-20,172],[-22,160],[-119,25],[-123,-71],[-155,-136],[-19,-150]],[[90428,57207],[-19,13],[-142,-16],[-187,-152],[-123,-227],[143,-189],[140,-37],[162,152],[117,194],[20,193],[-111,69]],[[74958,62614],[0,0]],[[74913,62652],[0,0]],[[75410,62097],[-286,-355],[-223,-107],[-255,-92],[-494,63],[-253,222],[-140,249],[-78,362],[-73,158]],[[73608,62597],[23,46],[47,62],[49,-19],[70,38],[29,-12],[42,28],[18,28],[30,76],[3,34],[24,65],[49,28],[23,44],[59,34],[46,73],[51,61],[29,22],[27,-20],[-2,-49],[-19,-52],[16,-77],[22,-31],[100,-18],[25,-57],[0,-109],[9,5],[53,-77],[7,-22],[-19,-143],[-21,-81],[-9,-115],[22,-97],[-18,-8],[-18,-44],[9,-19],[33,9],[25,75],[57,100],[-22,33],[29,37],[23,-36],[65,91],[31,28],[28,42],[49,30],[16,23],[45,25],[-10,-52],[-29,-40],[-57,-56],[-29,-71],[-16,-55],[-23,-45],[45,52],[17,59],[26,33],[-1,15],[29,26],[53,7],[69,27],[42,-24],[59,-4],[26,5],[74,-3],[18,-27],[33,-22],[27,14],[48,-27],[2,-22],[22,-18],[18,9],[6,-62],[14,-20],[25,-1],[24,34],[8,-51],[42,-16],[45,-63],[-1,-43],[11,-69],[30,-41]],[[74180,63190],[0,0]],[[74178,63187],[0,0]],[[74168,63178],[0,0]],[[74164,63174],[0,0]],[[74122,63124],[0,0]],[[74119,63121],[0,0]],[[74103,63094],[0,0]],[[74102,63092],[0,0]],[[74098,63085],[0,0]],[[74091,63070],[0,0]],[[74078,63053],[0,0]],[[74066,63043],[0,0]],[[74040,63035],[0,0]],[[74034,63028],[0,0]],[[74028,63026],[0,0]],[[74022,63021],[0,0]],[[74018,63016],[0,0]],[[74015,63011],[0,0]],[[74013,63007],[0,0]],[[74012,63005],[0,0]],[[74009,62998],[0,0]],[[74007,62996],[0,0]],[[74007,62994],[0,0]],[[74004,62989],[0,0]],[[74003,62985],[0,0]],[[74001,62981],[0,0]],[[73998,62976],[0,0]],[[73996,62973],[0,0]],[[73995,62971],[0,0]],[[73994,62969],[0,0]],[[73980,62965],[0,0]],[[73974,62958],[0,0]],[[73971,62955],[0,0]],[[73967,62953],[0,0]],[[73956,62947],[0,0]],[[73941,62933],[0,0]],[[73939,62925],[0,0]],[[73938,62924],[0,0]],[[73937,62923],[0,0]],[[73935,62919],[0,0]],[[73934,62916],[0,0]],[[73933,62915],[0,0]],[[73930,62913],[0,0]],[[73928,62897],[0,0]],[[73926,62889],[0,0]],[[73923,62882],[0,0]],[[73918,62864],[0,0]],[[73906,62818],[0,0]],[[73903,62809],[0,0]],[[73899,62797],[0,0]],[[73875,62750],[0,0]],[[73863,62735],[0,0]],[[73856,62728],[0,0]],[[73854,62727],[0,0]],[[73851,62724],[0,0]],[[73771,62711],[0,0]],[[73775,62715],[0,0]],[[73766,62709],[0,0]],[[73765,62708],[0,0]],[[73765,62708],[0,0]],[[73762,62706],[0,0]],[[73759,62702],[0,0]],[[73756,62699],[0,0]],[[73754,62696],[0,0]],[[73751,62694],[0,0]],[[73745,62691],[0,0]],[[73684,62704],[0,0]],[[73668,62691],[0,0]],[[73663,62686],[0,0]],[[73657,62674],[0,0]],[[73657,62669],[0,0]],[[73655,62666],[0,0]],[[73653,62661],[0,0]],[[73650,62657],[0,0]],[[73648,62654],[0,0]],[[73647,62653],[0,0]],[[73641,62649],[0,0]],[[73635,62645],[0,0]],[[73633,62643],[0,0]],[[73624,62629],[0,0]],[[73624,62626],[0,0]],[[73623,62625],[0,0]],[[73618,62610],[0,0]],[[73616,62607],[0,0]],[[73615,62603],[0,0]],[[74394,62257],[0,0]],[[74396,62254],[0,0]],[[74408,62186],[0,0]],[[74411,62190],[0,0]],[[74418,62196],[0,0]],[[74420,62201],[0,0]],[[75403,62104],[0,0]],[[74425,62220],[0,0]],[[74432,62238],[0,0]],[[74433,62240],[0,0]],[[74435,62243],[0,0]],[[74435,62245],[0,0]],[[74437,62252],[0,0]],[[74438,62253],[0,0]],[[74438,62257],[0,0]],[[74439,62259],[0,0]],[[74440,62265],[0,0]],[[74445,62275],[0,0]],[[74446,62278],[0,0]],[[74447,62279],[0,0]],[[74449,62283],[0,0]],[[74452,62290],[0,0]],[[74453,62292],[0,0]],[[74457,62298],[0,0]],[[74459,62302],[0,0]],[[74463,62310],[0,0]],[[74464,62312],[0,0]],[[74464,62313],[0,0]],[[74468,62320],[0,0]],[[74472,62326],[0,0]],[[74474,62329],[0,0]],[[74478,62334],[0,0]],[[74479,62336],[0,0]],[[74483,62342],[0,0]],[[74610,62335],[0,0]],[[74616,62337],[0,0]],[[74620,62340],[0,0]],[[74622,62342],[0,0]],[[74623,62343],[0,0]],[[74626,62346],[0,0]],[[74629,62350],[0,0]],[[74631,62352],[0,0]],[[74632,62358],[0,0]],[[74633,62365],[0,0]],[[74636,62369],[0,0]],[[74644,62375],[0,0]],[[74645,62386],[0,0]],[[74645,62388],[0,0]],[[74646,62391],[0,0]],[[74648,62396],[0,0]],[[74649,62401],[0,0]],[[74651,62405],[0,0]],[[74652,62410],[0,0]],[[75268,62361],[0,0]],[[74653,62413],[0,0]],[[74654,62417],[0,0]],[[74655,62420],[0,0]],[[74657,62424],[0,0]],[[74657,62424],[0,0]],[[74659,62428],[0,0]],[[74661,62435],[0,0]],[[74663,62438],[0,0]],[[74663,62439],[0,0]],[[74665,62442],[0,0]],[[74666,62444],[0,0]],[[74669,62449],[0,0]],[[74672,62452],[0,0]],[[74673,62454],[0,0]],[[74679,62459],[0,0]],[[74682,62461],[0,0]],[[74687,62466],[0,0]],[[74690,62470],[0,0]],[[75191,62419],[0,0]],[[75193,62422],[0,0]],[[75195,62424],[0,0]],[[74688,62480],[0,0]],[[75172,62426],[0,0]],[[74694,62493],[0,0]],[[74744,62514],[0,0]],[[75065,62482],[0,0]],[[74759,62519],[0,0]],[[74761,62520],[0,0]],[[74782,62525],[0,0]],[[74795,62530],[0,0]],[[74937,62517],[0,0]],[[74800,62533],[0,0]],[[74941,62517],[0,0]],[[74882,62524],[0,0]],[[74953,62519],[0,0]],[[74962,62521],[0,0]],[[74987,62522],[0,0]],[[74993,62521],[0,0]],[[75011,62523],[0,0]],[[75014,62524],[0,0]],[[75018,62524],[0,0]],[[74896,62523],[0,0]],[[74801,62534],[0,0]],[[74803,62536],[0,0]],[[74485,62345],[0,0]],[[74488,62350],[0,0]],[[74490,62352],[0,0]],[[74491,62355],[0,0]],[[74494,62357],[0,0]],[[74496,62360],[0,0]],[[74497,62362],[0,0]],[[74498,62364],[0,0]],[[74501,62371],[0,0]],[[74502,62374],[0,0]],[[74491,62399],[0,0]],[[74530,62409],[0,0]],[[74534,62411],[0,0]],[[74536,62414],[0,0]],[[74539,62418],[0,0]],[[74541,62423],[0,0]],[[74541,62424],[0,0]],[[74542,62425],[0,0]],[[74544,62430],[0,0]],[[74546,62432],[0,0]],[[74550,62437],[0,0]],[[74553,62440],[0,0]],[[74556,62445],[0,0]],[[74558,62448],[0,0]],[[74559,62449],[0,0]],[[74562,62453],[0,0]],[[74564,62456],[0,0]],[[74565,62459],[0,0]],[[74567,62462],[0,0]],[[74570,62465],[0,0]],[[74572,62467],[0,0]],[[74573,62468],[0,0]],[[74577,62475],[0,0]],[[74578,62476],[0,0]],[[74590,62494],[0,0]],[[74593,62496],[0,0]],[[74595,62499],[0,0]],[[74599,62503],[0,0]],[[74629,62532],[0,0]],[[74634,62537],[0,0]],[[74636,62541],[0,0]],[[74640,62548],[0,0]],[[74640,62550],[0,0]],[[74644,62555],[0,0]],[[74648,62559],[0,0]],[[74649,62561],[0,0]],[[74649,62562],[0,0]],[[74654,62569],[0,0]],[[74660,62573],[0,0]],[[74664,62576],[0,0]],[[74669,62579],[0,0]],[[74679,62585],[0,0]],[[74682,62588],[0,0]],[[74692,62593],[0,0]],[[74703,62598],[0,0]],[[74704,62602],[0,0]],[[74708,62610],[0,0]],[[74721,62619],[0,0]],[[74722,62620],[0,0]],[[74731,62625],[0,0]],[[74732,62625],[0,0]],[[74736,62629],[0,0]],[[74740,62633],[0,0]],[[74741,62634],[0,0]],[[74743,62636],[0,0]],[[74756,62641],[0,0]],[[93302,59040],[-16,-743],[59,-393],[166,-595],[-62,-231],[-238,-110],[-268,-133],[-101,304],[-64,289],[85,440],[-39,330],[-40,215],[-8,23]],[[92776,58436],[307,8],[12,62],[-14,11],[22,68],[25,21],[18,50],[18,25],[-7,34],[40,150],[-41,57],[60,-7],[27,44],[-3,30],[27,15],[35,36]],[[74687,63690],[33,-263],[121,-91]],[[74841,63336],[-27,-54],[-27,-19],[-15,-37],[-35,-45],[-55,-14],[-27,-60],[-3,-52],[13,-16],[-16,-27],[-17,19],[-30,-36],[4,-24],[-16,-42],[-54,-45],[-11,-82],[-12,-49],[-46,-77],[-20,-4],[-14,73],[-33,40],[1,59],[9,26],[62,64],[13,36],[-3,80],[13,56],[-3,35],[-79,-136],[35,34],[22,3],[-1,-65],[-17,-38],[-56,-34],[-11,7],[-20,64],[-117,17],[-12,18],[-19,78],[21,42],[-4,93],[51,22],[89,115],[35,78],[44,74],[59,52],[14,-1],[46,27],[39,41],[53,18],[23,40]],[[74683,63678],[0,0]],[[74674,63660],[0,0]],[[74658,63645],[0,0]],[[74656,63644],[0,0]],[[74654,63643],[0,0]],[[74642,63638],[0,0]],[[74639,63637],[0,0]],[[74629,63634],[0,0]],[[74592,63613],[0,0]],[[74542,63573],[0,0]],[[74540,63572],[0,0]],[[74511,63564],[0,0]],[[74505,63554],[0,0]],[[74498,63549],[0,0]],[[74486,63541],[0,0]],[[74485,63539],[0,0]],[[74477,63531],[0,0]],[[74462,63518],[0,0]],[[74451,63511],[0,0]],[[74445,63496],[0,0]],[[74434,63476],[0,0]],[[74401,63415],[0,0]],[[74397,63398],[0,0]],[[74388,63383],[0,0]],[[74384,63374],[0,0]],[[74364,63344],[0,0]],[[74362,63342],[0,0]],[[74360,63339],[0,0]],[[74359,63337],[0,0]],[[74354,63331],[0,0]],[[74350,63326],[0,0]],[[74348,63322],[0,0]],[[74345,63318],[0,0]],[[74340,63315],[0,0]],[[74337,63310],[0,0]],[[74335,63307],[0,0]],[[74330,63301],[0,0]],[[74328,63299],[0,0]],[[74324,63295],[0,0]],[[74320,63290],[0,0]],[[74311,63279],[0,0]],[[74304,63269],[0,0]],[[74300,63263],[0,0]],[[74284,63244],[0,0]],[[74737,63182],[0,0]],[[74730,63182],[0,0]],[[74721,63177],[0,0]],[[74701,63171],[0,0]],[[74704,63170],[0,0]],[[74693,63171],[0,0]],[[74637,63031],[0,0]],[[74624,63030],[0,0]],[[74542,62891],[0,0]],[[74645,63021],[0,0]],[[73573,64605],[-31,-19],[4,20],[27,-1]],[[74051,64622],[0,0]],[[37179,59603],[-30,1],[-20,16],[50,-17]],[[74052,64725],[0,0]],[[37015,59656],[30,10],[-7,-18],[-23,8]],[[74022,64803],[0,0]],[[36917,59647],[-1,18],[63,-27],[-36,-7],[-52,29],[-15,29],[41,-42]],[[36684,59785],[31,-19],[37,-39],[-12,-4],[-45,38],[-11,24]],[[74130,65107],[0,0]],[[74332,65094],[0,0]],[[74349,65125],[0,0]],[[74174,65141],[0,0]],[[74213,65177],[-14,1],[53,36],[23,3],[-62,-40]],[[74295,65231],[0,0]],[[74441,65216],[0,0]],[[74318,65246],[0,0]],[[74459,65253],[0,0]],[[74382,65202],[-16,-26],[53,48],[-97,-104],[-107,-97],[12,-17],[12,27],[43,32],[6,-53],[-15,-26],[-49,-47],[-32,-4],[-22,-48],[-82,-44],[-55,-2],[-39,-21],[-44,-47],[-18,-2],[-56,-39],[8,-9],[-64,-49],[5,-35],[21,8],[35,-8],[49,21],[-29,-33],[-112,-62],[-52,-22],[-48,-38],[-54,-11],[-22,17],[-17,39],[-30,6],[37,65],[-16,8],[46,30],[18,35],[-40,-37],[-32,-15],[-1,32],[47,58],[93,74],[82,48],[94,65],[21,2],[19,24],[50,39],[-2,-18],[35,16],[52,39],[15,40],[115,84],[-4,11],[47,31],[-39,-35],[96,43],[8,-10],[34,48],[13,-18],[26,39],[28,18],[-6,-22],[-27,-14],[-19,-37],[77,72],[21,12],[-49,-62],[-23,-19]],[[74527,65365],[0,0]],[[36612,60440],[0,0]],[[36544,60588],[0,0]],[[36522,60732],[1,-44],[-19,67],[18,-23]],[[36317,60932],[0,0]],[[36106,60872],[29,15],[-2,-16],[-27,1]],[[36253,60941],[-24,-6],[-22,28],[46,-22]],[[36795,63049],[0,0]],[[36748,63087],[-11,-33],[9,-27],[-26,13],[6,-44],[-20,0],[-30,63],[37,66],[30,-17],[5,-21]],[[36464,62942],[-5,-45],[17,-29],[-70,27],[54,64],[-9,25],[19,54],[5,-75],[-11,-21]],[[36720,63219],[21,1],[16,-39],[18,4],[4,-41],[-32,-11],[-53,23],[26,63]],[[36490,63161],[16,-79],[-29,49],[0,70],[13,-40]],[[36575,63277],[0,0]],[[36539,63332],[-6,-83],[33,-89],[-15,-56],[-24,-20],[-16,74],[-39,76],[7,17],[2,65],[75,55],[-17,-39]],[[37021,63630],[-10,-36],[47,-15],[20,-21],[-64,-46],[-23,-54],[-25,24],[16,46],[33,23],[-9,40],[-24,-10],[12,-33],[-35,-5],[-9,-66],[1,-43],[-27,4],[-14,28],[14,71],[-14,41],[16,33],[0,82],[21,54],[16,16],[5,59],[20,-12],[0,-49],[25,-42],[-7,-58],[15,-31]],[[36957,63868],[-22,25],[28,-7],[-6,-18]],[[36907,63980],[16,21]],[[36923,64001],[39,-26],[-47,-19],[-8,24]],[[36925,64004],[21,28]],[[36946,64032],[1,-27],[-22,-1]],[[36949,64054],[1,6]],[[36950,64060],[-1,-6]],[[68193,66262],[-68,-147],[-185,-312],[-210,-472],[-138,-620],[-164,-495],[-199,-466],[-635,-51],[-504,54],[-218,319],[-87,422],[-319,271],[-491,127],[-415,42],[-338,-115],[-536,-68],[-324,-220],[-135,-6],[6,-50],[-37,-64],[-151,-80],[-379,52],[-79,-994],[-92,-307],[19,-883],[234,-368],[43,-459],[24,-225],[97,22],[293,-42],[164,-113],[132,-318],[183,-100],[109,-205],[34,-131],[149,-163],[265,-112],[275,-176],[61,-302],[5,-318],[-90,-196],[-66,-159],[-104,-276],[2,-309],[122,-196],[151,-132],[184,-59],[185,33],[67,211],[140,340],[53,448],[90,204],[123,20],[101,-223],[-2,-362],[-8,-267],[-34,-287],[-162,-530],[-249,-197],[-231,-148],[-186,-269],[-336,-521],[-212,-199],[-121,-168],[-109,-142],[-41,-247],[-106,-210],[-135,-121],[-117,-97],[-200,-43],[-248,-32],[-194,-8],[-109,103],[-317,45],[-288,-16],[-305,24],[-377,80],[162,-379],[146,-615],[154,-435],[109,-103],[-44,-607],[-85,-807],[139,-595],[431,-278],[22,177],[88,140],[97,177],[170,78],[171,91],[280,-5],[243,-139],[378,-496],[143,-91],[222,-34],[147,-1],[117,29],[158,22],[115,27],[169,4],[207,33],[200,24],[180,-41],[171,-1],[123,142],[9,278],[-36,143],[-100,339],[-24,208],[-34,179],[-83,184],[-112,180],[-102,155],[-184,206],[-143,236],[-14,299],[-58,317],[7,255],[0,211],[95,81],[166,76],[115,78],[182,109],[105,123],[165,112],[171,142],[171,71],[223,29],[115,46],[75,133],[33,145],[40,255],[87,194],[147,84],[69,114],[17,149],[-101,327],[-141,450],[-188,654],[-250,547],[-65,211],[-137,343],[-71,319],[255,233],[281,-228],[618,-326],[448,-298],[279,-308],[384,-500],[510,-581],[289,-373],[193,-216],[271,-158],[108,-45],[179,-33],[187,66],[187,78],[134,8],[97,84],[101,73],[175,159],[184,125],[157,-1],[145,-81],[137,-144],[99,-178],[130,-193],[186,-165],[202,-18],[210,26],[149,161],[79,130],[101,282],[143,236],[141,193],[134,95],[208,235],[275,172],[127,201],[204,154],[136,247],[265,89],[202,-122],[143,-348],[28,-336],[64,-363],[120,-139],[214,-10]],[[74894,57465],[0,-31],[-201,-3],[-116,104],[-78,202],[-61,466],[-48,208],[-108,209],[-117,88],[-127,-10],[-157,-63],[-121,-230],[-162,-100],[-74,-102],[-144,-149],[-176,-118],[-168,-184],[-194,-168],[-129,-164],[-161,-240],[-139,-376],[-176,-255],[-185,-32],[-241,-13],[-116,38],[-169,152],[-120,186],[-96,190],[-158,120],[-118,82],[-146,-34],[-143,-70],[-131,-158],[-37,-322],[-123,-240],[-179,-40],[-200,-51],[-182,-81],[-149,-105],[-160,-34],[-152,55],[-145,123],[-167,167],[-130,152],[-168,265],[-99,128],[-183,199],[-214,202],[-282,56],[-71,110],[-315,350],[-261,198],[-215,-21],[-45,-101],[31,-211],[6,-258],[133,-193],[172,-208],[28,-85],[33,-156],[-4,-183],[-30,-307],[-25,-344],[-39,-257],[-37,-281],[70,-233],[153,-52],[164,-19],[152,-42],[163,-60],[124,12],[187,29],[142,15],[142,-33],[90,-64],[57,-197],[-5,-175],[-106,-275],[-72,-418],[-63,-380],[-40,-202],[-120,-201],[-26,-28],[-151,-51],[-120,4],[-53,41],[-61,104],[-131,171],[-112,227],[-102,195],[-49,117],[-422,678],[-351,205],[-297,48],[-208,26],[-356,40],[-393,-23],[-310,-135],[-101,-335],[46,-385],[49,-304],[91,-294],[131,-277],[201,-216],[188,-31],[172,-188],[87,-224],[-20,-112],[-101,-110],[76,-121],[190,-49],[6,-258],[-146,-402],[-93,-67],[-62,-39],[-71,-27],[-73,-20],[-89,16],[-115,9],[-139,4],[-123,37],[-87,-18],[-233,-26],[-151,-15],[-131,-23],[-137,-30],[-139,-14],[-118,-15],[-153,-25],[-160,34],[-141,59],[-180,-3],[-149,17],[-124,75],[-160,16],[-313,-58],[-158,-231],[-69,-323],[58,-347],[-33,-163],[-115,-124],[-97,-202],[-40,-252],[34,-184],[120,-223],[-2,-131],[-22,-211],[-147,-193],[-126,-125],[8,-170],[47,-101]],[[62487,48462],[-42,33],[-78,76],[-155,126],[-30,85],[-44,103],[-130,159],[-116,133],[-18,356],[-10,448],[-288,854],[-136,253],[6,28],[-246,278],[-133,146],[-83,289],[-31,360],[-63,89],[-73,163],[-122,43],[-71,32],[-101,90],[-42,68],[-115,97],[-131,67],[-75,98],[-85,26],[-100,43],[-111,34],[-103,80],[-56,134],[-29,153],[-4,218],[3,205],[78,225],[113,96],[63,187],[7,256],[-71,292],[-33,256],[33,216],[38,302],[160,141],[147,149],[92,146],[103,79],[21,99],[54,72],[7,33],[65,136],[-37,114],[-27,127],[115,324],[399,366],[452,87],[286,-7],[225,-25],[313,-49],[127,87],[108,110],[102,167],[116,217],[85,207],[109,191],[18,235],[-121,247],[-163,127],[-228,140],[-226,95],[-270,78],[-303,104],[-142,97],[-133,156],[51,91],[158,141],[38,179],[-62,323],[48,255],[144,216],[144,203],[25,286],[188,281],[159,353],[22,453],[-60,286],[-16,298],[0,224],[-56,221],[-98,329],[-189,370],[-136,96],[-237,22],[-212,250],[-121,27],[-504,48],[-211,19],[-461,-66],[-641,-223],[-214,15],[-24,454],[-100,48],[-208,-170],[-473,482],[-472,-99],[-325,54],[-117,-36],[-232,-63],[-171,-141],[-235,-148],[-193,-216],[-206,-188],[-130,-184],[-123,-258],[-110,-182],[-111,-130],[-82,-150],[-69,-138],[-56,-235],[-37,-268],[-27,-162],[-47,-145],[-17,-62],[-28,-48],[-96,-135],[-187,-76],[-221,-53],[-290,10],[-247,105],[-241,100],[-240,137],[-254,206],[-334,120],[-404,63],[-576,-173],[-541,-113],[-85,107],[33,198],[42,176],[132,144],[248,25],[122,80],[25,205],[-75,194],[-11,18],[-4,312],[21,310],[44,334],[-14,371],[-42,155],[-124,41],[-90,12],[-143,52],[-124,98],[-87,178],[-50,81],[-74,74],[-59,-53],[-82,-159],[-43,-127],[65,-283],[72,-221],[93,-184],[25,-156],[-31,-92],[-101,-138],[-227,-197],[-418,-294],[-244,-151],[-64,-115],[94,-102],[-34,-28],[-46,-184],[-204,-284],[-144,-180],[-188,-114],[-115,-215],[-45,-211],[-109,-276],[-46,-199],[-36,-202],[-15,-233],[106,-398],[116,-395],[150,-573],[176,-264],[274,-344],[175,-212],[190,-162],[162,-384],[114,-325],[-156,-581],[-40,-499],[35,-595],[17,-453],[36,-593],[57,-397],[75,-425],[31,-258],[98,-272],[60,-307],[60,-154],[-68,-174],[-106,-93],[-261,-42],[-295,-64],[-163,-127],[-336,-284],[-260,-304],[-132,115],[86,436],[56,531],[-38,599],[-107,456],[-154,386],[-63,458],[23,921],[-27,665],[-62,496],[-86,639],[5,6],[-13,158],[-122,404],[-29,428],[-103,346],[-214,150],[-202,163],[-275,50],[-198,-137],[-80,-137],[-170,-214],[-176,-283],[8,-364],[35,-380],[-102,-235],[-127,-343],[-94,-426],[-107,-366],[-63,-397],[-284,-199],[-179,-235],[-188,-316],[-101,-277],[-113,-228],[-89,-144],[-214,-70],[-283,-84],[-429,102],[-345,32],[-269,152],[-360,309],[-312,127],[-188,-167],[-82,-206],[-65,-147],[-21,-97],[-94,-93],[-143,-137],[-37,-44],[-64,-29],[-155,-37],[-235,122],[-188,66],[-227,51],[-123,255],[-97,219],[-33,259],[38,167],[121,137],[120,184],[458,-165],[110,32],[243,516],[119,76],[39,186],[34,224],[86,194],[105,444],[-58,421],[-185,231],[-122,393],[-29,151],[0,199],[44,140],[25,188],[189,165],[226,150],[256,673],[5,656],[-121,266],[39,255],[86,160],[138,100],[155,160],[70,345],[29,259],[-206,832],[-255,610],[-155,903],[-35,380],[4,353],[-41,818],[0,218]],[[44064,67030],[287,1],[40,-136],[96,-258],[222,-320],[171,-282],[139,-379],[37,-257],[68,-219],[218,-269],[284,-306],[105,-179],[167,-308],[-6,-270],[-66,-250],[-84,-187],[-166,-236],[-132,-193],[-131,-114],[-101,-137],[-28,-190],[-41,-308],[-125,-654],[-176,-982],[-143,-909],[-71,-634],[-67,-384],[-2,-329],[33,-295],[-31,-180],[-56,-762],[181,-433],[393,-231],[383,109],[431,134],[276,255],[301,382],[104,111],[164,192],[53,331],[-54,752],[45,583],[140,307],[128,145],[134,121],[24,100],[-12,141],[-51,47],[27,196],[38,193],[82,96],[-134,71],[-141,-57],[-95,-13],[-49,152],[-16,236],[40,202],[93,89],[81,-23],[186,10],[225,87],[335,212],[150,0],[252,-28],[242,-48],[176,-12],[162,102],[174,223],[75,321],[82,271],[64,200],[61,131],[280,74],[138,-5],[119,57],[80,110],[-4,176],[158,208],[222,171],[297,273],[396,239],[183,207],[138,196],[77,192],[3,197],[-64,223],[-220,355],[-185,328],[-48,334],[127,880],[158,53],[442,0],[249,-2],[374,3],[616,-2],[198,-24],[246,-780],[-2,-253],[-56,-221],[-219,-362],[-229,-357],[-119,-435],[-134,-446],[53,-502],[72,-320],[129,-164],[147,-112],[427,-83],[513,1],[336,47],[266,298],[356,432],[195,319],[108,356],[104,357],[292,298],[413,295],[321,299],[497,248],[365,42],[157,-201],[287,-163],[245,-59],[201,-23],[255,48],[264,-48],[255,-92],[363,326],[122,92],[210,-188],[122,-406],[97,-314],[361,-63],[428,4],[565,-72],[378,-129],[251,-160],[284,-67],[307,18],[257,28],[298,-24],[249,-15],[199,115],[228,328],[82,251],[272,92],[265,-47],[206,-14],[136,1],[216,-26],[206,-57],[94,-90],[258,-45],[231,-81],[186,-104],[231,-150],[229,-204],[267,-117],[257,-12],[124,165],[43,164],[188,278],[87,223],[119,176],[129,177],[162,323],[-192,570],[-346,594],[-30,65],[175,-1],[2,831],[36,-36],[70,-35],[45,8],[26,26],[35,5],[44,-34],[49,-49],[64,-20],[-11,-50],[24,-136],[9,-103],[27,-156],[24,-46],[73,-451],[-7,-37],[5,-52],[-21,-40],[15,-102],[48,-59],[5,-19],[73,-58],[18,0],[30,-30],[89,-19],[33,36],[29,6],[37,-18],[29,-2],[39,14],[40,-24],[14,-39],[2,-54],[38,-14],[19,6],[66,-16],[27,2]],[[49691,57088],[0,0]],[[62804,60747],[-86,-128],[76,-107],[94,-183],[83,-262],[-46,-124],[21,-37],[174,-399],[87,-248],[173,-282],[14,2],[118,-41],[119,-116],[202,183],[106,114],[158,34],[164,-96],[147,2],[68,191],[-31,170],[-210,42],[-200,2],[-145,104],[-103,347],[-166,201],[-192,166],[-224,278],[-244,194],[-157,-7]],[[62735,60573],[-126,89],[-272,-40],[-88,-159],[6,-310],[39,-216],[182,-71],[224,147],[123,97],[-40,325],[-48,138]],[[63374,57620],[-183,-147],[-175,-195],[-201,-115],[-384,34],[-279,11],[-284,49],[-286,35],[-321,-49],[-192,-72],[-109,-191],[-134,-127],[-51,-172],[-74,-161],[-88,-203],[-34,-192],[-42,-211],[10,-229],[24,-210],[142,-21],[225,134],[178,158],[288,89],[465,-40],[223,-228],[212,-179],[235,10],[333,68],[295,206],[267,192],[429,648],[234,256],[212,227],[180,140],[178,239],[-22,238],[-174,157],[-220,28],[-194,4],[-144,12],[-141,28],[-107,2],[-150,-19],[-117,-185],[-24,-19]],[[61239,53006],[176,-116],[98,51],[89,256],[64,192],[103,116],[145,48],[44,113],[-106,199],[-185,281],[-73,201],[-47,234],[-4,239],[-113,69],[-123,-36],[-174,-21],[-148,-30],[-142,-49],[-218,-31],[-32,-109],[65,-344],[62,-233],[11,-239],[48,-274],[84,-75],[67,-45],[67,-149],[133,-104],[109,-144]],[[37158,64885],[-28,11],[0,27],[28,-38]],[[36735,65093],[0,0]],[[36735,65093],[0,0]],[[36341,63474],[33,19]],[[36374,63493],[110,65]],[[36484,63558],[1,1]],[[36485,63559],[187,110],[220,292]],[[36892,63961],[13,-23],[-15,-92],[47,-7],[10,-20],[-39,-86],[-3,-92],[-23,-73],[19,-43],[-15,-21],[-24,-77],[-12,16],[17,-65],[19,-32],[-2,-29],[-20,-35],[-21,-12],[-12,22],[8,35],[-20,29],[13,-46],[-18,-8],[-33,18],[-5,-16],[25,-9],[42,-69],[-14,-40],[-74,121],[15,20],[-33,14],[7,24],[-12,18],[14,49],[22,-4],[-16,28],[41,59],[12,5],[-12,74],[2,-53],[-54,-34],[-50,-57],[1,-12],[-47,-133],[21,4],[-6,-35],[21,18],[-3,-35],[19,-4],[-2,-53],[-24,-29],[-6,36],[-8,-36],[11,-39],[-7,-42],[-14,-12],[-42,88],[6,29],[-27,26],[-7,26],[11,50],[29,46],[1,81],[28,33],[-22,3],[2,45],[-21,-18],[-12,36],[4,46],[-9,24],[-15,-61],[9,-14],[-9,-89],[-14,-35],[-50,-43],[-34,-11],[-7,-89],[-13,-46],[6,-41],[-28,4],[-34,-14],[-14,20],[-61,-9],[-12,11],[29,30],[-3,20],[38,45],[-27,-6],[-27,-52],[-38,-50],[22,7],[18,-17],[56,6],[14,-16],[37,14],[24,-16],[-19,-50],[-43,-12],[-14,-31],[-15,9],[-39,-13],[-24,-46],[42,48],[26,-2],[-3,-57],[-37,-4],[-31,-33],[5,-31],[17,33],[23,-4],[30,20],[21,43],[-11,11],[27,14],[1,-20],[44,84],[22,-4],[-13,-54],[-25,-28],[-10,-49],[6,-14],[-26,-15],[-8,-31],[-18,4],[-45,-20],[-293,66],[-66,241],[-49,168],[-39,60],[-91,48],[-150,17],[-196,-83],[-251,-330],[-113,-102],[-24,180],[-43,197],[-42,30],[-20,83],[18,7],[-41,10],[-7,72],[-14,34],[-9,187],[-15,152],[-31,175]],[[34862,64101],[37,13],[112,71],[157,83],[42,107],[2,113],[-6,121],[42,71],[73,41],[77,-12],[132,-38],[234,-77],[63,-241],[148,-177],[224,-239],[-34,-364],[53,-173],[123,74]],[[36769,65740],[22,6],[10,-18],[16,30],[32,-28],[5,-50],[-20,-38],[51,-34],[35,-39],[16,-44],[-32,-43],[-26,-2],[-29,33],[-36,-6],[-19,-56],[-31,25],[11,-39],[-11,-41],[-42,-6],[-37,-16],[14,-38],[31,17],[47,9],[43,-32],[26,-54],[8,-62],[11,-16],[13,-72],[-16,-30],[27,-58],[-1,-49],[12,-21],[-3,-59],[22,10],[13,40],[-11,53],[6,18],[-14,56],[38,-3],[48,-92],[51,-37],[28,-6],[9,-84],[16,-28],[6,-48],[-6,-43],[-26,-37],[0,-39],[-25,22],[-35,2],[-16,41],[5,50],[-39,67],[-33,-8],[-14,-28],[-25,-11],[-12,12],[11,38],[-5,22],[-38,22],[-29,46],[16,44],[-21,42],[17,91],[-19,94],[-39,14],[-31,-18],[-12,47],[-23,33],[-25,13],[-39,43],[10,67],[99,237],[15,89]],[[36712,65881],[0,0]],[[36715,65915],[21,7],[-19,-28],[-2,21]],[[36943,66061],[105,-173],[182,-231],[177,-352],[124,-139],[145,-237],[251,-572],[115,-283],[82,-165],[145,-311],[120,-317],[112,-236],[64,-218],[91,-223],[51,-205],[32,-339],[81,-123],[108,-93],[263,48],[212,-97],[224,-149],[260,-227],[210,-210],[216,-137],[200,-102],[69,-227],[-7,-262],[-120,-295],[-220,-245],[-255,-261],[-296,-490],[-420,-214],[-280,-144],[-62,-14],[-232,5],[-197,90],[-202,174],[-198,264],[-219,255],[-193,119],[-202,-2],[-264,-172],[-273,-279],[-497,-323],[-347,-224],[-258,-235],[-200,-578],[-72,-766],[-3,-358],[40,-318],[-23,-258],[-186,-468],[-33,-170]],[[35363,55574],[-34,28],[-30,10],[-71,-4],[-31,16],[8,25],[-42,6],[-7,49],[-17,14],[-20,-10],[-16,-38],[3,-56],[-40,-45],[24,148],[33,326],[14,207],[7,35],[6,-92],[29,-19],[16,15],[31,-13],[-1,29],[-16,-3],[6,38],[-44,-58],[-16,20],[2,43],[-21,63],[17,177],[-5,34],[13,115],[6,191],[-8,29],[7,88],[11,40],[17,177],[30,30],[34,-37],[30,-3],[-34,23],[6,31],[-24,24],[-34,-39],[-7,153],[11,85],[8,155],[23,18],[33,-55],[-10,-33],[45,-24],[15,5],[-52,29],[16,66],[-9,22],[-41,10],[-16,-21],[8,82],[-19,27],[15,101],[2,42],[-17,67],[0,58],[10,16],[-1,58],[15,24],[31,177],[-6,-69],[21,10],[3,34],[-21,38],[8,54],[16,189],[181,284],[156,353],[206,661],[62,525],[142,536],[38,-1],[20,-12],[51,17],[36,75],[19,13],[16,-20],[72,-13],[33,-25],[32,-57],[43,-19],[21,-24],[81,-65],[21,-59],[24,-122],[46,-73],[7,-109],[27,-112],[-14,-38],[-27,-5],[-30,-93],[31,69],[27,16],[4,-51],[30,-75],[5,-48],[-13,-162],[15,-54],[-29,-40],[-4,-27],[17,-43],[-6,72],[26,34],[20,-35],[68,-67],[90,-11],[22,-14],[43,-48],[48,-21],[42,-5],[95,24],[53,-69],[28,10],[44,-2],[45,21],[47,39],[124,49],[42,37],[40,17],[41,42],[18,5],[-20,18],[-13,-27],[-53,-11],[-67,-57],[-25,2],[-49,-21],[-75,-63],[-64,-10],[-62,7],[-45,41],[-43,8],[-32,-13],[-58,15],[-143,66],[-16,-12],[-37,16],[-54,55],[-33,18],[-18,36],[-8,41],[12,88],[-1,84],[-33,99],[12,123],[-30,81],[9,65],[13,23],[-32,32],[-35,71],[-2,24],[-30,62],[8,39],[-7,57],[-40,49],[-32,-11],[-72,88],[-30,14],[-14,40],[-61,30],[-29,25],[-36,4],[-81,-46],[-20,-25],[-35,-19],[-37,16],[28,105],[281,336],[402,457],[62,115],[54,211],[-62,300],[-154,324],[-148,101],[-10,29],[14,91],[-17,47],[35,30],[38,19],[0,-52],[-15,3],[25,-55],[6,-44],[6,33],[-8,44],[9,99],[37,-76],[1,-31],[26,-15],[41,-50],[35,-4],[51,89],[30,33],[8,41],[31,40],[2,33],[17,36],[3,36],[39,97],[-13,78],[35,-27],[33,-51],[48,-38],[44,2],[-24,65],[-30,8],[17,40],[116,60],[-4,117],[-23,33],[-4,53],[-32,19],[14,21],[9,45],[-30,49],[-14,115],[-22,38],[41,44],[36,-57],[11,-59],[39,-38],[-32,44],[-12,39],[5,93],[-40,47],[-28,14],[-37,55],[30,26],[7,56],[26,24],[5,39],[-8,65],[-18,47],[3,53],[45,83],[13,7],[12,51],[-2,26],[12,71],[13,32],[4,46],[66,26],[27,34],[17,115],[-4,34],[-28,-34],[-58,45],[-5,24],[-53,72],[-29,88],[-1,54],[15,52],[-11,58],[-17,31],[-35,-3],[-20,21],[-23,-12],[11,-48],[-41,-45],[4,-44],[44,-87],[63,-82],[24,-62],[-35,9],[-5,32],[-35,54],[-25,11],[-21,47],[-26,-23],[-22,26],[-30,112],[1,115],[7,29],[34,15],[27,-6],[12,36],[71,-52],[4,35],[26,61],[-25,35],[-5,28],[-50,35],[-51,62],[-48,18],[-1,37],[-21,29],[-4,33],[12,48],[-33,5],[-5,-37],[-33,-15],[-3,-17],[-45,-9],[-20,33],[-4,40],[26,25],[-5,40],[-25,47],[-23,5],[92,55],[23,0],[11,-31],[-4,-59],[8,-35],[13,-1],[-8,49],[24,31],[24,-71],[13,-19],[56,-2],[5,23],[-18,60],[4,46],[-19,70]],[[36625,66002],[-15,-60],[-27,-26],[9,30],[-21,22],[13,34],[41,0]],[[36910,66114],[14,-23]],[[36924,66091],[-50,38],[36,-15]],[[36855,66046],[6,-33],[-23,19],[-42,-27],[-19,7],[-4,43],[8,88],[39,-62],[35,-35]],[[36520,66107],[-3,-24],[15,-44],[20,3],[-24,-85],[26,-48],[-4,-70],[21,6],[26,44],[-6,-33],[19,-19],[-17,-54],[-29,20],[-47,-29],[-1,43],[10,17],[-41,5],[-16,27],[-14,-5],[-1,69],[9,51],[19,5],[-2,75],[31,16],[9,30]],[[36600,66139],[26,-21],[17,-40],[-37,-58],[-22,32],[-5,74],[21,13]],[[36718,66170],[4,-26],[31,-44],[-15,-25],[1,-29],[-38,-9],[-1,47],[-23,26],[16,64],[25,-4]],[[36752,66228],[16,-37],[-27,0],[-19,24],[30,13]],[[36384,66138],[36,13],[76,-23],[-14,-36],[-39,-14],[3,-27],[-19,19],[-43,68]],[[36339,66205],[0,0]],[[36229,66221],[34,-3],[22,-24],[-6,-32],[28,-10],[44,-60],[23,-7],[11,-34],[-15,-20],[24,-22],[3,16],[26,-10],[-12,-31],[-37,15],[-9,-61],[18,-23],[0,-28],[21,-21],[31,8],[1,-25],[-85,12],[-42,46],[-63,39],[-36,76],[-12,77],[14,6],[-8,38],[24,-20],[-9,28],[22,24],[-9,13],[-30,-40],[27,73]],[[36199,66197],[3,-24],[-14,-34],[-3,24],[-17,-6],[28,58],[3,-18]],[[36652,66370],[0,0]],[[36273,66245],[-20,-1],[-44,29],[12,3],[52,-31]],[[36777,66365],[39,-78]],[[36816,66287],[4,-35],[-26,23],[-38,59],[-24,67],[-31,12],[-6,18],[9,55],[25,-26]],[[36729,66460],[2,-5]],[[36731,66455],[31,-81],[15,-9]],[[36453,66407],[53,9],[60,-32],[46,-45],[64,-43],[-28,-40],[-35,-20],[-12,-29],[12,-37],[-36,0],[4,25],[-23,17],[-38,74],[1,61],[-20,26],[-24,-20],[13,-33],[5,-48],[24,-22],[22,-82],[-23,-23],[-33,0],[-43,30],[4,48],[-20,7],[-20,28],[-6,-21],[15,-30],[-1,-39],[-25,57],[-20,-35],[-13,41],[26,58],[28,39],[29,25],[14,54]],[[36243,66295],[0,0]],[[36568,66490],[0,0]],[[36382,66430],[-1,-71],[-28,-22],[-14,40],[-26,8],[24,11],[7,23],[38,11]],[[36165,66355],[4,-28],[23,-29],[-29,10],[-25,25],[-7,25],[34,-3]],[[36484,66510],[34,-22],[-32,4],[-2,18]],[[36487,66533],[0,0]],[[36454,66560],[0,0]],[[36363,66997],[-17,-15],[-49,-7],[-6,60],[59,0],[13,-38]],[[27922,79434],[23,11],[32,-63],[-11,-20],[-31,20],[-31,50],[18,2]],[[27891,79437],[12,-31],[23,-25],[3,-34],[-17,31],[-42,47],[21,12]],[[27876,79475],[0,0]],[[27991,79549],[0,0]],[[27894,79540],[-22,-5],[7,25],[15,-20]],[[27369,79686],[0,0]],[[27271,79669],[18,11],[15,-21],[-13,-11],[-36,4],[16,17]],[[26375,79282],[0,0]],[[27571,79894],[0,0]],[[26365,79306],[0,0]],[[27323,79916],[0,0]],[[27232,79934],[15,-20],[-27,-15],[-5,38],[17,-3]],[[27086,79875],[48,-8],[-6,19],[24,8],[-8,-33],[22,39],[26,-3],[9,-38],[33,20],[36,58],[43,14],[-15,-23],[2,-38],[24,-55],[-25,-30],[14,-18],[52,-5],[-21,-52],[-39,-16],[33,-20],[-19,-10],[-51,19],[-28,-24],[-11,20],[-5,-38],[-25,-21],[-10,18],[-37,18],[4,41],[24,42],[-12,9],[-26,-48],[-43,26],[-2,38],[-16,-17],[-45,44],[8,24],[42,40]],[[26942,79819],[0,0]],[[26122,79409],[0,0]],[[27019,79865],[0,0]],[[27313,80021],[7,-12],[-18,-33],[-27,11],[38,34]],[[26918,79821],[0,0]],[[26964,79867],[0,0]],[[26946,79843],[0,0]],[[26066,79427],[0,0]],[[26918,79849],[0,0]],[[26105,79449],[0,0]],[[26939,79874],[0,0]],[[26112,79482],[19,-7],[-9,-22],[-10,29]],[[27000,79946],[32,-20],[-1,-59],[-11,9],[-20,70]],[[26494,79676],[0,0]],[[26505,79696],[0,0]],[[26982,79958],[0,0]],[[26468,79700],[0,0]],[[26042,79488],[-13,-15],[9,44],[4,-29]],[[26468,79718],[0,0]],[[27368,80173],[23,-41],[-22,-33],[6,-55],[-15,-1],[-33,29],[-12,23],[5,48],[14,1],[14,46],[20,-17]],[[26048,79554],[0,0]],[[26038,79534],[0,0]],[[26009,79540],[1,-45],[-12,-4],[-7,38],[18,11]],[[25978,79535],[0,0]],[[26108,79629],[0,0]],[[25695,79459],[0,0]],[[26065,79703],[0,0]],[[26051,79714],[0,0]],[[26510,79949],[0,0]],[[26034,79717],[-12,-12],[-5,34],[17,-22]],[[27224,80343],[0,0]],[[26002,79761],[0,0]],[[26360,79946],[0,0]],[[27220,80305],[-24,-7],[-34,56],[56,-36],[2,-13]],[[25901,79738],[0,0]],[[26965,80282],[0,0]],[[26494,80066],[0,0]],[[27541,80600],[0,0]],[[26471,80084],[0,0]],[[25938,79823],[0,0]],[[25444,79581],[0,0]],[[26409,80059],[0,0]],[[27110,80417],[0,0]],[[26792,80253],[0,0]],[[25400,79575],[28,0],[-33,-29],[5,29]],[[26381,80087],[0,0]],[[25952,79874],[-12,-30],[-8,25],[20,5]],[[26357,80082],[0,0]],[[27163,80480],[0,0]],[[27620,80766],[21,2],[20,-94],[-31,-46],[-15,4],[5,43],[-12,20],[-4,47],[16,24]],[[27146,80463],[-32,-2],[-20,24],[-12,38],[18,-19],[28,-5],[18,-36]],[[25637,79781],[38,42],[15,-19],[-39,-40],[20,-16],[42,38],[17,-36],[9,9],[18,-38],[6,25],[18,-28],[12,-44],[-33,2],[-4,-25],[34,-34],[-7,-15],[-31,16],[-13,23],[-42,-22],[43,-26],[-11,-22],[47,-16],[6,-47],[23,-46],[-21,-20],[-7,-31],[-45,36],[-2,30],[-27,76],[-30,28],[-12,46],[-37,8],[-29,32],[-2,62],[-13,55],[22,-43],[6,13],[-9,48],[38,-21]],[[26526,80256],[0,0]],[[27034,80521],[0,0]],[[24821,79408],[0,0]],[[27064,80556],[0,0]],[[25561,79807],[0,0]],[[25831,79952],[0,0]],[[27050,80500],[-10,-21],[22,-35],[48,-46],[12,18],[32,-34],[-8,-22],[37,-70],[10,-67],[-1,-31],[-30,6],[-2,-15],[26,-15],[-21,-30],[31,-37],[-8,-76],[-18,-19],[0,-25],[-47,-13],[-37,1],[1,16],[-30,-19],[-31,32],[-3,71],[-33,25],[-8,53],[-31,-45],[14,-18],[30,-10],[2,-49],[-30,-36],[-35,-7],[-4,-42],[-17,5],[1,35],[-18,-4],[-20,21],[-1,29],[26,-2],[16,59],[-7,14],[27,52],[-27,11],[22,60],[19,5],[34,-28],[15,70],[-22,12],[-11,32],[-26,-3],[-24,20],[45,-5],[-38,84],[-3,79],[20,50],[29,-14],[17,-24],[35,-16],[-63,76],[39,-21],[15,-27],[39,-10]],[[25684,79919],[8,-20],[-25,3],[17,17]],[[27299,80733],[0,0]],[[25520,79851],[0,0]],[[26881,80540],[0,0]],[[25557,79868],[0,0]],[[27687,80920],[10,-38],[0,-63],[-30,74],[10,40],[10,-13]],[[25534,79881],[0,0]],[[25570,79903],[0,0]],[[24786,79591],[15,5],[15,-101],[-11,-55],[-24,36],[8,40],[-8,45],[5,30]],[[27229,80831],[0,0]],[[26928,80612],[-13,-8],[-52,47],[-1,17],[35,-22],[31,-34]],[[26353,80437],[0,0]],[[24787,79633],[0,0]],[[25721,80132],[0,0]],[[25530,80083],[0,0]],[[26230,80460],[0,0]],[[25493,80070],[0,0]],[[25546,80126],[0,0]],[[25485,80104],[0,0]],[[25473,80074],[-9,-30],[-9,60],[18,-30]],[[27665,81184],[0,0]],[[26394,80579],[0,0]],[[25715,80219],[-4,-42],[-22,29],[-10,42],[14,5],[22,-34]],[[25499,80133],[0,0]],[[27034,80931],[0,0]],[[27040,81020],[10,-21],[-21,-20],[-7,22],[18,19]],[[25480,80230],[0,0]],[[25486,80273],[0,0]],[[26659,80859],[29,-11],[3,-19],[46,-42],[40,-58],[35,-26],[24,-40],[60,-63],[7,-36],[-25,-9],[-35,46],[-22,10],[8,-28],[-2,-45],[19,-45],[-18,-2],[3,-61],[-45,11],[-21,46],[-28,26],[-7,-27],[34,-42],[-6,-36],[35,-28],[5,-25],[-19,-3],[8,-36],[-34,-26],[13,-26],[-11,-37],[-26,29],[-10,47],[-24,2],[-1,41],[-16,-12],[-5,49],[-17,67],[1,43],[-18,55],[-16,83],[18,79],[-26,56],[33,5],[22,-11],[-25,46],[-4,54],[18,-1]],[[25520,80338],[0,0]],[[25572,80364],[14,-25],[-11,-11],[57,-31],[39,-55],[28,-74],[10,-74],[21,-37],[-3,-40],[-54,-54],[-18,5],[-1,-42],[-18,44],[-5,40],[-18,-23],[-20,59],[5,-79],[-41,32],[-31,5],[-23,33],[45,24],[5,36],[23,12],[15,46],[-20,-20],[-51,34],[-7,34],[11,17],[-25,62],[26,22],[34,53],[13,7]],[[25752,80470],[0,0]],[[25387,80299],[0,0]],[[25555,80385],[0,0]],[[25404,80308],[0,0]],[[25530,80380],[0,0]],[[25549,80410],[0,0]],[[26702,80994],[0,0]],[[26670,80992],[0,0]],[[26306,80802],[0,0]],[[25541,80457],[0,0]],[[25499,80438],[24,-1],[3,-36],[-21,-16],[12,-12],[-20,-56],[-1,47],[-18,-39],[-24,-3],[0,80],[22,21],[18,-8],[5,23]],[[26279,80821],[9,-13],[-36,-1],[27,14]],[[25565,80471],[0,0]],[[25448,80415],[0,0]],[[25466,80435],[0,0]],[[26753,81066],[0,0]],[[26751,81101],[0,0]],[[26335,80924],[26,-19],[-16,-11],[-23,24],[13,6]],[[26701,81114],[28,-14],[2,-42],[-16,-26],[-27,-9],[-14,-23],[-16,45],[21,47],[22,22]],[[26789,81113],[-13,14],[10,37],[19,-17],[-16,-34]],[[26820,81172],[0,0]],[[26193,80863],[0,0]],[[26836,81194],[0,0]],[[25099,80327],[0,0]],[[26843,81199],[0,0]],[[25129,80361],[0,0]],[[25964,80819],[0,0]],[[25355,80516],[21,-7],[-7,-22],[-33,2],[19,27]],[[25309,80500],[0,0]],[[25149,80474],[44,2],[46,38],[27,-39],[-10,-31],[9,-17],[-36,-26],[10,-17],[35,26],[12,-34],[-20,-27],[30,6],[12,-52],[-43,-7],[9,-22],[27,12],[-14,-26],[35,-25],[28,14],[17,-27],[-10,-25],[17,-28],[-6,-31],[39,-44],[-3,-16],[-30,25],[-21,37],[-52,28],[-29,-18],[9,-18],[20,11],[31,-13],[-13,-23],[22,-5],[-7,-31],[17,15],[21,-23],[-10,-15],[-40,8],[-36,-3],[21,-27],[14,17],[29,-15],[-12,-43],[18,6],[1,25],[39,-7],[-9,-35],[27,24],[18,-15],[-15,-64],[26,-45],[-14,-36],[-28,7],[-8,-14],[39,-8],[26,25],[22,-30],[-25,-6],[34,-14],[-32,-46],[29,2],[18,-30],[35,-2],[-5,-48],[25,12],[23,-48],[-29,-30],[45,9],[34,-29],[22,-36],[-19,3],[-25,-19],[49,-7],[-10,-11],[27,-34],[-9,-15],[18,-37],[-20,10],[-7,-26],[27,-20],[-57,8],[19,-18],[66,-18],[-8,-58],[-26,-5],[8,-23],[55,-38],[-6,-13],[-38,9],[-15,-12],[-29,23],[-27,-17],[22,52],[-44,-18],[-18,54],[-10,-40],[-28,-10],[-20,81],[-24,35],[42,-5],[10,21],[-35,3],[-32,55],[-44,15],[-44,52],[49,36],[21,43],[-28,13],[-27,-27],[-36,-12],[-21,43],[-17,15],[24,21],[-8,20],[-37,5],[52,16],[10,24],[-62,-17],[-37,41],[40,8],[35,27],[-4,16],[-63,-29],[-58,22],[7,17],[37,9],[31,-7],[-37,34],[-33,-16],[-36,4],[11,62],[-23,7],[27,34],[-23,39],[5,37],[-35,2],[-27,48],[7,14],[36,-17],[8,18],[-25,5],[-39,37],[-4,38],[19,16],[41,-12],[39,5],[8,14],[-41,17],[39,25],[28,-19],[-9,23],[-48,9],[-27,-31],[-27,-5],[-17,19],[45,30],[-30,8],[-3,40],[35,-21],[-10,18],[6,40],[-21,-14],[-28,20],[67,24],[15,-12],[5,29],[-29,-6],[-6,32],[-37,-1],[-1,57],[14,10]],[[26139,80970],[0,0]],[[25226,80535],[0,0]],[[25199,80524],[0,0]],[[25454,80720],[0,0]],[[26081,81027],[3,21],[21,-10],[14,-37],[-33,9],[-5,17]],[[25430,80721],[0,0]],[[25368,80749],[0,0]],[[25754,80969],[13,-16],[-22,-12],[9,28]],[[25348,80767],[0,0]],[[25293,80761],[0,0]],[[25305,80776],[0,0]],[[25257,80774],[0,0]],[[25269,80796],[0,0]],[[25301,80834],[0,0]],[[25226,80810],[27,-2],[-28,-20],[-19,17],[20,5]],[[24960,80677],[59,19],[28,-37],[-5,-29],[16,-16],[-49,-66],[43,-4],[0,29],[39,4],[29,-35],[20,1],[-18,-39],[-18,-75],[-18,-15],[-45,-4],[-27,-21],[-17,41],[-43,13],[-24,-47],[-23,3],[-21,21],[-17,72],[5,51],[45,-8],[24,33],[-30,-8],[-30,13],[-5,25],[33,59],[43,-11],[6,31]],[[25249,80830],[0,0]],[[24957,80720],[0,0]],[[25270,80875],[0,0]],[[25062,80906],[52,11],[10,-26],[-22,-65],[-42,-12],[-35,12],[2,36],[35,44]],[[26834,81802],[0,0]],[[24913,80771],[-22,7],[4,73],[29,4],[8,-31],[-19,-53]],[[25969,81388],[0,0]],[[24881,80839],[0,0]],[[25201,81006],[0,-32],[-13,8],[-4,42],[17,-18]],[[26984,81903],[60,25],[24,30],[40,-3],[56,10],[19,48],[3,-17],[70,42],[39,4],[64,-99],[47,-47],[41,-77],[60,-89],[26,-63],[1,-38],[-24,-25],[21,4],[17,-42],[67,-101],[10,-88],[12,2],[14,-85],[-18,-65],[-20,10],[1,-33],[36,4],[-5,-58],[-39,42],[0,-58],[-10,-28],[16,-31],[-21,-52],[14,-5],[-18,-59],[14,-10],[-5,-39],[12,-56],[5,-63],[-18,-23],[-13,40],[-28,22],[-13,-15],[11,-89],[15,-33],[-18,11],[-14,-48],[-15,-4],[6,-35],[-11,-101],[-11,-22],[-32,-19],[-1,-24],[-26,4],[-30,-27],[7,-26],[-15,-31],[-10,10],[-19,-23],[-22,1],[-62,33],[-13,44],[-18,19],[-43,13],[0,11],[42,16],[54,67],[19,46],[18,87],[22,29],[-15,42],[3,27],[-20,4],[-22,29],[9,-44],[-33,18],[-21,-26],[-10,11],[1,-59],[35,-63],[-33,-79],[-3,-26],[-42,-36],[-19,37],[6,-42],[-14,-10],[-16,29],[-46,-25],[-57,25],[-16,51],[7,31],[90,78],[-4,37],[29,26],[33,6],[25,45],[39,87],[-16,-16],[1,69],[-13,65],[-41,113],[3,25],[-11,54],[-15,35],[2,106],[-9,-3],[-8,-59],[3,-72],[18,-60],[1,-49],[24,-63],[-6,-48],[9,-46],[13,-19],[-13,-50],[-18,-17],[10,-20],[-39,-50],[-20,-12],[-27,-37],[14,-24],[-11,-23],[-33,-17],[-20,11],[-29,-42],[2,27],[39,47],[11,33],[-14,49],[-16,20],[-1,30],[-24,47],[4,39],[-10,25],[38,59],[8,40],[17,1],[-21,33],[-3,-25],[-38,-38],[-28,7],[-21,-74],[29,-120],[33,-31],[13,-64],[-8,-25],[-44,-67],[-14,-78],[-13,-11],[-48,36],[-69,70],[-49,26],[-45,50],[-9,50],[-31,25],[-1,14],[-71,71],[2,39],[37,27],[14,-3],[90,111],[-2,29],[20,40],[39,-58],[-8,105],[28,24],[37,-17],[-31,29],[-79,26],[-27,55],[21,47],[-7,17],[10,39],[59,31],[18,-14],[-7,58],[47,16],[-2,-13],[33,1],[55,19],[0,11],[-57,-13],[-59,13],[-28,-26],[-14,-30],[-46,-24],[-18,24],[-12,41],[16,43],[28,6],[29,39],[31,-18],[26,2],[29,39],[40,-30],[58,54],[-35,18],[-9,36],[-31,0],[16,-43],[-22,2],[-63,-31],[-31,26],[-27,7],[-27,-12],[3,17],[-14,70],[66,15],[28,-15],[79,2],[11,-10],[24,18],[34,-18],[35,-2],[19,37],[-31,-19],[-34,0],[20,19],[-55,13],[-23,-3],[-6,61],[-35,33],[2,32],[16,9],[38,-14]],[[26676,81775],[0,0]],[[26861,81908],[45,-27],[25,-43],[-4,-52],[-56,14],[-53,25],[17,31],[-12,8],[38,44]],[[25260,81123],[0,0]],[[24767,80873],[0,0]],[[24750,80880],[25,-38],[33,-4],[23,14],[34,-18],[11,-23],[2,-44],[-36,-29],[-27,31],[-27,9],[-21,-12],[1,-21],[32,9],[21,-25],[-36,-58],[-51,51],[6,27],[-40,-61],[2,-32],[15,37],[29,-14],[7,-40],[-33,-43],[10,-17],[-20,-75],[-1,-37],[-27,28],[-10,39],[-18,5],[-10,45],[23,37],[-40,-17],[-2,34],[49,22],[3,49],[18,30],[-26,3],[-30,19],[21,8],[12,28],[27,-17],[18,39],[-3,42],[36,19]],[[27096,82094],[35,-41],[3,-30],[-31,-37],[-26,6],[-53,-60],[-47,-12],[-32,27],[-31,-13],[29,45],[153,115]],[[24687,80890],[-22,-46],[-13,6],[18,40],[17,0]],[[25191,81158],[0,0]],[[25280,81222],[-15,-51],[-16,27],[10,35],[21,-11]],[[25241,81211],[-10,-50],[-1,-73],[-9,-18],[-13,26],[-1,75],[25,54],[9,-14]],[[25299,81268],[0,0]],[[25269,81255],[30,-6],[-16,-17],[-14,23]],[[25108,81187],[0,0]],[[25057,81188],[0,0]],[[24862,81042],[40,-46],[8,-45],[-5,-39],[-50,-27],[-8,5],[-52,-20],[-39,34],[-55,7],[28,52],[25,0],[34,36],[-7,35],[22,51],[59,-43]],[[24975,81185],[0,0]],[[24929,81170],[80,-2],[22,-38],[-8,-19],[37,-3],[8,-36],[-7,-47],[-30,-55],[-14,8],[-20,-21],[-13,-41],[-33,55],[-12,-5],[-8,53],[-38,39],[-14,39],[20,59],[14,-23],[16,37]],[[26138,81829],[-14,-46],[-14,50],[28,-4]],[[26310,81938],[0,0]],[[26281,81934],[0,0]],[[24946,81267],[0,0]],[[26161,81894],[0,0]],[[26103,81908],[26,-5],[16,-25],[-31,-8],[-11,38]],[[26432,82069],[0,0]],[[26090,81890],[11,-19],[2,-59],[-32,-29],[-9,45],[-21,28],[2,46],[47,-12]],[[24588,81136],[60,7],[22,-13],[9,-43],[19,47],[36,-28],[-6,-81],[-43,-22],[-11,-48],[1,-33],[-31,-28],[-55,42],[-15,26],[-49,-20],[-31,-28],[-16,7],[41,27],[9,49],[28,37],[45,30],[-11,27],[-41,8],[31,60],[8,-23]],[[26438,82100],[0,0]],[[24722,81235],[0,0]],[[26080,81913],[0,0]],[[24919,81352],[8,-34],[-28,16],[20,18]],[[24697,81208],[-18,26],[15,5],[3,-31]],[[26028,81938],[0,0]],[[24902,81382],[0,0]],[[24674,81256],[0,0]],[[24591,81257],[23,-29],[-1,-28],[-20,-4],[-16,48],[14,13]],[[24733,81349],[26,-17],[19,17],[-9,-35],[-28,-30],[4,38],[-17,-5],[5,32]],[[24715,81343],[0,0]],[[26374,82190],[0,0]],[[26364,82173],[0,0]],[[26369,82213],[0,0]],[[25088,81575],[0,0]],[[24938,81482],[-19,5],[11,24],[8,-29]],[[24994,81538],[0,0]],[[24648,81354],[0,0]],[[24720,81419],[42,-3],[20,-26],[-26,-40],[3,40],[-24,-14],[-15,43]],[[26333,82235],[0,0]],[[26452,82284],[7,8],[22,-45],[1,-42],[17,-58],[-7,-35],[-36,-59],[-15,0],[11,37],[-17,34],[11,12],[-8,31],[-8,-23],[-24,21],[-3,29],[45,119],[4,-29]],[[26382,82274],[0,0]],[[24716,81434],[0,0]],[[24603,81376],[0,0]],[[25975,82090],[0,0]],[[24709,81454],[0,0]],[[26369,82289],[0,0]],[[26402,82328],[0,0]],[[25167,81714],[0,0]],[[25970,82139],[0,0]],[[24506,81452],[0,0]],[[24955,81710],[0,0]],[[25828,82155],[0,0]],[[25935,82223],[0,0]],[[24855,81688],[0,0]],[[25803,82161],[0,0]],[[24839,81704],[0,0]],[[25888,82256],[-1,-36],[-22,18],[23,18]],[[25769,82190],[0,0]],[[25813,82228],[0,0]],[[25798,82219],[-8,-32],[-12,19],[20,13]],[[26574,82570],[0,0]],[[25881,82266],[0,0]],[[26257,82503],[0,0]],[[24956,81869],[0,0]],[[24996,81863],[-5,25],[18,2],[-13,-27]],[[25051,81909],[16,9],[14,-25],[-27,-49],[6,-41],[42,32],[3,19],[25,-56],[9,-79],[-15,-13],[-3,-37],[-28,-50],[-79,119],[-29,39],[25,-9],[21,20],[-34,38],[6,30],[40,23],[-22,6],[15,34],[15,-10]],[[24692,81739],[32,-54],[-1,52],[50,12],[16,-25],[21,-4],[1,-21],[27,-10],[-4,-38],[71,-5],[36,19],[32,-38],[17,56],[24,5],[19,-34],[-30,-15],[11,-25],[-21,-33],[-21,8],[-17,-23],[-42,-22],[-53,40],[-21,3],[-17,27],[-4,34],[-12,-42],[-21,22],[-17,-10],[42,-27],[11,-43],[21,-21],[1,-47],[-54,-42],[-52,29],[-72,68],[-3,27],[-15,6],[-3,34],[-39,35],[55,28],[-12,10],[8,51],[36,13]],[[25558,82159],[0,0]],[[25087,81944],[0,0]],[[25006,81908],[0,0]],[[24929,81870],[0,0]],[[25069,81952],[0,0]],[[24988,81943],[0,0]],[[24800,81859],[0,0]],[[24839,81874],[2,-29],[-22,26],[20,3]],[[24885,81904],[0,0]],[[24995,81969],[0,0]],[[25032,81985],[11,-20],[-16,-48],[-23,16],[15,45],[-18,14],[22,12],[9,-19]],[[24988,81987],[0,0]],[[24840,81922],[0,0]],[[25043,82005],[0,0]],[[24627,81825],[8,-34],[-10,-10],[-12,32],[14,12]],[[25691,82352],[0,0]],[[24641,81826],[0,0]],[[24612,81850],[0,0]],[[24614,81875],[0,0]],[[25063,82105],[0,0]],[[25543,82357],[0,0]],[[24986,82079],[12,-13],[-14,-35],[-27,-18],[-8,-57],[18,4],[-3,-69],[-29,-9],[-14,38],[19,4],[-25,19],[-4,-46],[-13,33],[19,35],[-13,27],[15,27],[33,12],[14,33],[20,15]],[[24698,81911],[0,0]],[[25300,82211],[0,0]],[[24608,81892],[0,0]],[[25006,82102],[34,-2],[-1,-24],[-38,15],[5,11]],[[25487,82358],[7,-38],[-21,26],[14,12]],[[25532,82358],[0,0]],[[24961,82072],[0,0]],[[25511,82380],[-3,-27],[-14,16],[17,11]],[[25676,82455],[0,0]],[[24927,82091],[0,0]],[[24878,82095],[29,-2],[28,-35],[-39,-47],[-8,-48],[-36,33],[-27,-2],[30,62],[-12,26],[35,13]],[[25387,82334],[0,0]],[[25514,82393],[-18,5],[-8,27],[26,-32]],[[25478,82407],[8,-16],[-23,-39],[-22,23],[7,27],[30,5]],[[25324,82374],[14,-19],[22,2],[18,-47],[19,-24],[1,-50],[-38,14],[-37,-2],[-2,-20],[-23,29],[-6,37],[30,47],[2,33]],[[25319,82386],[0,0]],[[25485,82464],[-19,-9],[-6,33],[25,-24]],[[26309,82889],[0,0]],[[25442,82466],[0,0]],[[24397,81966],[41,-13],[14,-80],[-4,-29],[-25,-2],[27,-26],[-32,-48],[-36,3],[-27,57],[3,26],[-17,22],[0,47],[56,43]],[[25424,82494],[0,0]],[[25465,82524],[0,0]],[[25407,82441],[-26,-1],[-18,46],[15,27],[29,-72]],[[25396,82537],[0,0]],[[25922,82833],[81,37],[18,-13],[38,-78],[0,-35],[-16,-22],[15,-55],[-14,-26],[-16,-67],[-28,-21],[-17,7],[-52,-19],[-12,-30],[21,-7],[6,23],[36,4],[1,-16],[30,-3],[20,18],[22,63],[34,-10],[9,-31],[28,-29],[-8,-32],[34,35],[61,-6],[-21,-6],[77,-37],[42,-70],[54,-62],[6,-18],[-39,-49],[2,37],[-23,-26],[8,-21],[-39,-1],[-15,29],[-26,-9],[-8,75],[-41,38],[32,-61],[13,-87],[46,-23],[12,-26],[-33,9],[-13,-25],[35,-1],[26,-58],[-4,-24],[-20,-15],[26,-18],[27,-52],[-7,-37],[-20,-26],[-23,-1],[-28,60],[15,56],[-15,27],[-9,-111],[-6,-21],[-34,-32],[-6,22],[-28,14],[-4,-32],[-63,-7],[-16,-12],[-45,75],[-26,-1],[-41,30],[20,-3],[-1,76],[33,17],[38,69],[-19,5],[-18,-46],[-20,7],[1,26],[-30,-12],[3,-23],[-27,18],[-14,27],[36,71],[-15,35],[-7,134],[17,53],[-19,0],[-10,-88],[6,-114],[-21,-28],[-24,21],[-16,-5],[-56,143],[-1,45],[-24,-18],[26,-75],[24,-51],[-5,-52],[-39,33],[1,-23],[-20,20],[6,-28],[-39,-45],[-14,6],[-17,55],[-36,78],[7,13],[-23,41],[4,65],[37,-43],[9,9],[-21,30],[-18,58],[30,27],[-36,22],[33,51],[28,-10],[64,8],[37,132],[31,29],[-8,27],[26,29],[22,-6]],[[25314,82539],[0,0]],[[24145,81972],[-13,-17],[-7,32],[20,-15]],[[25383,82629],[42,-7],[24,-16],[20,-53],[-22,15],[-8,-18],[-58,20],[2,59]],[[24129,81998],[0,0]],[[24143,82051],[0,0]],[[24169,82074],[0,0]],[[25398,82703],[17,7],[8,-48],[-38,-17],[-12,19],[11,39],[14,0]],[[23912,81944],[17,-49],[-2,34],[21,-9],[29,31],[14,-98],[14,29],[17,-14],[4,36],[25,1],[11,-24],[14,44],[54,10],[19,-16],[-20,-40],[-45,-18],[-54,-48],[-32,-50],[-19,8],[0,-38],[-65,15],[-13,14],[1,39],[28,25],[37,5],[-16,21],[-25,-12],[-34,32],[-19,32],[39,40]],[[24644,82347],[0,0]],[[24840,82475],[11,-19],[-27,-72],[-30,-4],[-40,10],[39,40],[23,-4],[23,20],[1,29]],[[24697,82411],[64,-49],[38,-3],[69,41],[20,44],[43,7],[63,-29],[13,24],[50,-20],[-8,-93],[-14,-26],[-16,14],[-63,-21],[-9,-24],[34,24],[37,7],[39,-125],[-8,-50],[-27,11],[8,-26],[-28,-5],[-26,-26],[-13,36],[-1,46],[-26,-21],[-90,-26],[7,25],[-21,59],[0,-58],[-49,-88],[-57,-26],[-23,-67],[-17,66],[-31,-38],[-1,-22],[23,-5],[-2,-35],[-37,-14],[-14,11],[-39,-38],[-9,52],[-22,-26],[-21,29],[-29,-23],[-24,77],[13,0],[27,51],[-3,22],[22,22],[31,74],[9,-4],[31,49],[-3,41],[38,27],[38,10],[41,-9],[33,-23],[11,20],[20,-15],[37,15],[-17,33],[-34,0],[-86,17],[-21,30],[14,38],[16,13]],[[25934,83056],[15,2],[38,-37],[47,-33],[-8,-56],[-24,19],[-11,-28],[-40,-21],[-11,-26],[-64,-3],[-11,43],[7,64],[50,75],[12,1]],[[24779,82495],[23,-6],[-8,-40],[-23,23],[8,23]],[[26218,83011],[-2,-45],[35,-55],[25,-13],[22,-40],[35,-13],[39,57],[18,1],[57,-35],[21,-29],[10,-33],[1,-56],[42,-97],[26,-84],[18,-27],[-24,-23],[-16,8],[-49,-13],[-12,45],[-27,41],[-23,5],[32,-51],[20,-63],[-15,-99],[-33,25],[-1,-46],[-19,-15],[-17,31],[-29,81],[-26,32],[10,-30],[-19,-24],[-4,41],[-9,-18],[-54,64],[-45,20],[-18,-2],[-46,60],[-24,9],[-20,70],[-22,29],[19,55],[5,77],[-13,3],[-14,50],[28,62],[-3,27],[-45,77],[-13,83],[7,16],[42,-9],[20,-34],[32,-16],[35,-4],[38,-57],[5,-38]],[[25945,83179],[0,0]],[[24672,82562],[7,-26],[-20,11],[13,15]],[[25772,83150],[16,9],[46,-39],[8,-31],[-35,-4],[-47,44],[12,21]],[[24645,82585],[0,0]],[[24418,82487],[0,0]],[[25875,83238],[0,0]],[[25993,83241],[-19,-26],[-24,11],[3,54],[30,3],[10,-42]],[[25814,83215],[36,-7],[11,-31],[-14,-21],[-42,8],[-11,39],[20,12]],[[25637,83173],[0,0]],[[25892,83322],[20,-3],[-16,-58],[-43,-21],[0,20],[39,62]],[[25463,83097],[54,-2],[49,-33],[51,26],[58,11],[69,-38],[42,-47],[1,-33],[-13,-26],[26,-8],[-33,-22],[-34,-62],[4,-33],[24,-36],[6,-50],[-8,-36],[-27,-22],[-50,-22],[-80,-15],[-61,-38],[-16,1],[-25,47],[-54,40],[-22,49],[-63,42],[-26,9],[-35,32],[-2,51],[28,30],[1,30],[32,62],[4,26],[30,6],[28,-10],[5,60],[37,11]],[[25697,83232],[0,0]],[[25994,83399],[36,22],[5,-17],[-27,-61],[-15,-5],[-18,46],[19,15]],[[24007,82456],[0,0]],[[25291,83130],[23,-15],[-19,-19],[-28,20],[24,14]],[[25238,83111],[0,0]],[[24713,82878],[70,-19],[13,-11],[52,0],[20,-28],[11,7],[37,-17],[33,20],[85,-12],[-34,-33],[13,-63],[-21,-35],[20,-8],[16,26],[21,0],[-28,52],[38,33],[20,40],[45,-26],[30,30],[48,-46],[24,-58],[-18,-45],[32,0],[-25,-16],[23,-3],[26,-33],[9,14],[28,-9],[-6,-30],[8,-37],[-14,-58],[-22,-33],[26,13],[11,32],[25,-18],[-5,-64],[-24,-22],[-21,-85],[-23,-17],[-11,40],[-28,17],[0,-27],[27,-43],[6,-37],[21,-32],[-3,-28],[31,-24],[60,42],[24,-31],[22,-10],[-6,-51],[9,-25],[35,27],[-27,19],[-6,71],[19,12],[27,-8],[7,-43],[-11,-35],[26,12],[38,-26],[-5,33],[19,1],[24,-41],[-21,-30],[30,20],[-2,21],[23,-3],[61,-63],[28,-11],[10,-35],[36,-45],[73,-67],[10,-33],[-8,-24],[30,-20],[14,8],[7,-39],[29,-18],[36,-68],[22,-25],[18,-50],[13,-10],[-23,-25],[-2,-38],[52,-76],[-4,-30],[-36,15],[-4,-19],[30,-22],[-32,-47],[-13,-5],[-42,49],[-17,-11],[-32,32],[-25,-9],[36,-34],[64,-33],[24,-35],[0,25],[46,-8],[8,-43],[-19,-26],[6,-36],[41,76],[0,47],[28,10],[20,-16],[23,-57],[7,-71],[-17,-16],[37,-4],[0,-32],[27,-40],[7,-50],[38,5],[34,-35],[15,-2],[46,-38],[23,-61],[19,-12],[-1,-31],[-32,-14],[-18,24],[-36,26],[-30,41],[-150,84],[-42,18],[-58,45],[0,16],[-31,72],[-39,12],[-11,33],[-15,-23],[33,-29],[-24,-2],[-8,-20],[-22,3],[11,-31],[-15,-9],[54,-28],[-25,-61],[-36,-53],[3,-17],[-51,-21],[-3,-18],[-34,11],[-32,-62],[29,-9],[-9,-66],[-24,-23],[-32,-60],[-17,-48],[6,-30],[50,109],[38,55],[5,45],[29,49],[22,14],[35,-7],[15,31],[3,36],[49,25],[-14,-32],[4,-25],[22,44],[10,-30],[14,23],[76,26],[6,-51],[15,-42],[30,10],[68,-26],[30,-49],[-27,-14],[-22,6],[-10,28],[-10,-18],[-11,31],[-16,-18],[3,-26],[-22,-13],[-66,-3],[-38,-14],[-44,-96],[-5,-32],[21,-35],[24,-11],[19,-65],[6,22],[-14,44],[-36,50],[10,46],[37,-21],[-5,51],[11,29],[23,11],[32,-4],[-1,-28],[27,-15],[14,-89],[-7,-23],[18,-47],[14,13],[-19,31],[9,15],[-8,33],[2,81],[16,16],[23,-27],[6,26],[28,-11],[22,24],[22,-7],[-2,-40],[30,-15],[-15,-13],[48,-42],[3,14],[36,4],[-13,-25],[30,-43],[-7,-43],[25,-36],[-34,-7],[-13,-27],[41,10],[37,-25],[0,-41],[-15,-17],[-34,-7],[6,-27],[-71,8],[-74,39],[13,-19],[-93,21],[-82,-7],[-54,4],[-2,-12],[63,-3],[25,-42],[0,36],[41,6],[60,-11],[14,-16],[-70,-118],[3,-44],[-7,-69],[25,15],[-3,91],[13,36],[33,41],[17,8],[1,39],[40,-6],[-20,-13],[-12,-32],[11,-47],[17,-11],[-8,33],[42,38],[19,-14],[37,8],[13,-17],[-2,-45],[57,9],[17,26],[18,56],[-9,22],[23,46],[25,30],[15,-1],[32,-40],[-7,-30],[13,-24],[-6,-47],[15,-75],[-10,-25],[-30,-9],[-24,-40],[25,-9],[-27,-32],[-66,-7],[6,-8],[60,-1],[40,8],[8,-24],[-55,-53],[-36,-11],[-3,36],[-18,30],[-84,34],[-33,-7],[38,-6],[55,-34],[28,-45],[8,-29],[-66,-1],[43,-36],[16,-1],[4,-32],[-54,-14],[-2,-22],[-67,-32],[-24,9],[-9,52],[-13,-1],[-21,39],[-34,7],[28,-20],[31,-56],[-40,21],[51,-65],[-89,-30],[19,-17],[41,21],[98,2],[3,-24],[-17,-34],[-47,-53],[8,-24],[61,82],[20,14],[-4,35],[18,-9],[4,35],[11,-43],[18,-8],[-5,48],[26,21],[4,27],[21,1],[23,29],[15,-15],[13,25],[29,-3],[-15,-30],[13,-85],[-34,20],[-18,-25],[29,8],[-37,-34],[-7,15],[-30,-51],[42,29],[15,-9],[27,30],[26,-30],[-4,-46],[-34,18],[-28,-28],[11,-14],[19,24],[19,-10],[11,-71],[-15,-13],[-33,12],[-40,-18],[-28,18],[-34,-3],[18,-17],[40,-9],[-6,-21],[23,2],[-30,-37],[30,12],[-17,-66],[34,76],[59,-52],[12,-41],[-35,5],[-4,-13],[39,-22],[9,-25],[-31,-11],[-52,6],[-28,39],[-9,-17],[18,-33],[26,-9],[71,1],[-4,-22],[-56,7],[19,-29],[-24,-26],[24,-49],[-19,-37],[1,-57],[-48,16],[-33,0],[-68,87],[-20,3],[48,-89],[-15,-25],[-23,-2],[-6,39],[-37,3],[1,33],[-31,-8],[0,28],[-15,33],[16,22],[-10,30],[-20,-74],[-17,-23],[-27,-3],[11,-30],[-23,5],[-9,29],[-7,81],[31,55],[14,-17],[11,33],[31,-24],[9,32],[-23,44],[0,-21],[-27,5],[-32,-68],[-5,25],[-40,4],[-3,29],[-29,-22],[2,44],[34,-1],[23,29],[25,-13],[13,13],[-9,45],[-6,-36],[-12,26],[-57,37],[5,15],[35,-19],[38,6],[-39,15],[31,34],[-7,35],[-24,14],[16,-43],[-24,-44],[-18,11],[0,40],[-12,-28],[-16,24],[17,40],[-23,-2],[-27,26],[0,57],[14,-33],[37,-32],[-9,48],[-16,-6],[-27,50],[-4,30],[7,74],[17,7],[-20,33],[10,77],[10,24],[-15,10],[-21,-82],[7,-50],[-16,-58],[6,-65],[-10,-63],[20,-56],[-22,29],[-59,-53],[-15,6],[-27,45],[60,35],[3,95],[-46,47],[10,-40],[-3,-50],[-14,2],[-24,-25],[27,7],[-11,-41],[-39,-5],[-25,24],[-1,23],[-36,35],[5,41],[16,-3],[3,-41],[14,23],[36,-1],[9,21],[-26,-9],[-17,19],[36,52],[-5,24],[-28,-32],[-17,4],[-4,28],[14,24],[39,20],[29,-24],[39,11],[17,79],[-14,11],[-21,-65],[-15,12],[-38,-2],[-15,25],[16,39],[23,18],[6,39],[-32,-4],[-5,33],[-25,-16],[-26,-64],[-21,-85],[-13,58],[16,47],[-6,23],[18,49],[46,79],[-28,5],[-1,26],[-41,60],[-25,49],[1,68],[43,14],[-4,15],[87,-16],[-19,20],[-40,15],[-40,-4],[-44,-22],[2,-29],[-13,-52],[-22,-1],[27,-30],[52,-115],[-7,-45],[-31,0],[-6,-22],[-30,5],[-36,21],[-35,39],[-40,25],[-5,23],[-33,61],[13,44],[-11,15],[8,55],[-32,9],[-38,-62],[14,-9],[-10,-29],[-46,-5],[-40,-20],[-2,-26],[-15,35],[-12,-25],[-30,-21],[-34,27],[2,34],[19,0],[31,23],[27,0],[18,49],[36,3],[9,27],[-37,-16],[-35,14],[-51,-17],[-75,16],[-10,-36],[-12,38],[-27,16],[-61,-17],[-42,14],[-7,32],[13,20],[-39,32],[-14,31],[12,20],[39,8],[-40,11],[50,54],[31,0],[41,-42],[3,35],[43,-5],[63,-30],[19,-44],[10,14],[38,-7],[3,16],[27,1],[55,-19],[57,10],[-15,21],[-40,-2],[-53,30],[-25,-2],[-33,21],[-35,40],[16,17],[-7,22],[-40,11],[-9,14],[39,16],[30,23],[37,5],[-58,14],[-39,-19],[-55,27],[-3,28],[-11,-39],[-18,38],[19,28],[1,59],[40,66],[27,100],[10,16],[32,2],[13,30],[28,30],[44,1],[23,-14],[-3,31],[-34,8],[-44,-9],[-41,-54],[-4,29],[-29,2],[-64,-27],[-22,-32],[-19,13],[-13,-36],[-24,1],[-15,-23],[-20,18],[-16,-17],[-59,36],[-28,9],[-49,46],[-24,39],[0,61],[8,39],[28,-15],[22,33],[-16,22],[-6,-20],[-24,1],[-2,77],[18,14],[5,-23],[31,-36],[23,6],[-17,37],[11,16],[-16,32],[29,26],[-6,-36],[21,-18],[53,25],[27,45],[5,44],[10,-4],[37,45],[24,0],[-9,21],[23,8],[-22,12],[-3,58],[12,12],[13,59],[-35,8],[-16,-17],[27,-7],[-18,-33],[-33,1],[10,33],[-23,-3],[-23,29],[-7,76],[-30,56],[23,17],[5,25],[-12,60],[14,37],[-44,142],[18,50],[-3,47],[17,38],[-24,37],[-30,-2],[-21,15],[-26,-25],[-36,11],[-19,28],[-19,-19],[-30,0],[-9,-25],[-10,50],[-58,20],[7,32],[-16,11],[2,-34],[-23,-12],[-23,8],[-14,-21],[-21,26],[-2,29],[-39,25],[16,57],[-33,81],[39,29],[-1,17],[-46,24],[11,34],[30,-23],[32,-75],[18,37],[-42,52],[13,8],[-28,33],[27,30]],[[24678,82853],[0,0]],[[24697,82890],[0,0]],[[25305,83203],[0,0]],[[25045,83104],[0,0]],[[25281,83222],[0,0]],[[24355,82723],[-39,13],[9,29],[20,-4],[10,-38]],[[25880,83559],[-20,-21],[-2,30],[22,-9]],[[25312,83261],[0,0]],[[24303,82786],[0,0]],[[24620,82949],[0,0]],[[24918,83103],[0,0]],[[25841,83554],[-15,-14],[0,38],[16,4],[-1,-28]],[[24606,82962],[0,0]],[[25313,83358],[75,31],[14,-22],[-5,-27],[20,-28],[-11,-37],[-27,3],[17,-34],[-10,-31],[-51,20],[-18,47],[-23,29],[2,49],[17,0]],[[25774,83597],[0,0]],[[25395,83415],[0,0]],[[25368,83401],[0,0]],[[25336,83385],[0,0]],[[25338,83404],[0,0]],[[25867,83692],[0,0]],[[24493,83006],[21,-40],[-19,-9],[-22,17],[8,40],[12,-8]],[[24465,83001],[0,0]],[[24438,83107],[0,0]],[[24013,82911],[0,0]],[[24196,83023],[0,0]],[[25180,83541],[0,0]],[[24513,83132],[8,-22],[-14,-16],[-28,20],[-33,57],[10,16],[57,-55]],[[24531,83262],[0,0]],[[24599,83289],[0,0]],[[24186,83097],[43,-84],[-56,75],[13,9]],[[24146,83104],[20,-17],[-14,-19],[-6,36]],[[24453,83265],[0,0]],[[24060,83082],[0,0]],[[24046,83110],[0,0]],[[24017,83091],[0,0]],[[24037,83118],[0,0]],[[25577,83934],[0,0]],[[24610,83436],[0,0]],[[25451,83879],[15,-38],[57,-22],[55,-3],[22,-53],[42,-43],[22,-79],[32,-29],[27,-1],[-8,-34],[59,-18],[-5,-23],[30,1],[-11,-57],[13,-2],[21,-51],[25,1],[33,-17],[3,-46],[-89,-69],[-39,-4],[-29,-38],[-23,-5],[-38,46],[-42,-9],[53,-49],[0,-31],[-45,4],[-9,-22],[-35,-12],[-83,29],[-19,-20],[-42,8],[-18,19],[-8,48],[10,21],[2,42],[-17,27],[-5,55],[24,51],[61,18],[-23,23],[4,29],[-18,26],[-16,92],[12,15],[-10,51],[-38,76],[-3,55],[44,41],[7,-3]],[[25437,83895],[0,0]],[[25085,83740],[0,0]],[[25105,83766],[0,0]],[[24577,83553],[0,0]],[[25485,84016],[0,0]],[[25446,84046],[0,0]],[[24587,83628],[0,0]],[[24579,83692],[10,-26],[-29,1],[19,25]],[[24096,83479],[0,0]],[[23943,83390],[0,0]],[[24605,83764],[0,0]],[[24374,83651],[0,0]],[[23949,83439],[0,0]],[[25574,84258],[16,-28],[-10,-13],[-44,47],[11,38],[30,-30],[-3,-14]],[[24550,83837],[26,8],[14,-23],[-32,-11],[-8,26]],[[23927,83515],[0,0]],[[24461,83835],[0,0]],[[24395,83883],[0,0]],[[24358,83976],[-17,6],[-13,32],[30,-38]],[[23959,83868],[0,0]],[[25176,84474],[-22,18],[0,31],[16,6],[6,-55]],[[24396,84118],[21,-43],[-56,51],[3,13],[32,-21]],[[24240,84045],[0,0]],[[23937,83914],[0,0]],[[24252,84116],[20,-11],[1,-31],[-21,42]],[[23900,83942],[0,0]],[[24207,84107],[0,0]],[[24150,84098],[0,0]],[[24148,84136],[-30,5],[4,25],[26,-30]],[[23983,84122],[43,-7],[52,-38],[30,6],[52,-41],[67,-35],[26,-3],[18,-51],[1,-45],[-19,-3],[56,-17],[-4,-52],[-32,12],[-8,-25],[25,-27],[30,40],[18,5],[14,-55],[0,-36],[21,-9],[-35,-48],[13,-21],[-28,-36],[5,-34],[-13,-67],[-34,-23],[-37,11],[-4,-15],[38,-15],[0,-26],[31,0],[12,54],[23,35],[5,51],[17,25],[19,-8],[21,29],[22,57],[-6,81],[-25,17],[8,46],[46,-18],[4,-29],[15,5],[-7,-34],[25,19],[35,8],[10,-22],[36,-2],[-3,-50],[-15,-18],[-24,-56],[13,-16],[-1,-74],[18,-9],[14,-38],[7,10],[12,-47],[-21,-4],[4,-30],[39,-39],[-28,-34],[-25,-62],[-39,-2],[-29,64],[3,28],[-16,20],[-8,-28],[-11,22],[-31,8],[-19,-9],[-18,15],[-56,6],[19,-36],[32,15],[14,-29],[39,-26],[-2,-47],[-57,18],[-31,-15],[30,-1],[41,-26],[-15,-20],[6,-36],[-27,-25],[-32,17],[-12,-35],[-27,15],[-26,-6],[27,-32],[26,-10],[38,9],[40,-30],[0,-50],[40,-40],[-23,-14],[-33,33],[-31,-16],[-24,7],[-17,-16],[49,-1],[21,-15],[-5,-17],[20,-54],[-27,-5],[-24,31],[6,-28],[-18,-35],[20,-7],[70,-50],[20,-59],[-39,-45],[18,-27],[-23,-30],[-18,14],[-4,40],[-17,2],[-52,99],[-27,43],[-11,-19],[13,-22],[2,-53],[-28,-30],[15,-29],[-7,-88],[11,-15],[3,38],[20,15],[-3,20],[51,-12],[6,-36],[14,-12],[20,-61],[-19,-46],[-14,17],[-29,2],[-41,-42],[33,-15],[15,-53],[-17,-22],[19,-17],[-35,-28],[8,-18],[-3,-56],[-39,-31],[-32,27],[-21,35],[19,80],[-6,17],[20,29],[-24,21],[28,15],[-5,17],[-23,-8],[-29,63],[2,50],[17,23],[-2,74],[-24,43],[0,29],[-16,-9],[8,-31],[1,-90],[-14,-64],[-23,25],[4,36],[-17,-16],[5,-34],[-15,-14],[35,-15],[-5,-109],[-14,-9],[-64,9],[-23,23],[-11,-8],[41,-68],[-10,-55],[24,22],[13,30],[34,1],[9,-20],[-12,-65],[26,-34],[-35,-38],[-26,41],[-11,-9],[35,-65],[14,-10],[-3,-54],[-15,-44],[-44,49],[-2,23],[22,13],[-16,27],[-25,-2],[-42,18],[-7,25],[24,63],[-55,27],[-2,27],[29,24],[27,-4],[6,22],[-17,30],[-14,-2],[-23,28],[7,60],[-33,104],[3,24],[30,18],[13,-57],[32,-7],[-25,38],[-1,32],[21,34],[8,42],[17,-6],[8,-30],[22,-9],[-22,52],[8,31],[-31,-4],[-46,-37],[12,-11],[-18,-30],[-15,8],[-30,-23],[-10,8],[4,47],[20,-8],[19,28],[-33,39],[-4,34],[34,33],[41,-12],[-24,59],[20,7],[-20,42],[-4,30],[70,-31],[6,37],[-18,13],[20,16],[10,-52],[19,-52],[-31,-54],[8,-18],[28,48],[29,-7],[-18,31],[15,34],[31,-34],[14,16],[-3,-42],[20,20],[11,-39],[-16,-6],[19,-69],[-1,52],[16,-1],[3,39],[-11,42],[18,38],[-16,48],[-25,32],[-5,41],[-19,27],[49,-9],[5,-27],[5,70],[-19,-22],[1,30],[-17,12],[-2,77],[-14,14],[-8,-44],[-13,16],[1,-43],[-9,-42],[-25,10],[5,-40],[-14,-13],[-18,42],[-46,70],[4,29],[-37,0],[-22,28],[-56,0],[-22,-14],[-2,24],[28,18],[15,26],[67,52],[57,15],[-25,8],[5,24],[29,-3],[23,20],[38,-15],[32,26],[-38,21],[-34,2],[-48,-42],[-50,-17],[-33,-25],[-1,-22],[-20,14],[2,53],[-16,25],[21,11],[15,-18],[54,63],[-27,34],[-30,-13],[6,-36],[-21,-5],[-21,-27],[-36,33],[-16,-5],[-29,30],[-24,75],[43,10],[9,18],[-54,-18],[-11,53],[13,30],[-31,119],[-10,56],[14,35],[33,12],[26,-16],[11,-43],[29,-24],[11,8],[23,-45],[-14,-40],[17,-6],[11,28],[-4,53],[-12,9],[-13,48],[-42,29],[10,9],[-21,28],[5,36],[37,25],[29,-19],[-9,21],[47,-34],[9,-19],[64,-43],[37,-45],[27,9],[24,-8],[-19,33],[-17,3],[6,32],[-20,31],[-17,-1],[-53,30],[-6,17],[24,11],[-45,24],[-18,-7],[-6,24]],[[24377,84457],[28,8],[87,-39],[31,7],[29,-18],[33,4],[39,-33],[60,-8],[27,5],[39,-36],[40,-17],[45,-1],[80,-54],[61,-6],[35,-11],[-10,-23],[25,-30],[32,-102],[26,-4],[16,18],[-42,70],[-2,27],[-28,50],[9,13],[79,-9],[47,10],[69,-22],[37,4],[38,-38],[32,-60],[41,-22],[14,-25],[23,-83],[-4,-25],[17,-11],[15,-80],[-38,-50],[-27,4],[-9,35],[-40,18],[38,-40],[16,-49],[2,-76],[32,-67],[7,-53],[-8,-41],[29,-58],[-6,-30],[-31,-66],[-29,-10],[-13,-25],[-18,5],[-28,39],[-3,24],[-43,41],[-19,31],[-28,15],[-39,41],[-28,42],[-22,76],[-17,31],[-1,45],[-36,56],[-9,-40],[-12,15],[-13,83],[-13,-7],[2,-67],[-36,41],[-3,18],[-36,28],[16,-35],[-2,-21],[27,-29],[12,-40],[-26,-39],[32,-32],[-2,-35],[15,-14],[20,12],[27,-5],[17,35],[1,-31],[34,-56],[-17,-37],[3,-45],[-32,1],[5,-58],[20,-3],[-7,32],[26,-8],[34,-37],[48,-5],[53,-43],[1,-22],[-51,6],[-29,29],[-12,-21],[18,-4],[20,-31],[47,-39],[-3,-21],[19,-63],[-14,-13],[-41,12],[-3,-39],[22,-7],[-23,-13],[22,-36],[-28,-32],[-1,-26],[-60,-40],[-54,25],[15,21],[-16,18],[-29,-16],[4,21],[-44,-1],[-12,-31],[-33,10],[-10,45],[-13,12],[-53,1],[-35,16],[42,-61],[-39,-12],[25,-26],[-78,-20],[-12,-24],[-62,4],[-72,-8],[-31,21],[-12,94],[8,14],[-12,88],[24,57],[-45,28],[39,23],[12,35],[-32,15],[7,33],[-10,29],[-34,25],[6,26],[-27,41],[48,90],[-17,-6],[-3,91],[24,21],[-29,31],[18,20],[27,7],[-21,21],[-8,35],[14,11],[-9,56],[-22,-11],[15,-34],[-23,-25],[-62,-38],[22,44],[-44,-15],[-26,36],[-18,0],[19,33],[-40,5],[5,19],[-20,26],[-2,-31],[-23,15],[-13,74],[21,-5],[24,-45],[60,-1],[22,20],[11,-18],[38,37],[-70,3],[-37,16],[7,9],[-39,31],[-28,42],[1,14],[-67,55],[-37,53],[-20,3],[-15,28],[-34,17],[27,6],[12,26],[-13,44],[36,33],[34,-10],[61,49]],[[24749,84715],[0,0]],[[25069,84916],[0,0]],[[24294,84532],[0,0]],[[24787,84794],[23,-67],[-8,-12],[-32,63],[17,16]],[[24853,84918],[0,0]],[[24506,84886],[0,0]],[[23998,84599],[-34,5],[25,27],[9,-32]],[[24476,84924],[14,-20],[-5,-27],[-25,12],[-3,25],[19,10]],[[24448,84867],[-18,-10],[-8,39],[24,17],[2,-46]],[[24895,85147],[0,0]],[[24218,84801],[0,0]],[[24285,84866],[0,0]],[[24281,84889],[0,0]],[[24726,85343],[24,2],[-20,-21],[-4,19]],[[24453,85196],[0,0]],[[24422,85236],[0,0]],[[24890,85766],[-23,1],[-7,28],[30,-29]],[[23656,85262],[-38,-4],[2,17],[36,-13]],[[23750,85417],[-28,-44],[-19,8],[47,36]],[[23305,85161],[32,-15],[25,10],[3,-37],[-11,-21],[22,-51],[-94,128],[23,-14]],[[24695,85887],[0,0]],[[24227,85966],[3,-32],[-16,-6],[13,38]],[[24219,85991],[0,0]],[[24125,86171],[0,0]],[[24095,86115],[9,-30],[58,-102],[5,-43],[-20,-15],[-21,55],[-17,12],[-37,58],[-6,36],[24,-2],[-30,49],[-20,50],[26,-4],[29,-64]],[[24000,86160],[0,0]],[[24122,86205],[-13,3],[-12,44],[25,-47]],[[24222,86351],[0,0]],[[24076,86261],[13,-40],[-27,31],[-2,-33],[-42,-4],[-17,18],[-33,87],[41,-6],[31,-30],[23,-2],[13,-21]],[[22687,85836],[70,7],[20,-21],[39,26],[55,7],[31,-15],[32,-66],[16,52],[40,21],[38,-6],[14,-14],[13,65],[36,-21],[42,14],[11,-25],[21,5],[35,35],[42,1],[24,-48],[-2,-72],[15,-15],[-14,-60],[21,-21],[-44,9],[52,-33],[22,-52],[1,-26],[20,-47],[5,-79],[-12,-24],[25,-78],[7,-46],[-9,-20],[-38,53],[-12,-18],[-41,33],[-14,26],[-60,54],[3,-32],[24,-14],[51,-61],[42,-35],[12,-34],[-32,-12],[-64,4],[-193,261],[-351,325],[7,-3]],[[24166,86596],[-47,11],[2,28],[45,-11],[0,-28]],[[23137,86128],[0,0]],[[23065,86181],[0,0]],[[23064,86193],[0,0]],[[23622,86806],[0,0]],[[22539,86166],[4,-13],[-43,-13],[-46,-24],[0,-16],[94,38],[42,-12],[19,-19],[-8,-20],[-72,-34],[-2,-23],[34,13],[46,32],[81,-25],[23,-34],[59,-32],[-9,-46],[-63,-4],[-9,-20],[89,11],[34,-27],[7,-25],[-25,-13],[-79,-2],[-45,-10],[-306,281],[42,114],[56,-31],[17,-22],[60,-24]],[[22447,86318],[-18,-11],[16,43],[2,-32]],[[23476,86937],[0,0]],[[22479,86406],[-15,-6],[20,57],[-5,-51]],[[23477,86999],[0,0]],[[22665,86619],[0,0]],[[23643,87148],[49,6],[41,-28],[76,-82],[72,-72],[105,-115],[-2,-34],[-60,5],[-33,11],[-57,40],[-77,23],[-43,-25],[-85,30],[-56,48],[-54,104],[42,39],[53,17],[-2,12],[31,21]],[[22530,86578],[0,0]],[[23056,86836],[-27,22],[13,6],[14,-28]],[[22889,86796],[0,0]],[[23564,87146],[-23,-25],[6,28],[17,-3]],[[22728,86715],[65,-47],[4,-35],[27,5],[30,-42],[32,20],[87,-23],[13,10],[58,-2],[34,-17],[9,-19],[-54,-21],[60,-7],[116,-24],[37,-64],[23,-84],[-31,-14],[29,-54],[-3,-47],[-33,-20],[-53,-50],[14,-27],[43,-45],[-34,11],[-19,32],[-41,46],[-13,-6],[-51,38],[-60,27],[-20,22],[-67,35],[3,-32],[55,-34],[17,-50],[43,-33],[46,-12],[48,-63],[32,-13],[13,-31],[38,-23],[7,-24],[-36,-7],[-44,-49],[-45,5],[-12,-18],[-11,19],[-24,2],[-53,-17],[-20,11],[-35,-13],[-24,6],[-69,49],[-35,14],[-40,40],[-30,41],[-49,40],[-59,13],[-79,74],[-32,2],[-50,21],[-8,12],[-59,32],[11,31],[29,-1],[15,25],[-15,42],[6,10],[50,7],[48,53],[-3,57],[14,2],[7,36],[53,25],[4,44],[15,-25],[35,17],[-14,19],[34,8],[-23,20],[-21,44],[65,26]],[[23101,86858],[10,-13],[-20,-26],[-29,34],[28,-1],[-16,44],[6,15],[21,-53]],[[23118,86922],[0,0]],[[23468,87121],[0,0]],[[23517,87163],[0,0]],[[22636,86726],[0,0]],[[22628,86772],[-32,-38],[6,-54],[-18,-53],[-31,-24],[-13,4],[69,186],[19,-21]],[[22636,86805],[0,0]],[[23221,87293],[26,-23],[22,-54],[17,-85],[19,-32],[12,2],[-13,65],[-18,51],[20,-16],[13,-41],[34,-14],[42,-56],[-6,-36],[29,-42],[24,-8],[6,-36],[20,-52],[23,-9],[0,-75],[16,-50],[-8,-17],[28,-15],[45,5],[40,30],[39,-8],[-1,46],[15,5],[30,-33],[53,-17],[38,8],[29,-12],[54,-44],[39,-11],[-2,-20],[17,-46],[25,-11],[-30,71],[29,23],[24,-14],[15,24],[52,8],[16,16],[30,-23],[-5,-31],[14,-38],[-45,3],[-19,-9],[22,-13],[28,-49],[-10,-23],[88,-128],[18,-15],[3,-33],[-12,-29],[38,-56],[32,-33],[42,-56],[-8,-44],[6,-28],[24,-35],[-5,-18],[24,-12],[40,-49],[-1,-28],[28,-31],[-10,-55],[19,-88],[17,-13],[-20,-43],[1,-63],[33,-55],[59,-62],[9,-103],[-22,-23],[-20,19],[-19,50],[2,40],[-39,48],[-22,41],[-55,54],[-14,-1],[-2,46],[-26,26],[7,16],[-7,45],[-23,37],[9,32],[-16,82],[-71,56],[-6,42],[-21,24],[-24,93],[0,25],[-26,64],[-30,43],[0,18],[-54,70],[-6,30],[47,-53],[40,-59],[2,22],[-89,134],[-10,33],[-11,-11],[-31,23],[-24,39],[-10,-31],[55,-84],[-9,-13],[19,-34],[-51,38],[-31,12],[40,-52],[57,-58],[19,-53],[-35,29],[-39,14],[-35,26],[-16,-10],[31,-34],[16,-70],[29,-66],[-13,-24],[7,-26],[-10,-53],[-17,-19],[0,-50],[13,-24],[18,33],[-9,25],[48,53],[28,-53],[11,-41],[60,-112],[2,-23],[26,-63],[35,-58],[34,-36],[19,-51],[-41,-6],[-12,-28],[13,-25],[10,17],[32,7],[38,-4],[16,-24],[48,-37],[16,-47],[-13,-84],[24,-70],[31,-41],[46,-85],[-4,-23],[-26,15],[-10,35],[-57,104],[-16,-37],[18,1],[29,-78],[-19,-20],[-9,29],[-29,-18],[-36,33],[-28,9],[-19,-12],[-35,41],[-32,-16],[52,-44],[0,-13],[-57,-15],[7,-19],[32,7],[23,-9],[40,7],[29,-9],[24,-22],[-32,-60],[1,-17],[31,3],[7,24],[37,13],[-6,-29],[31,-14],[-13,31],[8,36],[25,-74],[11,-55],[14,-7],[0,-40],[-18,-28],[-20,-5],[-26,-29],[-22,-2],[1,-31],[-21,-27],[-23,-4],[-10,31],[-23,18],[-40,12],[-34,92],[-16,-4],[11,-33],[-3,-68],[-11,-13],[-22,36],[5,29],[-44,66],[-48,32],[-4,-25],[46,-50],[9,-44],[-23,9],[-16,-15],[46,-17],[-6,-35],[-21,-21],[43,6],[42,-61],[-3,-28],[-22,-45],[-12,45],[-30,-3],[2,-121],[-48,-59],[-36,-21],[-3,21],[-33,12],[-21,-23],[3,71],[-5,76],[-23,10],[6,-39],[2,-162],[14,0],[2,-33],[-22,-10],[-21,12],[-34,41],[17,-33],[6,-48],[-63,18],[-21,-53],[40,-21],[-33,-44],[-38,-30],[-46,-23],[-10,-35],[-28,-12],[-33,16],[-2,37],[-30,-67],[-8,28],[-48,239],[29,16],[-2,31],[-37,3],[-23,117],[19,42],[12,-25],[22,0],[27,-28],[50,9],[17,32],[-25,-6],[-51,18],[-38,57],[31,13],[32,61],[63,25],[31,-1],[36,-25],[-12,30],[-62,34],[27,14],[-84,-7],[-15,14],[14,52],[-13,65],[29,22],[28,-10],[-6,-32],[47,-39],[15,8],[60,-18],[12,14],[19,-46],[23,-23],[36,-10],[21,12],[-53,33],[-27,44],[76,35],[-43,3],[-47,-33],[-17,12],[-47,-4],[-24,38],[-8,31],[-60,84],[6,26],[-35,15],[-24,76],[38,-41],[1,28],[36,-26],[-1,38],[26,-15],[0,28],[54,51],[22,-25],[8,17],[65,26],[10,17],[-53,-1],[-93,-17],[-94,-77],[-19,27],[-4,52],[-14,40],[-71,98],[5,14],[-36,136],[1,42],[-27,38],[-8,55],[31,88],[-12,25],[16,82],[-21,25],[4,32],[-8,54],[-34,116],[16,10],[-34,60],[14,7],[-11,56],[-40,66],[-7,58],[12,4],[16,47],[13,-8],[22,84],[-10,66],[8,42],[30,12],[-13,39],[-41,-57],[7,-50],[-4,-63],[-15,-32],[-16,16],[-28,92],[-38,70],[-28,14],[-34,75],[1,15],[36,29],[6,38],[-33,-1],[-17,-21],[-27,71],[2,43],[-10,10],[3,55],[-17,67],[12,101]],[[23198,87395],[0,0]],[[23259,87459],[14,-3],[25,-54],[59,-105],[28,-83],[-34,1],[-5,23],[-58,116],[0,28],[-21,19],[-8,58]],[[23179,87491],[31,-5],[-3,-22],[36,-36],[-32,1],[-46,32],[-25,45],[3,23],[36,-38]],[[23289,87606],[-25,6],[-8,23],[23,-4],[10,-25]],[[23034,87477],[-13,-14],[40,-86],[14,-42],[-3,-28],[16,-33],[-2,-36],[31,-71],[7,-83],[-6,-49],[-40,49],[-9,-33],[6,-52],[-14,0],[3,-39],[14,-25],[-37,-48],[-19,4],[-21,-36],[-66,55],[-74,6],[-21,17],[-36,55],[-9,41],[-14,10],[-13,45],[-19,25],[254,455],[25,-55],[6,-32]],[[23211,88222],[10,-13],[-37,-9],[27,22]],[[22897,88609],[0,0]],[[22894,88622],[0,0]],[[22882,88663],[0,0]],[[22036,89978],[94,16],[259,147],[262,146],[131,-130],[118,-84],[21,-5],[15,-72],[69,-80],[44,-5],[98,-128],[1,-192],[-55,-49],[-26,-53],[122,-87],[-44,-87],[77,-141],[286,-69],[24,-123],[125,-132],[91,1],[39,-90],[72,-109],[-28,-128],[103,-37],[-25,-84],[86,-134],[315,-202],[145,-81],[147,-253],[164,-192],[199,-199],[-93,-92],[128,-240],[83,-106],[107,-159],[-4,-7],[110,-324],[149,-221],[79,-124],[130,-309],[100,-172],[117,-258],[181,-282],[29,-51],[127,-282],[-133,-258],[356,-100],[-86,-369],[276,-146],[-31,-112],[44,-110],[28,-223],[280,28],[120,-128],[329,-223],[95,-93],[336,-85],[175,-215],[91,-42],[80,-9],[46,-219],[84,-28],[114,-70],[157,58],[110,-248],[-14,-182],[-6,-25],[-15,22],[7,-56],[-30,-46],[0,-17],[-39,-84],[-24,-21],[-12,14],[-54,-116],[1,-43],[16,-23],[-17,-53],[25,-24],[26,-41],[2,-96],[-15,-27],[4,-34],[-17,-38],[16,-48],[-4,-40],[33,-70],[3,-64],[45,-67],[16,-46],[-6,-85],[8,0],[10,-53],[-5,-52],[23,-65],[37,-66],[-8,-31],[-31,-25],[-13,-38],[-47,-55],[-20,47],[2,-67],[-24,-46],[-25,-66],[-13,-12],[-11,-65],[-31,-38],[-46,-161],[-26,-33],[-5,-38],[-46,-88],[-66,-92],[-21,-20],[-105,-144],[-30,12],[0,-29],[-33,-40],[-31,0],[4,-22],[-43,-18],[-16,7],[23,70],[79,75],[10,35],[26,34],[13,-24],[30,43],[-11,19],[-35,-21],[-43,-47],[-38,-59],[-9,9],[-16,-40],[-42,-49],[-28,81],[-26,27],[28,69],[-4,40],[-18,59],[-8,-21],[13,-44],[-11,-74],[-19,-21],[2,-36],[11,11],[31,-31],[16,-50],[-7,-35],[9,-29],[-28,-42],[-39,-15],[-23,4],[-24,57],[18,-1],[14,49],[24,-40],[-17,82],[-13,41],[2,-48],[-16,56],[2,95],[-10,28],[2,85],[-18,17],[-8,-46],[2,-55],[10,-47],[-4,-21],[13,-51],[7,-74],[-11,-22],[-25,-6],[-32,67],[-11,2],[20,-67],[-3,-58],[-19,-26],[-40,-20],[-98,76],[0,36],[-14,21],[16,40],[-24,27],[5,62],[-19,101],[24,-17],[-1,40],[12,10],[-18,30],[29,3],[3,24],[38,28],[-18,22],[-6,-31],[-20,-5],[-42,-46],[-10,41],[-28,38],[-19,-1],[14,61],[25,17],[-15,19],[36,22],[2,16],[-33,-9],[1,18],[29,17],[32,0],[69,51],[19,42],[24,-3],[6,-47],[23,-50],[-4,-29],[29,-61],[-2,46],[-14,39],[67,38],[37,-116],[15,-37],[5,34],[-16,35],[-23,96],[1,31],[74,11],[29,27],[70,21],[37,28],[5,45],[-14,-27],[-31,-24],[-59,-15],[-43,-39],[-27,-4],[-29,13],[20,34],[8,38],[85,92],[40,54],[31,77],[15,52],[50,74],[6,39],[-16,-5],[-8,-31],[-19,-22],[-28,-63],[-29,-34],[-9,-61],[-74,-95],[-80,-87],[-6,-40],[-16,-10],[-12,-63],[-30,-17],[-25,21],[-20,81],[-2,98],[-8,4],[-4,-89],[-18,-27],[-23,-5],[-12,-27],[-67,-56],[-50,-17],[-49,17],[-14,41],[-33,21],[-1,30],[-19,66],[10,5],[-19,44],[78,89],[19,31],[60,64],[-1,35],[46,24],[34,-21],[26,7],[42,-10],[72,28],[29,-12],[41,21],[50,-26],[26,22],[-32,2],[-29,17],[-10,26],[40,41],[12,35],[33,32],[2,41],[-20,-10],[-5,-38],[-14,-3],[-21,-45],[-39,-26],[-27,-63],[-29,9],[-115,-23],[-23,30],[-4,67],[-8,35],[10,40],[-20,60],[2,54],[-9,82],[28,40],[-8,75],[10,31],[53,4],[14,10],[21,-41],[19,2],[-27,63],[14,17],[39,5],[8,31],[36,27],[37,-108],[3,31],[-19,67],[-9,80],[9,17],[46,7],[4,42],[-23,-31],[-47,-23],[-1,-67],[-21,-3],[-34,-26],[-7,-27],[-35,3],[-37,-61],[-44,13],[-21,178],[-9,21],[-6,70],[5,40],[47,43],[72,1],[13,29],[30,-10],[18,48],[41,8],[-52,7],[-31,-24],[-29,-36],[-55,-3],[-52,-33],[-24,34],[-8,34],[-41,71],[-3,15],[38,48],[6,35],[-66,-51],[-19,14],[-34,63],[-6,26],[-34,48],[-9,34],[-66,75],[16,58],[-19,3],[-17,-34],[-34,53],[11,63],[-20,-32],[-19,38],[38,38],[28,10],[50,43],[16,25],[35,21],[-40,-12],[-6,13],[46,62],[-34,-1],[-31,-34],[-45,-69],[-36,-14],[-25,27],[15,-42],[-15,-24],[-89,-30],[-53,-61],[-31,6],[-18,-19],[-39,80],[9,24],[-92,-65],[-24,51],[-8,-17],[5,-46],[-30,-17],[-65,-57],[-7,21],[5,74],[-12,2],[-10,-104],[-117,-99],[-27,34],[-50,25],[-27,26],[-10,36],[-2,-42],[40,-35],[45,-29],[18,-35],[-66,5],[-25,9],[-3,-27],[-89,-19],[22,-42],[54,-2],[22,-18],[38,-10],[16,-31],[13,12],[-19,-113],[-18,-5],[-10,-76],[-12,-30],[-32,0],[2,21],[-52,51],[22,-34],[14,-57],[49,-92],[-20,3],[-16,-32],[-5,-51],[-20,7],[-6,-31],[-19,10],[12,-51],[-46,24],[-37,44],[-15,43],[-45,55],[-30,11],[29,-28],[32,-56],[25,-60],[-4,-23],[34,-32],[-10,-12],[-25,18],[31,-49],[5,-74],[-24,-10],[-11,-69],[-14,-5],[-25,40],[-18,1],[-28,46],[-28,18],[-57,16],[-34,25],[-12,35],[-20,16],[-20,56],[0,86],[-12,15],[-15,91],[-24,34],[-10,52],[-31,35],[-2,20],[34,-12],[5,-17],[56,-51],[28,10],[-21,13],[9,50],[-13,49],[23,36],[15,-16],[16,23],[26,11],[58,-6],[10,-15],[40,-14],[21,-29],[-12,42],[-48,30],[-4,30],[-31,14],[-8,26],[14,30],[41,53],[-7,52],[-15,28],[2,46],[42,38],[66,-7],[8,25],[-13,20],[7,24],[38,-41],[-27,49],[-3,31],[-26,101],[23,-4],[-21,42],[12,92],[-2,120],[88,18],[13,41],[17,2],[45,-26],[63,33],[67,-42],[29,14],[37,-18],[13,11],[51,-72],[-14,43],[18,11],[-19,27],[37,-19],[25,31],[7,32],[31,3],[10,38],[-41,-3],[-22,-18],[-15,-56],[-31,22],[-56,-17],[-26,27],[-53,14],[-9,-6],[-40,21],[-35,-20],[-49,8],[-42,20],[-13,-9],[-42,26],[-14,49],[-17,28],[-21,60],[-9,85],[7,65],[20,16],[-21,15],[-23,-28],[11,-8],[-8,-34],[-11,26],[-19,-3],[-35,35],[-42,0],[-25,-22],[-8,28],[-46,30],[9,-31],[-22,2],[1,39],[-24,57],[-8,55],[5,23],[-21,9],[-42,51],[-31,-4],[-23,43],[-26,16],[-34,54],[-1,121],[19,17],[28,50],[-5,44],[-61,-42],[-16,-19],[-50,-25],[-34,-4],[-54,26],[39,21],[-30,6],[-28,-18],[-29,21],[1,35],[37,56],[-18,24],[20,2],[21,-21],[46,-18],[47,-10],[6,11],[-46,15],[-38,45],[-34,7],[-24,32],[28,13],[-3,35],[20,-15],[31,36],[-6,46],[27,1],[43,24],[-9,53],[18,25],[49,11],[-20,17],[-53,-22],[-17,-36],[5,-31],[-60,4],[-13,-25],[1,-53],[-42,8],[-129,81],[-46,49],[-79,57],[-12,28],[-4,47],[-12,5],[12,36],[-22,-17],[-1,27],[-21,-8],[-22,35],[-23,12],[7,15],[-12,51],[-24,18],[-49,69],[57,5],[51,-38],[3,12],[-41,35],[33,-4],[51,-70],[26,6],[-1,50],[9,9],[-26,33],[-33,80],[-5,35],[23,29],[5,29],[-33,8],[-21,-41],[-18,-1],[7,-64],[-13,-37],[-28,-9],[-23,35],[-66,28],[1,-21],[-20,-52],[0,56],[-13,21],[17,13],[-24,11],[-6,-25],[-34,25],[-22,31],[-67,15],[-29,-11],[-22,17],[30,50],[4,25],[-22,38],[46,-7],[1,35],[-24,-3],[-18,33],[-31,-2],[-1,-29],[-21,4],[24,-31],[-19,-18],[-37,2],[17,76],[-32,28],[5,-55],[-13,-30],[7,-21],[-29,-61],[-24,-6],[-60,28],[2,14],[-44,18],[-31,27],[-30,3],[-10,24],[-72,47],[-42,9],[7,15],[33,1],[30,27],[12,35],[-15,53],[-18,27],[19,9],[-12,31],[34,-3],[16,41],[43,-16],[73,-7],[26,23],[47,-2],[45,-12],[3,-22],[32,-37],[6,-22],[30,-20],[-16,32],[-43,57],[-3,22],[21,23],[53,13],[1,42],[41,-34],[42,59],[51,9],[11,27],[-8,55],[-21,-5],[1,-48],[-43,-28],[-19,-28],[-50,20],[-37,-33],[-27,-7],[-55,30],[-68,-6],[-57,17],[-51,30],[-24,35],[0,38],[53,32],[-2,40],[21,-33],[59,21],[-8,14],[15,46],[-7,19],[-33,-32],[-14,-28],[-25,27],[-36,19],[18,-30],[-29,-23],[-48,58],[-14,64],[-16,28],[8,49],[18,-3],[-15,65],[18,-6],[20,23],[9,42],[33,30],[40,-18],[39,22],[26,-9],[21,35],[-42,0],[-27,-14],[-59,1],[-20,-13],[-55,-9],[-34,-28],[-33,-7],[-43,39],[-9,30],[-39,42],[-18,37],[44,11],[-30,9],[-11,34],[29,29],[-2,97],[25,-17],[10,17],[33,-11],[13,27],[55,-83],[26,-4],[20,-25],[14,19],[41,-28],[77,-42],[17,-21],[59,-43],[50,-16],[67,-57],[66,-84],[13,-26],[52,-52],[57,13],[75,-41],[5,21],[-79,32],[9,39],[-37,-36],[-64,46],[-37,71],[-42,50],[11,43],[-2,32],[-21,-12],[-1,-37],[-60,47],[-6,18],[-44,50],[-41,-3],[-19,25],[-45,32],[-21,31],[-1,25],[-23,29],[-29,-1],[-40,20],[-66,73],[-29,-9],[-14,12],[33,15],[-1,51],[-16,18],[-15,46],[13,62],[-4,55],[-14,51],[9,12],[57,-2],[8,-24],[78,18],[43,-12],[19,-31],[81,-36],[12,40],[25,-4],[38,-42],[42,12],[61,-46],[5,-15],[25,21],[-50,50],[-5,31],[-46,-8],[-31,-15],[-27,38],[-24,8],[-36,-40],[-54,37],[-16,22],[-88,12],[-35,-11],[-11,21],[-37,-7],[-32,8],[-24,-7],[-14,-34],[-1,-50],[8,-48],[-17,-7],[-19,25],[-7,32],[-18,-9],[7,-49],[21,-26],[3,-109],[-21,-22],[-29,0],[-25,30],[-1,-24],[-28,30],[-19,56],[3,15],[-29,42],[-23,54],[-65,114],[-2,41],[24,16],[10,31],[65,39],[13,-55],[21,-41],[22,-11],[10,-36],[21,6],[-11,63],[-17,33],[43,55],[-1,31],[-48,-40],[-20,38],[-31,29],[1,30],[-17,44],[21,12],[16,54],[33,12],[18,43],[-24,13],[54,60],[-41,-19],[-44,-6],[-9,-12],[22,-58],[-31,-15],[-4,-49],[-25,-16],[-22,-58],[-4,-43],[22,-44],[-100,-46],[-19,-21],[-42,42],[-57,70],[52,17],[-8,11],[-50,-14],[-23,18],[-10,39],[12,-3],[0,37],[-20,-29],[-21,7],[-17,95],[-17,22],[19,19],[12,-17],[17,9],[-28,20],[-14,29],[0,41],[-11,18],[11,89],[26,19],[-3,66],[-25,44],[83,33],[14,34],[24,16],[-37,58],[7,18],[-9,71],[-44,14],[-13,-30],[8,-30],[-11,-70],[-38,-19],[-36,-35],[-25,-43],[4,-26],[46,-39],[6,-39],[-34,-8],[-12,-16],[-8,-50],[-14,12],[-56,-3],[-108,91],[-27,32],[-69,62],[-29,17],[-71,75],[-34,49],[-43,-2],[2,-13],[-35,1],[-27,38],[-16,-26],[4,-30],[-27,24],[-7,65],[-41,-5],[-2,-18],[-45,1],[-37,26],[-13,25],[24,-4],[-14,37],[9,18],[-12,21],[-21,110],[7,27],[-23,12],[-28,42],[30,8],[-57,37],[-44,80],[-13,41],[-42,48],[-2,37],[-26,27],[-25,64],[15,4],[39,-39],[6,42],[35,-46],[-22,69],[-23,27],[-2,24],[20,40],[0,52],[-10,59],[-22,19],[14,51],[-36,-25],[-14,15],[66,65],[16,33],[10,85],[-3,30],[-30,45],[10,54],[-35,70],[-2,-59],[23,-54],[-1,-39],[13,-22],[-3,-105],[-9,-23],[-69,-12],[3,-52],[-11,-91],[-28,22],[19,-63],[-20,-35],[-36,47],[-15,57],[-65,84],[-14,49],[23,42],[-38,134],[3,47],[-10,100],[-27,58],[-3,89],[-17,39],[-11,70],[-26,68],[-23,37],[-10,67],[-69,84],[-33,72],[12,55],[-3,56],[15,36],[-11,55],[29,90],[4,97],[-3,49],[-31,7],[0,-97],[-14,-45],[3,-51],[-28,-111],[10,-24],[-10,-29],[14,-25],[-13,-27],[-36,78],[-13,-15],[11,-36],[-15,-12],[-60,25],[-47,41],[-27,-5],[39,-48],[98,-57],[4,-41],[20,-33],[-18,-19],[8,-16],[38,-11],[40,-25],[33,-128],[-29,15],[35,-57],[3,-19],[34,-64],[-19,-20],[-13,40],[-46,19],[-12,35],[6,27],[-10,36],[-22,20],[13,11],[-21,33],[-43,40],[-17,35],[-21,3],[-51,28],[-21,-24],[2,-17],[54,-57],[24,-44],[-5,-24],[17,-52],[27,-44],[55,-28],[-3,-54],[-16,31],[-778,632],[-210,186],[70,123],[-2,75],[-125,88],[177,86],[171,31]],[[16570,99362],[-414,12],[-1201,-24],[-926,-149],[-399,-142],[-73,-291],[189,-226],[557,-424],[733,-421],[972,-551],[562,-361]],[[16570,96785],[1,-546],[-472,311],[-920,477],[-360,313],[-880,463],[-1166,687],[-159,153],[285,174],[128,229],[200,306],[156,338],[382,26],[1988,273],[817,10],[1,-374],[-1,-263]],[[98568,12],[0,0]],[[98943,111],[-21,-13],[-16,32],[38,-3]],[[99436,581],[0,0]],[[99583,708],[0,0]],[[98856,1277],[-3,-99],[2,-136],[-4,-63],[-26,-107],[-20,-61],[-35,-53],[-26,-123],[-15,-19],[-60,-29],[-140,-48],[-149,-20],[-87,-30],[-41,-5],[-39,-46],[-142,-36],[-67,-21],[-47,-2],[-48,7],[-78,-69]],[[97831,317],[-22,9],[9,47],[19,32],[-16,17]],[[98802,1272],[26,-6],[28,11]],[[99606,780],[0,0]],[[99598,796],[0,0]],[[99046,1256],[1,-16],[-32,7],[-11,18],[42,-9]],[[99572,920],[0,0]],[[99564,977],[0,0]],[[99559,986],[0,0]],[[99542,996],[10,-32],[2,-60],[-11,-28],[4,-52],[23,-14],[10,-65],[-10,-34],[-18,46],[-14,-14],[9,-37],[-14,-29],[-15,16],[-30,-16],[-13,-33],[-31,10],[-19,-48],[-25,-31],[-33,-138],[-3,-47],[-41,-22]],[[98945,144],[-32,25],[-19,-23]],[[98894,146],[-3,30],[11,63],[56,120],[12,66],[-1,92],[35,189],[14,37],[-8,31],[-42,56],[-20,101],[-2,178],[13,72],[26,68]],[[98985,1249],[5,18]],[[98990,1267],[0,2]],[[98990,1269],[0,-49],[27,-12],[2,-36],[25,22],[-19,46],[29,0],[51,-28],[29,-5],[15,29],[7,-43],[19,9],[-25,39],[35,-18]],[[99185,1223],[13,-43],[29,-205],[10,-134],[30,-49],[39,16],[5,69],[-14,56],[-15,134],[16,118]],[[99298,1185],[31,-22],[11,-24],[37,-12],[13,15],[7,-35]],[[81575,14291],[0,0]],[[81556,14296],[0,0]],[[81368,14355],[0,0]],[[81386,14352],[0,0]],[[81525,14311],[0,0]],[[81607,14297],[0,0]],[[81362,14349],[-12,11],[4,31],[8,-42]],[[81619,14307],[0,0]],[[81361,14398],[0,0]],[[81613,14338],[0,0]],[[81649,14374],[0,0]],[[81415,14443],[2,-63],[-21,-16],[17,41],[-6,23],[-30,18],[11,16],[27,-19]],[[81681,14378],[0,0]],[[81583,14418],[0,0]],[[81620,14411],[0,0]],[[81615,14463],[0,0]],[[81830,14403],[-5,-25],[-20,23],[-8,-43],[-50,-9],[-12,18],[22,31],[14,-13],[37,39],[22,-21]],[[81760,14410],[-11,6],[0,40],[11,-46]],[[81914,14476],[3,-17],[-28,-19],[28,-12],[-39,-52],[-39,2],[19,90],[10,-29],[21,36],[25,1]],[[82114,14486],[0,0]],[[81915,14639],[0,0]],[[81896,14654],[0,0]],[[82049,14617],[18,-41],[1,-56],[-90,-61],[-23,8],[-15,-29],[-8,23],[22,34],[-13,41],[24,13],[-16,17],[34,30],[-5,-57],[-19,-24],[10,-24],[29,4],[20,33],[-13,27],[9,14],[28,-45],[14,12],[-23,73],[-25,14],[10,40],[31,-46]],[[82183,14571],[-23,1],[8,49],[18,-25],[-3,-25]],[[82288,14572],[0,0]],[[82141,14565],[-25,45],[19,40],[16,-61],[-10,-24]],[[82205,14585],[-12,7],[-1,59],[12,-26],[1,-40]],[[82066,14688],[31,-35],[13,-49],[-5,-34],[-8,33],[-24,-9],[-16,41],[9,53]],[[82330,14588],[-6,14],[23,27],[10,-13],[-27,-28]],[[82112,14654],[-12,14],[-1,41],[19,-32],[-6,-23]],[[81984,14708],[0,0]],[[82188,14631],[-20,55],[6,9],[14,-64]],[[82136,14675],[0,0]],[[82263,14692],[17,-8],[4,-58],[-31,59],[10,7]],[[82154,14726],[3,-50],[-21,70],[8,27],[10,-47]],[[82095,14769],[0,0]],[[82209,14735],[47,-106],[10,-68],[-23,-18],[-9,11],[19,22],[-31,22],[1,36],[-20,51],[-14,65],[7,27],[13,-42]],[[82523,14679],[0,0]],[[82163,14802],[16,-8],[-2,-31],[-25,22],[11,17]],[[82297,14752],[1,-32],[-22,27],[-4,45],[25,-40]],[[82143,14816],[0,0]],[[82215,14781],[-20,24],[17,6],[3,-30]],[[82549,14703],[-14,-48],[0,46],[-42,-8],[-3,16],[39,15],[42,32],[23,6],[-10,-28],[-35,-31]],[[82318,14831],[0,0]],[[82666,14787],[-40,-47],[-27,-14],[21,37],[-4,13],[35,15],[44,58],[3,-21],[-32,-41]],[[82724,14820],[0,0]],[[82869,14992],[-27,-40],[21,-7],[-11,-27],[-18,3],[-38,-24],[36,73],[22,25],[15,-3]],[[82890,14970],[0,0]],[[82919,15000],[2,33],[27,38],[20,-5],[-26,-44],[-23,-22]],[[82961,15108],[0,0]],[[82816,15182],[0,0]],[[83012,15112],[-10,9],[44,87],[8,-22],[-42,-74]],[[83079,15217],[-20,-16],[16,35],[4,-19]],[[82617,15407],[0,0]],[[82927,15329],[0,0]],[[82893,15425],[0,0]],[[82962,15449],[0,0]],[[82929,15478],[0,0]],[[82760,15574],[0,0]],[[83235,15442],[0,0]],[[83024,15506],[0,0]],[[82931,15536],[0,0]],[[82823,15590],[0,0]],[[83016,15566],[-2,-20],[-22,35],[24,-15]],[[82863,15619],[0,0]],[[82974,15587],[0,0]],[[83081,15551],[0,0]],[[83028,15577],[0,0]],[[82951,15623],[0,0]],[[83200,15602],[7,-30],[-23,-29],[16,59]],[[83112,15644],[0,0]],[[83080,15681],[0,0]],[[82683,15802],[0,0]],[[83254,15653],[-10,-26],[-18,32],[-9,-26],[3,60],[34,-40]],[[82586,15880],[-8,-21],[-22,16],[30,5]],[[82655,15866],[4,38],[9,-27],[-13,-11]],[[82713,15874],[-11,-18],[-16,22],[14,33],[13,-37]],[[82610,15872],[21,-4],[-10,-20],[26,2],[19,-40],[-28,-12],[-50,47],[27,73],[18,13],[-23,-59]],[[82697,15913],[0,0]],[[82562,15926],[-9,19],[19,22],[-10,-41]],[[82665,15918],[0,0]],[[82554,15960],[0,0]],[[82532,15993],[0,0]],[[83358,15780],[-19,-64],[-2,-52],[-14,-15],[-8,-45],[-48,-60],[-7,10],[-21,-63],[-16,-6],[-35,-70],[1,-21],[-46,-75],[-33,-81],[-21,-18],[-11,21],[35,28],[15,59],[-1,38],[31,-2],[18,48],[43,90],[-11,50],[22,-31],[18,34],[0,39],[12,-14],[3,50],[22,1],[29,91],[-5,37],[36,29]],[[82571,16008],[0,0]],[[82528,16028],[0,0]],[[82578,16016],[0,0]],[[82499,16065],[0,0]],[[82560,16049],[0,0]],[[82518,16076],[0,0]],[[82628,16018],[1,35],[16,8],[-17,-43]],[[82512,16089],[0,0]],[[82547,16084],[0,0]],[[82526,16112],[-29,9],[10,12],[19,-21]],[[82399,16520],[0,0]],[[82219,16952],[0,0]],[[82368,16907],[5,-20],[-32,-44],[-17,-7],[-14,55],[23,46],[35,-30]],[[82167,17035],[0,0]],[[82131,17050],[0,0]],[[82153,17083],[0,0]],[[82134,17115],[-16,-20]],[[82195,17099],[24,-24],[2,-30],[30,-19],[-29,-9],[-18,11],[2,24],[-19,33],[-6,-39],[-15,40],[-24,19],[21,11],[32,-17]],[[82152,17137],[9,11]],[[82165,17153],[15,-39],[-39,10]],[[81508,18459],[0,2]],[[81508,18461],[0,-2]],[[81497,18534],[-2,13]],[[81495,18547],[2,-13]],[[81519,18528],[-3,24]],[[81493,18555],[-2,15]],[[81491,18570],[2,-15]],[[81462,18754],[-4,21]],[[81458,18775],[4,-21]],[[81436,18920],[-5,29]],[[81431,18949],[5,-29]],[[81430,18985],[0,0]],[[81456,19189],[0,0]],[[65461,22426],[0,0]],[[65440,22492],[-1,10]],[[65439,22502],[1,-10]],[[65616,22570],[0,0]],[[65605,22587],[0,0]],[[65707,22618],[0,0]],[[65524,22582],[-6,10],[60,54],[-14,-29],[-40,-35]],[[65472,22334],[-12,59]],[[65460,22393],[-1,6]],[[65459,22399],[-3,14]],[[65456,22413],[30,26],[32,13],[13,39],[65,11],[36,35],[6,39],[-10,22],[16,43],[19,9],[7,-19],[2,-81],[-39,-67],[-94,-82],[-67,-67]],[[65666,22658],[-32,-15],[31,47],[1,-32]],[[72288,24055],[0,0]],[[72275,24087],[0,0]],[[72169,24119],[92,-51],[8,-24],[-62,19],[-66,51],[28,5]],[[72135,24121],[0,0]],[[72409,24102],[-74,-42],[-27,17],[34,-5],[35,34],[32,-4]],[[72194,24134],[0,0]],[[72248,24130],[-14,15],[19,10],[-5,-25]],[[72251,24165],[0,0]],[[72335,24166],[0,0]],[[72266,24209],[0,0]],[[72196,24213],[0,0]],[[72347,24224],[-3,-30],[-56,-29],[-4,17],[37,14],[26,28]],[[72333,24240],[0,0]],[[73462,24144],[0,0]],[[72400,24295],[0,0]],[[72190,24334],[0,0]],[[72336,24315],[8,40],[12,-9],[-20,-31]],[[72251,24354],[0,0]],[[72209,24366],[0,0]],[[72229,24371],[0,0]],[[72370,24347],[0,0]],[[72276,24374],[-11,21],[17,8],[-6,-29]],[[72394,24361],[0,0]],[[72662,24346],[0,0]],[[72196,24410],[0,0]],[[72181,24410],[0,0]],[[72251,24380],[-15,4],[13,35],[12,-5],[-10,-34]],[[72339,24369],[0,0]],[[72131,24436],[-1,-10]],[[72236,24407],[0,0]],[[72211,24414],[0,0]],[[72268,24431],[0,0]],[[72675,24421],[0,0]],[[72275,24419],[-3,62],[10,-46],[-7,-16]],[[72272,24497],[0,0]],[[73791,24337],[26,-39],[-39,19],[-2,-25],[-27,-3],[-4,55],[46,-7]],[[72250,24515],[-27,-76],[-1,70],[15,18],[13,-12]],[[73289,24404],[0,0]],[[72208,24511],[0,0]],[[72706,24462],[0,0]],[[73785,24371],[32,-23],[3,-29],[-29,31],[-22,4],[16,17]],[[72757,24502],[-38,-34],[10,38],[28,-4]],[[72694,24502],[0,0]],[[72756,24466],[-86,-91],[28,67],[37,23],[38,43],[-17,-42]],[[72761,24533],[0,0]],[[72731,24555],[0,0]],[[72748,24554],[0,0]],[[72608,24568],[0,0]],[[72762,24557],[0,0]],[[80805,23134],[0,0]],[[72697,24559],[0,0]],[[72818,24562],[-26,-39],[-13,4],[11,37],[28,-2]],[[80792,23194],[-4,-1]],[[72748,24651],[14,-23],[-6,-35],[-22,52],[14,6]],[[72675,24644],[0,0]],[[70672,24838],[7,-2]],[[72904,24621],[0,0]],[[72850,24640],[9,27],[21,-71],[-50,-17],[21,30],[-14,15],[-18,-15],[14,62],[17,-31]],[[70683,24884],[0,0]],[[72871,24681],[0,0]],[[72690,24700],[0,0]],[[72719,24710],[33,2],[-7,-35],[-18,-11],[-16,19],[8,25]],[[72732,24736],[0,0]],[[73634,24646],[0,0]],[[72870,24728],[0,0]],[[72947,24680],[-46,-27],[7,53],[6,-25],[11,64],[22,-65]],[[72905,24730],[0,0]],[[72706,24750],[0,0]],[[72963,24713],[-22,22],[28,9],[-6,-31]],[[72840,24711],[-14,43],[18,11],[-4,-54]],[[73439,24684],[0,0]],[[72890,24747],[0,0]],[[73425,24704],[0,0]],[[72910,24759],[0,0]],[[73632,24678],[0,0]],[[72721,24809],[5,-27],[-34,7],[-1,15],[30,5]],[[72707,24822],[0,0]],[[72865,24817],[0,0]],[[72738,24823],[0,0]],[[72761,24861],[0,0]],[[73474,24780],[0,0]],[[73299,24819],[0,0]],[[72828,24881],[0,0]],[[72691,24899],[0,0]],[[72807,24917],[6,-11],[-26,-39],[-1,43],[21,7]],[[72736,24911],[0,0]],[[73252,24819],[-21,52],[20,-16],[1,-36]],[[72835,24912],[0,0]],[[72670,24964],[33,-5],[19,-64],[23,-10],[-25,-33],[-6,39],[-20,47],[-34,8],[10,18]],[[72828,24932],[0,0]],[[72876,24947],[-14,-73],[-19,30],[33,43]],[[72699,24976],[-24,-1],[-13,35],[37,-21],[0,-13]],[[72613,25040],[22,10],[20,-21],[6,-43],[-36,16],[18,-28],[-31,-23],[-7,46],[-20,1],[5,46],[23,-4]],[[67262,25284],[-10,30],[-9,89],[17,-54],[2,-65]],[[73199,24987],[-18,1],[-1,24],[18,4],[1,-29]],[[73630,24953],[-48,-19],[-1,16],[49,3]],[[73244,25019],[0,0]],[[73129,25051],[0,0]],[[70531,25126],[99,191]],[[70630,25317],[23,-19],[40,0],[-1,-18],[21,-33],[19,-6],[6,-26],[21,17],[14,-46],[42,11],[-6,-33],[37,16],[-6,-35],[-23,-35],[-33,-31],[-12,-47],[9,-34],[-28,-19],[-27,1],[-11,-21],[-33,25],[-15,43],[-21,-3],[-25,34],[-50,40],[-18,1],[-22,27]],[[73155,25064],[0,0]],[[73644,25008],[0,0]],[[73260,25059],[0,0]],[[73105,25077],[-22,0],[15,27],[7,-27]],[[73235,25079],[0,0]],[[73226,25087],[0,0]],[[73242,25106],[0,0]],[[73105,25125],[0,0]],[[73123,25129],[0,0]],[[73200,25136],[6,-21],[-30,-3],[25,-44],[-33,-20],[0,22],[-31,34],[35,40],[28,-8]],[[73135,25163],[-17,-1],[28,28],[-11,-27]],[[73193,25178],[0,0]],[[73239,25188],[0,0]],[[73056,25224],[25,-9],[-4,-16],[34,3],[-4,-23],[-36,6],[-24,31],[9,8]],[[73172,25203],[0,0]],[[73103,25213],[0,0]],[[73152,25232],[4,-22],[-30,31],[26,-9]],[[73719,25064],[-4,9],[24,63],[27,38],[-29,-92],[-18,-18]],[[73100,25246],[0,0]],[[73181,25243],[0,0]],[[73163,25268],[0,0]],[[73207,25251],[0,0]],[[73171,25296],[0,0]],[[73202,25314],[0,0]],[[73305,25314],[0,0]],[[73171,25335],[-49,6],[12,14],[37,-20]],[[73313,25340],[0,0]],[[73800,25291],[0,0]],[[73334,25344],[0,0]],[[73307,25362],[0,0]],[[73853,25303],[0,0]],[[73302,25391],[0,0]],[[73866,25327],[0,0]],[[73236,25424],[24,-13],[-23,-23],[-1,36]],[[73387,25422],[0,0]],[[73887,25374],[0,0]],[[73210,25457],[0,0]],[[73140,25492],[0,0]],[[73264,25433],[-28,3],[16,58],[12,-61]],[[73199,25483],[0,0]],[[73903,25398],[-15,4],[19,26],[-4,-30]],[[73156,25489],[0,0]],[[73348,25503],[0,-46],[-10,12],[15,-61],[-30,21],[10,-31],[-20,-12],[-10,75],[-14,15],[5,28],[47,-16],[7,15]],[[73921,25434],[0,0]],[[73229,25488],[-15,32],[28,10],[4,-19],[-17,-23]],[[73186,25503],[0,0]],[[73930,25453],[0,0]],[[73412,25521],[0,0]],[[73280,25506],[-9,-3],[-20,44],[21,-6],[8,-35]],[[73937,25467],[0,0]],[[73434,25526],[-23,29],[27,-14],[-4,-15]],[[70268,25139],[-31,-38],[-51,-11],[-84,35],[-110,28],[-76,10],[-126,46],[-35,29],[-81,51],[-179,153],[-61,49],[-102,54],[-42,31],[-62,26]],[[69228,25602],[19,10],[223,222],[277,53],[141,-646],[380,-102]],[[73944,25486],[0,0]],[[73258,25567],[0,0]],[[73540,25509],[-17,8],[10,35],[7,-43]],[[73259,25598],[0,0]],[[73951,25504],[0,0]],[[73492,25570],[0,0]],[[73287,25657],[42,-28],[23,-104],[-20,27],[1,25],[-32,25],[-6,-33],[17,2],[-5,-26],[-23,-18],[-3,55],[-10,50],[16,25]],[[73332,25654],[0,0]],[[73511,25657],[-13,-3],[8,-73],[-19,28],[-20,1],[-42,55],[26,-2],[11,-22],[53,40],[-4,-24]],[[73445,25704],[-35,-18],[-33,28],[46,12],[22,-22]],[[73544,25707],[0,0]],[[73861,25689],[0,0]],[[73846,25645],[-13,14],[13,47],[0,-61]],[[73489,25736],[0,0]],[[73856,25725],[0,0]],[[73475,25724],[-9,-25],[-13,20],[-1,46],[-14,32],[27,-21],[10,-52]],[[73912,25747],[0,0]],[[73484,25817],[35,-16],[0,-32],[-34,30],[-17,-15],[-19,18],[35,15]],[[73906,25774],[0,0]],[[73414,25833],[25,8],[6,-24],[-32,-6],[-7,-33],[14,-19],[-26,-12],[2,-16],[-30,-14],[16,65],[-23,39],[25,-15],[10,37],[20,-10]],[[73476,25846],[0,0]],[[73515,25842],[0,0]],[[73958,25780],[0,0]],[[73979,25769],[0,0]],[[73457,25846],[0,0]],[[73545,25855],[14,2],[-1,-31],[-27,-8],[14,37]],[[73906,25799],[0,0]],[[73601,25876],[2,-17],[-26,11],[24,6]],[[73498,25873],[0,0]],[[73450,25877],[-22,-33],[4,62],[18,-29]],[[73418,25886],[-33,-32],[-14,15],[0,35],[14,-18],[23,26],[10,-26]],[[73942,25834],[0,0]],[[73480,25889],[0,0]],[[73353,25924],[0,0]],[[73467,25907],[0,0]],[[73537,25915],[0,0]],[[73399,25948],[3,-20],[-37,-15],[5,35],[29,0]],[[73968,25872],[0,0]],[[73383,25954],[0,0]],[[73429,25919],[0,0]],[[73361,25948],[0,0]],[[73599,25943],[0,0]],[[73588,25960],[0,0]],[[73460,25979],[0,0]],[[73559,25971],[4,-36],[-41,4],[-19,-21],[-15,9],[17,30],[34,1],[7,27],[13,-14]],[[73454,26001],[0,0]],[[73568,25999],[0,0]],[[73625,26000],[0,0]],[[73477,26014],[0,0]],[[73607,25999],[0,0]],[[73425,25970],[-17,30],[11,56],[13,-49],[-7,-37]],[[73528,25986],[-1,12],[35,43],[6,-20],[-40,-35]],[[73537,26021],[0,0]],[[73576,26047],[0,0]],[[73449,26037],[-12,20],[11,31],[1,-51]],[[73480,25938],[-10,-9],[20,77],[20,44],[4,-58],[-26,-28],[-8,-26]],[[73534,26049],[0,0]],[[73497,26073],[0,0]],[[73340,26117],[0,0]],[[73466,26092],[0,0]],[[73409,26124],[23,-21],[-36,-3],[13,24]],[[73525,26107],[0,0]],[[73387,26087],[-14,23],[1,35],[13,-58]],[[73601,26105],[-20,-22],[-13,13],[9,38],[24,-29]],[[73476,26155],[0,0]],[[74018,26020],[7,-113],[-4,-82],[-11,-102],[-25,-129],[-19,-47],[6,103],[29,59],[9,165],[8,64],[-15,46],[6,24],[-13,94],[11,-4],[11,-78]],[[73385,26160],[-23,9],[-4,23],[27,-32]],[[73487,26176],[0,0]],[[73515,26159],[0,0]],[[73413,26204],[-4,-39],[-40,39],[25,10],[19,-10]],[[73622,26164],[0,0]],[[73489,26205],[0,0]],[[73478,26221],[-20,-22],[-1,-34],[-23,41],[0,18],[44,-3]],[[73290,26259],[23,-24],[-19,-61],[-18,-1],[1,76],[13,10]],[[73629,26217],[0,0]],[[73995,26142],[-20,18],[-24,55],[25,-21],[19,-52]],[[73577,26242],[0,0]],[[73302,26283],[0,0]],[[73589,26293],[0,0]],[[73565,26303],[-12,-65],[12,25],[2,-59],[16,1],[5,44],[22,-3],[-11,-75],[-33,-2],[-6,-19],[-8,66],[-20,20],[17,66],[16,1]],[[73547,26333],[-28,-64],[1,-49],[-12,9],[-9,-47],[-2,43],[-29,19],[19,47],[28,-5],[-15,27],[47,47],[0,-27]],[[81924,24684],[-13,47],[16,34],[10,-33],[-13,-48]],[[81907,24748],[0,0]],[[73644,26348],[0,0]],[[73569,26356],[0,0]],[[73588,26362],[0,0]],[[73357,26411],[-1,-28],[-30,-9],[-2,43],[33,-6]],[[73299,26421],[0,0]],[[73194,26463],[-27,-40],[-36,13],[47,27],[-6,22]],[[73610,26433],[2,-25],[-24,-4],[21,49],[1,-20]],[[73638,26450],[0,0]],[[73165,26493],[-20,-3],[-21,-49],[5,-36],[-52,-73],[-13,-70],[-29,-19],[-20,-35],[18,-54],[-22,-12],[-13,25],[-29,23],[-34,4],[-39,-43],[-20,-45],[22,-121],[28,-31],[28,2],[36,20],[27,29],[19,-27],[-31,-24],[4,-62],[27,-52],[28,-27],[33,-10],[39,12],[33,35],[-1,56],[12,52],[9,74],[-7,58],[16,4],[74,72],[32,-28],[-2,22],[25,77],[24,-28],[-15,-34],[24,-4],[-2,-26],[-30,3],[-9,-38],[-18,-23],[41,1],[2,-24],[-45,-6],[11,-35],[-18,-10],[39,-5],[9,38],[18,-20],[43,5],[-12,-37],[11,-21],[-42,8],[-17,-33],[-19,16],[24,-43],[-3,-20],[45,-56],[-26,2],[-19,32],[-12,-20],[25,-67],[-18,-3],[14,-44],[15,-7],[-16,-41],[62,-26],[5,-52],[-26,26],[-30,-72],[1,69],[-24,-8],[5,34],[-36,66],[-57,3],[-16,-40],[-12,19],[0,-36],[46,3],[-11,13],[12,27],[30,-30],[5,-24],[-37,-1],[-3,-46],[-32,27],[19,-73],[-24,16],[12,-49],[-37,-4],[-20,30],[-28,-34],[-26,48],[14,-4],[-16,71],[-11,-5],[7,-42],[-18,-20],[10,-98],[23,-4],[6,-19],[32,-4],[-42,-28],[38,-18],[35,-28],[10,19],[67,-100],[-49,31],[-19,23],[-34,1],[-8,18],[-30,13],[-6,-17],[-23,37],[-32,27],[-15,-7],[-18,30],[-7,-28],[45,-24],[1,-50],[14,12],[8,-27],[-19,-1],[18,-32],[21,5],[5,-53],[-15,3],[-29,39],[-25,-3],[14,-45],[-15,-19],[-2,30],[-34,34],[-9,25],[-48,-10],[1,-12],[64,-37],[-24,-15],[21,-17],[-27,-8],[-35,32],[21,9],[-41,19],[14,-49],[40,-27],[17,3],[30,-21],[-10,-15],[24,-50],[3,-64],[35,-7],[22,-53],[36,-1],[19,-51],[10,18],[16,-54],[-3,-35],[14,10],[21,-83],[-20,12],[0,29],[-25,7],[-5,-29],[14,-32],[50,-24],[47,39],[19,-19],[37,-2],[-2,-36],[20,45],[7,-48],[14,44],[26,-20],[27,-3],[-15,-39],[-6,24],[-15,-10],[-6,25],[-8,-55],[-23,4],[59,-66],[18,47],[8,-19],[30,29],[36,-23],[8,-73],[-22,-33],[17,-11],[24,43],[11,-12],[7,37],[24,7],[5,60],[7,-69],[20,-2],[2,-28],[20,-21],[-15,-34],[32,31],[12,-38],[-13,-51],[22,20],[6,-36],[-42,-5],[-4,-20],[28,5],[-30,-54],[15,-9],[14,37],[26,-17],[-18,-43],[-6,13],[-24,-50],[46,26],[11,38],[23,-30],[-2,36],[22,10],[31,-21],[-40,-26],[-20,-94],[-16,23],[-9,-15],[4,-41],[21,-9],[13,36],[17,-50],[27,36],[0,-38],[-20,-14],[15,-12],[-20,-17],[-6,-80],[-14,79],[-26,37],[-4,-33],[20,-86],[-14,1],[-1,55],[-23,73],[-39,22],[21,-37],[15,-3],[-16,-28],[25,7],[8,-43],[-22,-42],[-26,-2],[10,-39],[-35,-35],[38,-90],[-7,-5],[-23,43],[-12,-2],[-18,56],[-25,44],[-6,39],[-26,82],[-12,4],[-14,-40],[16,-23],[-2,-57],[-25,-4],[-41,-36],[-30,-72],[17,3],[-18,-32],[-31,-85],[-42,-74],[-17,9],[17,50],[-4,26],[15,41],[25,20],[36,88],[14,48],[-21,15],[-1,22],[33,-38],[12,46],[24,43],[-5,53],[27,39],[-16,53],[-20,-20],[-2,-54],[-11,-17],[9,114],[-27,25],[6,-132],[-31,-96],[10,63],[-19,-7],[-1,-42],[-19,9],[15,37],[5,46],[-24,-79],[-25,-1],[-6,89],[11,36],[-24,-13],[-28,89],[-42,102],[21,55],[-28,-33],[-18,28],[-10,-20],[22,-17],[-1,-29],[-59,43],[-52,16],[-74,81],[8,6],[42,-60],[5,60],[-36,4],[19,41],[23,26],[-2,67],[14,64],[-37,41],[-36,56],[14,10],[-28,28],[-13,50],[-45,8],[19,-41],[15,17],[40,-88],[2,-68],[26,16],[8,-58],[-18,33],[-19,-26],[23,-1],[17,-54],[12,7],[3,-48],[-16,-12],[-26,10],[-30,-66],[-56,20],[-60,12],[-46,0],[30,22],[8,28],[32,30],[6,48],[-9,69],[-17,-48],[-9,17],[18,62],[-51,-42],[-11,23],[20,55],[-25,-21],[-6,15],[12,58],[16,-15],[-12,48],[-40,28],[-31,-27],[-6,30],[-16,-23],[-3,68],[-15,-2],[-9,-58],[14,-41],[-31,1],[-39,16],[2,17],[29,-11],[-2,32],[-29,27],[-10,47],[-18,-6],[9,-43],[20,-34],[-30,7],[-6,31],[-58,39],[11,32],[-22,22],[-17,-5],[9,-24],[-22,9],[-4,37],[-33,-15],[3,-32],[17,-12],[-29,-7],[-20,100],[18,28],[23,6],[15,61],[6,78],[-14,48],[-8,-86],[7,-34],[-10,-49],[-20,-9],[7,61],[-11,23],[8,133],[-63,19],[2,-20],[49,-18],[-2,-37],[-15,27],[-2,-51],[13,-25],[-5,-28],[16,-32],[0,-35],[-12,-49],[-31,-2],[-15,-15],[-17,-60],[44,-4],[8,-26],[-53,-6],[9,-24],[24,1],[18,-68],[25,17],[16,-47],[19,-22],[12,12],[33,-2],[-1,-18],[26,28],[19,-51],[13,-9],[-13,-36],[-15,62],[-16,-18],[15,-37],[3,-84],[21,3],[-11,-89],[-25,22],[1,-22],[38,-74],[-9,-33],[-6,33],[-36,12],[17,11],[-28,13],[-2,27],[-28,10],[19,-43],[-8,-32],[-11,27],[-13,-12],[11,-57],[21,-6],[-13,-25],[11,-64],[20,-23],[-24,-3],[15,-46],[15,-4],[29,23],[3,-15],[-20,-48],[8,-12],[-90,-127],[-21,-23],[-16,18],[4,-38],[-43,-20],[-15,-21],[-21,4],[-33,-13],[35,33],[-13,25],[18,3],[2,48],[-43,21],[29,13],[-8,22],[-34,8],[29,17],[-19,10],[19,16],[6,90],[22,24],[-14,13],[-9,-24],[-2,56],[-28,31],[-6,-28],[9,-35],[-4,-33],[-16,34],[-5,58],[-7,-28],[-12,40],[-28,15],[-8,30],[21,3],[-6,25],[-19,5],[-24,-41],[4,-13],[-27,-63],[-11,73],[9,44],[-22,26],[-18,-3],[5,68],[-14,8],[-22,-27],[17,-31],[-2,-25],[-34,-71],[-17,12],[8,115]],[[73877,26552],[-33,-5],[46,20],[-13,-15]],[[73741,26598],[-16,-46],[-24,15],[31,8],[-87,20],[8,10],[88,-7]],[[74462,26553],[-6,-18],[-35,-9],[-52,25],[3,12],[39,-20],[51,10]],[[73936,26594],[6,33],[18,-2],[-24,-31]],[[74335,26584],[0,0]],[[74154,26627],[59,-24],[61,-17],[-15,-11],[-69,18],[-56,32],[-43,-11],[-15,12],[58,22],[20,-21]],[[74764,26636],[-80,-12],[-73,-29],[-19,0],[140,47],[34,2]],[[74288,26726],[0,0]],[[74770,26725],[0,0]],[[74450,26792],[0,0]],[[74675,26780],[0,0]],[[74687,26778],[0,0]],[[74627,26815],[0,0]],[[74498,26863],[0,0]],[[74640,26845],[0,-48],[-9,15],[0,81],[9,-48]],[[74494,26903],[0,0]],[[74591,26893],[0,0]],[[74499,26915],[0,0]],[[74553,26932],[0,0]],[[82057,26966],[-19,-1],[-5,-42],[-17,6],[21,54],[20,-17]],[[82168,26976],[-34,-48],[-12,8],[8,82]],[[82119,27029],[-1,-76],[-40,-3],[-1,29],[28,28],[-14,13],[3,37]],[[62593,30495],[-52,-18],[-143,13],[-123,160],[-131,192],[-23,73],[-1,131],[10,86],[35,80],[196,361],[244,61],[237,-143],[85,-159],[129,-303],[4,-166],[-83,-196],[-242,-123],[-142,-49]],[[82090,27061],[-28,-23],[12,-13],[-7,-49],[-20,13],[1,27],[-25,-30],[-13,-37],[-16,31],[-5,60],[-12,-47],[-18,49],[-29,4],[34,-52],[-32,-38],[-30,8],[-11,40],[-62,5],[1,-13],[56,-9],[4,-30],[38,-24],[14,-39],[-3,-89],[-38,-3],[-41,-62],[-17,-7],[7,-45],[15,12],[6,-54],[33,-44],[0,-28],[-33,-77],[-6,-68],[-22,12],[-37,-51],[-13,-44],[26,-38],[5,60],[13,4],[14,46],[15,-7],[10,-46],[-6,-106],[-27,-57],[27,-28],[0,-39],[24,-64],[15,1],[51,-52],[8,-57],[-14,-27],[12,-180],[34,-85],[2,-31],[20,-43],[-30,-102],[-48,-5],[-28,-22],[3,-59],[21,-33],[1,-66],[25,3],[0,-57],[-17,-21],[-38,10],[-39,-20],[-9,-43],[-2,-68],[12,-25],[3,-95],[-13,-29],[1,-81],[31,-30],[1,-58],[-16,0],[3,-48],[20,-35],[3,-34],[-23,0],[7,-67],[22,-25],[21,-68],[-2,-52],[24,-22],[-3,-38],[11,-20],[34,-2],[5,-23],[26,-16],[-3,36],[-21,15],[45,44],[-1,55],[-16,44],[12,65],[-20,15],[-41,114],[-13,21],[-16,-15],[-15,36],[-27,24],[6,59],[-33,26],[12,56],[-12,5],[5,40],[-7,35],[3,50],[-19,61],[13,34],[4,49],[28,19],[13,-19],[25,-2],[23,29],[3,75],[-21,8],[8,33],[-16,25],[-10,56],[10,16],[55,7],[31,34],[0,79],[25,30],[-14,48],[-18,24],[-11,91],[10,33],[-21,18],[-27,83],[7,36],[21,37],[-2,43],[24,-2],[-11,65],[-13,-31],[-38,29],[-8,46],[-52,42],[-6,39],[10,60],[18,28],[-2,56],[42,39],[-17,12],[-31,-20],[-23,24],[2,35],[25,23],[10,46],[-7,17],[17,27],[3,50],[-24,39],[-24,59],[9,31],[-1,54],[29,-15],[45,13],[-26,13],[3,47],[-12,86],[13,5],[55,-39],[18,-23],[20,4],[4,37],[-8,40],[29,-25],[30,13],[0,-57],[15,17],[18,-34],[1,-81],[14,-16],[12,-61],[-4,70],[-12,20],[2,55],[-14,61],[21,28],[29,10]],[[82192,26949],[-4,-12],[6,-174],[16,-137],[21,-142],[25,-196],[19,-169],[31,-199],[-30,117],[-3,46],[-37,114],[4,44],[-9,19],[2,52],[-20,69],[-8,-8],[14,-67],[-2,-94],[14,-86],[15,-9],[14,-50],[-9,-17],[33,-83],[5,-37],[-2,-97],[-10,3],[13,-80],[-11,-25],[35,-57],[16,-76],[12,9],[-18,101],[-22,31],[1,50],[-11,8],[8,53],[-4,38],[18,4],[20,-78],[-9,-50],[21,-144],[73,-348]],[[82140,23296],[51,-25],[40,-181],[31,-87],[2,-41]],[[83257,15872],[7,-24]],[[83266,15841],[11,-64],[23,-6],[-6,-39],[-25,18],[-17,67],[-18,13],[12,22],[-26,-6],[-2,-18],[-31,-8],[37,-12],[6,-33],[19,-10],[-3,-49],[-31,63],[-17,13],[-20,-25],[-11,38],[13,3],[0,41],[-23,0],[-15,-19],[-45,24],[-9,-49],[36,13],[16,-25],[-4,-34],[-16,29],[-10,-37],[-19,33],[-15,-37],[-26,-23],[11,54],[-30,-31],[-19,2],[-14,-33],[26,7],[-18,-77],[-21,-4],[20,48],[-25,17],[-20,-20],[-6,-48],[-27,52],[-17,-4],[21,-44],[-21,-4],[-26,46],[-23,0],[-12,-26],[5,66],[-22,7],[5,-29],[-15,-24],[-16,31],[-38,4],[-29,-31],[-1,-44],[-35,-15],[-54,-7],[-20,-20],[-35,16],[-62,-32],[-40,79],[-20,9],[0,48],[10,-32],[30,-41],[25,0],[-68,89],[-28,77],[0,54],[13,103],[15,64],[25,8],[32,-55],[13,-40],[-5,-26],[18,-2],[4,-53],[26,-35],[27,-6],[17,-30],[46,-21],[6,18],[37,11],[14,41],[3,43],[-8,30],[-11,-14],[-8,48],[-14,-10],[-14,53],[-13,2],[5,44],[-17,5],[1,26],[-22,9],[-27,-35],[-27,19],[-11,31],[-35,24],[-9,35],[-54,5],[-2,48],[10,8],[-33,101],[1,37],[15,9],[-14,19],[-22,-18],[-26,63],[5,47],[27,59],[30,4],[3,27],[14,-6],[-2,53],[31,-24],[6,32],[-27,12],[23,27],[-35,-9],[-13,-68],[-21,-34],[-44,-8],[-6,-15],[-16,37],[15,10],[-13,25],[-16,102],[-19,40],[-12,-11],[6,50],[-20,16],[7,20],[45,56],[25,8],[14,-68],[15,-11],[9,34],[-13,50],[-10,-2],[-31,66],[-29,18],[-1,36],[-14,-8],[11,-39],[-30,28],[-4,-32],[17,-9],[-20,-39],[6,-25],[-16,-50],[-21,55],[-22,5],[7,80],[-11,27],[-28,1],[9,17],[44,11],[-14,10],[-16,70],[-17,1],[-25,41],[-7,32],[-15,2]],[[81507,18629],[-23,-17]],[[81484,18612],[-3,18]],[[81481,18630],[-5,33]],[[81476,18663],[-11,70]],[[81465,18733],[8,31],[-10,84],[-24,51]],[[81439,18899],[-2,11]],[[81437,18910],[6,18],[-11,41],[10,17],[-8,39],[12,54],[8,78],[12,40],[3,53],[-6,32],[4,83],[-38,29],[-12,61],[8,21],[62,52],[36,10],[15,30],[-9,31],[29,47],[-13,11],[5,73],[-17,-15],[7,-47],[-15,-67],[-21,-36],[-36,2],[-10,-28],[-44,1],[-21,12],[3,-29],[-37,-30],[-24,10],[3,30],[-16,25],[12,15],[-17,25],[-4,-31]],[[81313,19567],[-28,101],[-71,106],[-31,121],[-7,73],[-46,156],[-42,132],[-3,98],[35,81],[91,115],[150,28],[145,-35],[121,-68],[83,-111],[57,-129],[109,-222],[152,-183],[98,-22],[88,35],[47,55],[5,129],[-34,157],[-43,77],[-56,127],[-37,117],[-19,106],[-32,119],[-44,194],[-70,231],[-35,63],[-72,232],[-60,45],[-62,81],[-80,37],[-98,39],[-99,23],[-106,60],[-87,0],[-49,60],[-23,41],[-104,6],[-83,98],[-108,119],[-55,70],[-41,78],[-70,93]],[[80699,22300],[14,44],[-4,46],[26,60],[-15,-15],[1,55],[23,23],[-7,16],[15,74],[-5,38],[24,27],[-8,33],[25,22],[6,37],[-15,19],[13,36],[0,82],[13,-2],[-8,35],[17,5],[-3,105],[12,28],[-15,5],[-6,34],[15,36],[-11,51],[17,10]],[[80598,25699],[205,-64],[110,71],[143,149],[118,-154],[137,-135],[197,-112],[29,-66],[169,-134],[-18,-109],[-136,-115],[-76,-369],[43,-180],[122,-87],[117,161],[53,315],[27,613],[-111,253],[-252,42],[-83,11],[-230,114],[-352,264],[-158,1],[-78,-67],[-11,-259],[35,-143]],[[82569,19685],[-115,-171],[4,-388],[118,-136],[187,-58],[145,6],[41,50],[47,104],[32,104],[55,134],[29,144],[5,102],[-40,237],[-15,107],[-80,120],[-67,116],[-44,18],[-164,-293],[-138,-196]],[[82695,17051],[-87,-293],[-84,-150],[-31,-206],[26,-102],[60,-106],[117,-33],[74,4],[357,44],[109,258],[18,281],[56,216],[29,297],[-84,312],[-150,78],[-195,-15],[-182,-242],[-33,-343]],[[82845,31267],[0,0]],[[83096,31395],[-30,-22]],[[82989,31314],[14,31],[-21,48],[9,-54],[-19,-10],[2,-26]],[[82880,31232],[-35,119]],[[82845,31351],[21,0],[122,153]],[[82988,31504],[-10,-28],[28,9],[55,0],[13,-30],[36,3],[16,-35],[-11,-13]],[[83135,31408],[-2,58],[24,3],[42,-34],[-2,-33]],[[83290,31628],[0,0]],[[68499,33476],[-42,-17],[-134,9],[-103,68],[-54,130],[35,183],[110,73],[66,-37],[73,-48],[47,-223],[2,-138]],[[83534,31575],[0,0]],[[83002,31522],[69,86],[162,136],[24,0]],[[83257,31744],[22,-36],[11,29],[3,-94],[-27,-35],[12,-45],[35,-25],[19,-49],[-31,-56],[-24,-11],[-10,25],[17,51],[-11,34],[-10,-53],[-20,11],[-50,-9],[-20,45],[-30,30],[-10,64],[-11,2],[14,-73],[18,-35],[-29,-10],[-29,93],[-18,-30],[29,-53],[-21,-18],[-19,17],[-65,9]],[[83263,31744],[22,-1]],[[83285,31743],[-12,-23],[-10,24]],[[83299,31743],[93,-1]],[[83392,31742],[12,0]],[[83404,31742],[7,6]],[[83411,31748],[54,-45],[17,-48],[33,-36],[-37,-54],[-50,-43],[-35,-51],[-35,-36],[-8,57],[-38,78],[-28,26],[24,37],[-7,29],[5,77],[-7,4]],[[83831,32067],[0,0]],[[78329,33368],[0,0]],[[83819,32133],[0,0]],[[84211,32483],[0,0]],[[84231,32529],[0,0]],[[84261,32599],[0,0]],[[84276,32590],[0,0]],[[84457,32683],[-17,-96],[-19,-15],[20,53],[-2,57],[17,28],[1,-27]],[[84556,32882],[0,0]],[[84536,32924],[-23,-8],[15,30],[8,-22]],[[84557,33124],[0,0]],[[84589,33122],[0,0]],[[83412,31764],[27,293],[-73,347],[-33,341],[9,155],[93,33],[203,-93],[211,-249],[108,-68],[53,28],[68,163],[164,280],[131,-5],[87,148],[55,29]],[[84515,33166],[22,-48],[39,-20],[28,-30],[-3,-66],[12,-30],[-10,-35],[27,33],[-11,-38],[-37,-49],[-13,-54],[-3,95],[-33,45],[-27,-25],[-18,-1],[24,-33],[23,-1],[22,-51],[-2,-26],[-25,-15],[8,41],[-26,29],[-42,10],[-25,-7],[15,-15],[42,-15],[19,-23],[-13,-49],[-30,-27],[-17,2],[-50,-57],[5,-23],[-27,-9],[37,-34],[-5,-23],[-29,9],[-14,19],[-26,-18],[11,-24],[14,26],[36,-18],[3,-28],[-30,14],[-61,-22],[-42,-29],[22,33],[-33,46],[-3,21],[-45,-29],[-36,-42],[-2,-31],[-22,-34],[-11,-53],[9,-51],[43,7],[-6,-52],[-60,-37],[-73,-82],[-31,-98],[-56,-31],[-73,-74],[-26,7],[14,17],[-32,49],[-29,-5],[2,43],[21,63],[-2,53],[34,17],[17,34],[12,76],[51,11],[1,12],[-67,-31],[0,-35],[-22,-47],[-15,-6],[-26,-42],[-1,-41],[-22,-24],[-8,49],[-17,16],[-18,63],[7,28],[32,31],[-13,40],[-3,-42],[-25,-16],[-7,-44],[5,-44],[30,-51],[2,-84],[11,-58],[-19,-5],[-18,39],[-4,65],[-13,35],[-19,11],[-37,-11],[12,-23],[32,6],[17,-26],[-7,-39],[28,-82],[24,-17],[36,1],[6,-53],[25,14],[-15,-72],[-13,-16],[9,-24],[-40,-47],[-56,-48],[14,37],[-34,-36],[-26,7],[19,58],[-4,44],[-6,-44],[-22,-54],[-25,-7],[51,-30],[4,-45],[-51,4],[-65,-28],[-42,-31],[-39,-49],[-30,59],[-18,9],[-9,43],[-33,18],[10,66],[15,22],[0,37],[26,-6],[-1,36],[34,30],[3,23],[-32,-3],[-14,-48],[-28,-10],[-3,-61],[-16,-9],[-26,-54]],[[84598,33152],[0,0]],[[84586,33160],[0,0]],[[84605,33214],[42,22]],[[84647,33236],[-19,-158],[11,-70],[-8,-2],[-20,98],[-6,110]],[[69948,35160],[-91,-38],[-138,21],[-93,-1],[-70,8],[-89,142],[-16,141],[-8,156],[39,194],[40,158],[70,61],[184,11],[103,-12],[46,-54],[18,-140],[13,-209],[23,-196],[-2,-148],[-29,-94]],[[72184,36588],[-23,-73],[-112,-18],[-266,64],[-158,-9],[-120,50],[-25,122],[-25,87],[0,215],[70,44],[57,-16],[117,-42],[114,-71],[100,-52],[72,-33],[104,-16],[125,-155],[-30,-97]],[[85962,34516],[0,0]],[[85950,34521],[0,0]],[[85985,34474],[-10,-93],[-43,28],[-12,22],[29,67],[18,4],[11,-29],[2,41],[12,15],[-7,-55]],[[85977,34536],[0,0]],[[86001,34608],[0,0]],[[85973,34645],[0,0]],[[86042,34825],[12,-17],[-16,-57],[-6,-72],[-39,-135],[-6,13],[23,70],[-15,9],[22,31],[0,115],[-4,33],[28,31],[1,-21]],[[86063,34855],[0,0]],[[86081,34912],[-9,0]],[[86054,34910],[-8,-44],[-31,-22],[-6,15],[1,77]],[[86489,35718],[0,0]],[[86444,35676],[21,28],[31,13],[20,40],[19,2],[73,58],[28,39],[20,5],[-35,-48],[-41,-27],[-110,-104],[-26,-37]],[[86641,35869],[0,0]],[[86647,35885],[0,0]],[[86665,35880],[0,0]],[[86648,35905],[0,0]],[[86667,35856],[-5,8],[44,46],[53,77],[6,-12],[-59,-83],[-39,-36]],[[86773,35999],[0,0]],[[86820,36035],[-31,-26],[4,30],[27,-4]],[[86850,36063],[6,22],[34,25],[-5,-19],[-35,-28]],[[86841,36086],[-8,13],[20,24],[-12,-37]],[[86906,36131],[0,0]],[[86893,36150],[0,0]],[[87380,36224],[3,-13],[-86,6],[-102,-15],[-89,-18],[-79,-24],[-112,-56],[18,37],[53,21],[67,17],[90,33],[54,5],[34,24],[60,-13],[32,18],[57,-22]],[[87382,36248],[-8,6]],[[70533,38881],[16,-79],[35,-331],[97,-237],[9,-180],[-48,-251],[-52,-156],[-110,-63],[-135,-44],[-63,-41],[-66,-50],[-95,-20],[-111,9],[-46,36],[-89,0],[-109,24],[-159,130],[-320,271],[-164,191],[-93,149],[-178,239],[-48,290],[86,140],[152,58],[108,24],[261,265],[197,141],[292,366],[238,1],[236,-90],[7,-197],[75,-269],[60,-238],[17,-88]],[[81096,37550],[49,-23],[8,-18]],[[80732,37256],[60,-15],[48,17],[27,109],[-2,135],[-28,82],[-65,59],[-116,0],[-116,-17],[-75,-30],[19,-117],[116,-67],[61,-126],[71,-30]],[[78329,33368],[-106,73],[-71,9],[-57,-31],[-44,-105],[-26,-144],[-8,-125],[7,-109],[21,-156],[46,-71],[52,17],[78,-3],[88,2],[256,33],[202,-21],[168,-15],[198,-224],[44,-156],[126,-192],[121,-43],[38,130],[-80,200],[10,348],[169,130],[141,1],[110,-77],[111,-37],[76,-34],[116,-87],[70,-32],[106,-58],[86,-74],[44,-15],[55,-2],[38,9],[22,94],[3,62],[-10,66],[-27,40],[-77,82],[-78,42],[-71,20],[-51,37],[-126,109],[-43,87],[-47,68],[-52,40],[-36,180],[10,265],[27,260],[70,139],[42,40],[107,150],[90,113],[126,46],[204,-61],[115,7],[55,91],[-14,163],[-30,263],[-20,143],[-26,107],[12,107],[99,140],[-39,203],[-39,157],[-136,112],[-130,-55],[-107,-163],[-76,-209],[-44,-292],[-33,-134],[-30,-192],[-46,-229],[-108,-230],[-32,-87],[-103,-139],[-20,-37],[-103,-217],[-45,-349],[-30,-159],[-192,-199],[-228,-26],[-347,61],[-143,-18],[-325,118],[-103,43]],[[61464,40100],[-16,-52],[-111,-7],[-83,124],[-12,178],[2,191],[-66,275],[-103,135],[60,55],[143,-93],[156,-252],[66,-212],[-1,-196],[-14,-77],[-21,-69]],[[63716,42009],[-189,11],[-193,274],[-41,317],[185,409],[283,136],[26,8],[193,-32],[35,-131],[-196,-515],[-36,-281],[-67,-196]],[[88157,40268],[19,-7]],[[88182,40466],[0,0]],[[88216,40436],[-21,-31],[-9,36],[18,56],[12,-61]],[[88186,40538],[10,-15],[-23,-13],[13,28]],[[87698,40956],[11,7],[8,51],[31,-3],[7,-66],[-10,-25],[13,-35],[-24,-14],[-2,-22]],[[88254,40276],[5,23],[-21,41],[-14,116],[-27,110],[-28,-2],[-12,-146],[-12,-19],[8,-110],[-6,-12]],[[87738,40846],[27,23],[18,-24],[53,-18],[25,10],[-40,9],[-48,74],[14,51],[22,-10],[22,-32],[5,34],[-18,-7],[2,24],[-21,16],[-33,-2],[1,114],[10,-16],[50,-21],[7,22],[-35,11],[26,8],[51,-56],[56,-27],[-6,-42],[-30,-10],[12,-12],[25,11],[27,-53],[18,2],[-32,98],[28,-5],[50,-46],[-24,-48],[13,-15],[-15,-39],[22,10],[15,70],[13,-22],[-1,-57],[30,-1],[-15,30],[11,16],[-14,48],[-27,18],[56,48],[34,-4],[19,-26],[29,-232],[16,-101],[29,-131],[17,-60],[39,-197]],[[87687,41527],[26,6],[-1,-45],[36,34],[-18,11],[16,16],[15,-13],[2,-41],[23,-39],[2,25],[30,-40],[-7,-18],[-44,-6],[-29,20],[-21,-5],[-2,-29],[31,-2],[14,-29],[-22,-40],[1,-54],[24,49],[0,30],[21,30],[12,-9],[31,23],[8,-41],[-38,-178],[-15,0],[22,45],[-24,-18],[-23,5],[-11,-25],[-32,-17],[-25,-39]],[[88171,41384],[-19,9],[6,20],[13,-29]],[[87689,41612],[1,9]],[[87690,41638],[13,-28],[-2,-40],[-12,16]],[[87691,41680],[-1,-21]],[[88222,41419],[10,50],[18,1],[20,29],[8,-10],[-41,-66],[-15,-4]],[[87693,41763],[0,-12]],[[88309,41539],[-21,-32],[32,80],[-11,-48]],[[88335,41591],[0,0]],[[88314,41602],[-20,-40],[-18,4],[15,48],[35,12],[-12,-24]],[[87694,41826],[19,4],[1,-38],[-21,-15]],[[87695,41858],[0,-14]],[[88361,41684],[-7,-29],[-40,-17],[-1,38],[48,8]],[[88240,41775],[0,0]],[[88315,41765],[-17,17],[1,29],[19,-14],[-3,-32]],[[88254,41675],[7,-30],[11,25],[2,-59],[-17,-75],[-12,53],[-10,-66],[-7,40],[14,71],[-9,39],[-13,1],[31,115],[37,28],[5,-69],[-29,-21],[-10,-52]],[[88356,41716],[-14,39],[17,59],[6,-67],[-9,-31]],[[88234,41827],[0,0]],[[88305,41886],[0,0]],[[88379,41898],[0,0]],[[88398,41905],[0,0]],[[88286,41928],[11,-46],[-17,-53],[-37,12],[21,56],[9,58],[18,35],[10,-31],[-15,-31]],[[88437,41962],[12,-6],[-34,-54],[-25,-58],[17,66],[30,52]],[[88350,41884],[-11,15],[15,19],[6,78],[1,-73],[-11,-39]],[[88376,42023],[-27,-11],[-2,21],[29,-10]],[[88322,42047],[18,-5],[-21,-24],[-19,23],[22,30],[0,-24]],[[88430,42008],[0,0]],[[87703,42092],[0,1]],[[87711,42312],[24,-10],[11,-36],[15,4],[17,-31],[-15,-19],[27,-3],[12,14],[24,-24],[-7,-29],[-36,2],[11,-19],[25,7],[11,-27],[-1,43],[24,-44],[-1,45],[13,-40],[-7,-36],[8,-67],[-8,-55],[-11,3],[1,-41],[-13,26],[-19,-12],[23,-24],[-8,-39],[2,-59],[-13,39],[-23,8],[-35,83],[12,63],[-20,47],[-9,-35],[11,-49],[-17,-14],[-6,27],[-23,1],[-9,23]],[[87844,42235],[7,-34],[-21,31],[-34,11],[10,57],[19,-13],[19,-52]],[[88427,42104],[0,0]],[[87774,42344],[-8,-4]],[[87797,42356],[-13,-7]],[[88443,41998],[-5,8],[27,108],[5,39],[29,20],[-2,-48],[-26,-49],[-28,-78]],[[88468,42168],[0,0]],[[88440,42187],[0,0]],[[88482,42215],[-30,1],[22,15],[8,-16]],[[88505,42251],[-14,-14],[-16,21],[13,44],[21,-3],[-4,-48]],[[48760,41648],[-91,-196],[-70,-45],[-50,-91],[-34,-116],[-3,-199],[-39,-299],[-101,-151],[-87,50],[-54,293],[-11,214],[-55,184],[-15,17],[-113,38],[-192,206],[-30,207],[-31,286],[4,454],[27,495],[105,299],[72,219],[90,178],[111,-34],[66,-4],[207,-119],[171,-175],[110,-174],[49,-282],[-2,-464],[-10,-192],[8,-28],[-6,-290],[-26,-281]],[[48256,41435],[0,0]],[[88211,42439],[29,-21],[3,24]],[[88461,42431],[29,-22],[31,3],[-38,-25],[9,-41],[-18,2],[-23,42],[-21,-13],[-29,-86],[0,-13],[56,-37],[-18,-17],[-56,25],[-41,-48],[-14,-54],[11,-1],[-9,-50],[32,-30],[-7,-21],[-30,10],[-12,22],[-37,-84],[-20,-35],[-10,11],[-13,-60],[1,-31],[-14,-45],[6,-27],[-17,-83],[14,-89],[-14,5],[-8,-60],[-1,-62],[8,-32],[-25,-44],[-18,9],[-5,73],[-12,43],[-30,63],[3,51],[34,25],[-24,27],[0,-31],[-15,9],[-14,41],[13,44],[19,-1],[-17,24],[43,57],[-24,42],[-27,-77],[2,60],[33,71],[-2,43],[28,15],[-7,22],[11,31],[26,-1],[-14,19],[14,40],[-44,-48],[-8,-28],[-1,56],[29,66],[48,-19],[4,14],[-28,33],[53,10],[-30,14],[19,18],[5,60],[-26,-53],[-34,-46],[-17,-6],[6,69],[25,79],[43,15],[7,-11],[43,4],[-70,31],[-28,-2],[14,43]],[[88543,42421],[3,-18],[-47,10],[-2,14]],[[88573,42417],[-1,-18],[-55,-168],[-16,-22],[6,98],[-28,5],[-18,-32],[-14,5],[3,92],[18,-38],[46,-4],[4,34],[36,51]],[[53447,42953],[89,-184],[167,-142],[216,-85],[112,-59],[149,-196],[137,-194],[63,-173],[71,-244],[47,-297],[72,-163],[50,-173],[7,-116],[-100,-53],[-238,62],[-171,56],[-142,34],[-226,58],[-185,75],[-242,-13],[-150,-22],[-298,39],[-130,97],[-60,97],[-46,117],[-48,189],[14,183],[48,181],[23,194],[-24,252],[-113,220],[-130,369],[-123,317],[-46,280],[-14,240],[-25,380],[7,258],[67,80],[76,20],[221,156],[136,154],[190,37],[190,-3],[149,-24],[56,-261],[19,-253],[27,-190],[35,-328],[13,-318],[-6,-367],[36,-225],[30,-62]],[[70482,46779],[54,35],[247,-87]],[[85297,42010],[-21,-154]],[[87291,39790],[-12,18],[-47,4],[-11,16],[-70,40],[-30,8],[101,-70],[38,-15],[16,7],[16,-20]],[[87005,38000],[-54,55],[2,-15],[46,-69]],[[86995,37953],[-23,25],[-19,-3],[37,-37]],[[87360,36264],[-80,17],[-80,9],[-57,-7],[-110,-66],[-21,4],[-94,-52],[-9,17],[22,12],[-4,64],[-20,32],[-15,65],[-22,9],[10,-23],[2,-54],[26,-39],[-5,-50],[-21,-11],[-13,-29],[-32,62],[-15,5],[28,-48],[7,-40],[-79,-88],[1,-17],[-56,-88],[-34,-39],[-29,5],[-4,43],[-14,-10],[-57,50],[32,15],[39,74],[2,15],[-27,68],[-14,64],[-25,26],[34,32],[-40,3],[-17,-25],[-11,13],[2,-51],[-10,-42],[25,36],[5,-38],[41,-81],[-2,-33],[-29,-37],[-29,21],[-21,-11],[11,-60],[20,-33],[47,-20],[14,-44],[-29,2],[-4,-20],[22,3],[-3,-34],[-53,-18],[1,-13],[-31,-25],[-19,8],[-6,-23],[-65,-61]],[[85980,34986],[13,-132],[-4,-61],[-11,-33],[-1,-87],[-17,-22],[-29,-89],[-36,-39],[18,-26],[-6,-15],[-83,40],[-56,12]],[[85768,34534],[-14,63],[0,201],[-10,31],[-67,103],[-71,69],[-31,103],[16,83],[4,170],[109,196],[106,304],[87,419],[198,356],[193,236],[234,171],[71,98],[77,130],[81,312],[8,293],[14,267],[-57,110],[-126,91],[-96,38],[-84,78],[-192,101],[-140,30],[-155,-46],[-59,-186],[-21,-177],[-1,-102],[-85,-241],[-143,-93],[-120,35],[-103,119],[-2,11],[6,296],[5,45],[69,146],[135,144],[126,200],[100,141],[62,100],[120,142],[-11,34],[50,6],[148,-60],[127,41],[38,114],[-47,281],[-63,182],[38,62],[112,18],[132,82],[200,-36],[156,-150],[32,-186],[64,-114],[67,35],[15,260],[-6,227],[-23,179],[-50,146],[-24,161],[33,144],[131,240],[33,114],[-14,126],[-89,41],[-98,-138],[-205,-176],[-227,-170],[-265,11],[-132,115],[-4,19],[-116,102],[-115,27],[-117,2],[-70,-22],[-115,-111],[-147,-110],[-91,-59],[-85,-9],[-29,78],[-4,104],[119,63],[45,132],[-44,157],[-95,67],[-87,161],[-31,114],[24,91],[-8,180],[-131,255],[-79,150],[7,86],[1,121],[-43,98],[-129,123],[-133,56],[-321,-19],[-219,-42],[-220,-220],[-23,-171],[45,-156],[33,-84],[39,-52],[155,-135],[72,-178],[8,-290],[-40,-120],[-100,-272],[-92,-275],[-148,-181],[-177,-69],[-62,-21],[-47,16],[-45,-2],[-40,-33],[-32,-105],[-43,-155],[-18,-116],[2,-164],[-31,-189],[-86,-75],[-259,146],[-90,-72],[-94,-63],[50,-102],[71,-106],[100,-99],[139,-40],[139,35],[144,98],[114,-16],[118,-155],[93,-26],[157,29],[115,90],[117,58],[9,12],[147,54],[59,-2],[174,7],[133,-9],[150,15],[22,12],[97,161],[97,117],[130,150],[85,61],[63,15],[137,-102],[50,-22],[52,-142],[-57,-119],[-227,-157],[-130,-136],[-66,-44],[-180,-136],[-89,-95],[-115,-89],[-66,-127],[-71,-332],[-11,-127],[23,-105],[61,-103],[139,-127],[117,-133],[115,-163],[98,-115],[91,-148],[273,-80],[138,-5],[100,-36],[102,-31],[85,-31],[-10,-251],[-153,-474],[-206,-219],[-165,-30],[-202,157],[-96,-50],[-68,-69],[-122,-69],[-199,100],[-171,-65],[-182,0],[-96,-37],[-41,-133],[-82,-69],[-72,-112],[-85,-189],[-85,-147],[-89,-126],[-109,-120],[-91,-165],[-128,-257],[-156,-215],[-102,-244],[-105,-180],[-83,-111],[-91,-111],[-102,-142],[-105,-113],[-52,-82],[-2,-132],[8,-96],[-2,-170],[3,-202],[-20,-194],[-83,-128],[-25,-65],[42,-170],[24,-194],[-26,-170],[-78,-161],[47,-320],[84,-271],[183,4]],[[82823,31350],[8,-56],[-14,-11],[40,-75]],[[82832,31183],[-10,-10]],[[82763,31112],[-5,-5]],[[88343,44298],[-22,2],[1,-20]],[[88110,44553],[8,11]],[[88128,44577],[7,9]],[[88137,44590],[29,9],[1,41]],[[88169,44644],[6,15]],[[88187,44689],[6,15]],[[86310,47451],[19,5],[84,-24],[111,-13],[31,-15],[61,-68]],[[55031,48743],[-105,-122],[-143,4],[-151,58],[-126,100],[-57,202],[-18,186],[4,236],[44,116],[92,59],[139,-7],[96,-27],[82,-55],[66,-104],[81,-141],[39,-173],[7,-139],[-50,-193]],[[94609,50428],[11,4],[23,-39],[17,26],[49,30],[-5,18],[34,31],[-21,40],[-29,-62],[28,108],[66,-202],[-9,-45],[-36,-27],[-104,7]],[[94149,50993],[0,0]],[[94151,51013],[0,0]],[[94027,51093],[0,0]],[[94232,51048],[0,0]],[[94232,51048],[0,0]],[[94281,51101],[0,0]],[[94057,51213],[0,0]],[[94290,51137],[0,0]],[[93896,51321],[14,-57],[-14,-12],[7,-51],[-26,-3]],[[93900,51347],[-2,-15]],[[94054,51333],[0,0]],[[94028,51377],[0,0]],[[94334,51358],[0,-1]],[[94330,51148],[1,-11]],[[94331,51122],[-29,-18],[0,57],[-11,11],[-30,-41],[-20,-70],[-15,31],[8,-54],[-38,-54],[-32,-7],[11,27],[-18,38],[-23,-62],[-24,-6],[-18,27],[-1,-32],[-27,-3],[-37,-29],[-12,-32],[-23,28],[24,21],[3,59],[11,14],[-7,80],[11,32],[-11,47],[37,26],[-14,12],[15,23],[-22,41],[20,18],[1,83],[37,21],[25,46],[71,8],[21,-25],[59,-37],[62,-21]],[[94072,51824],[20,12],[52,-46],[-8,-39],[15,-38],[7,-73],[-19,-61],[4,-44],[48,-66],[-64,-5],[-45,-61],[-34,-17],[4,27],[22,27],[-24,2],[-12,-63],[-22,12],[7,-49],[-18,-3],[-15,33],[-30,-4],[-4,25],[-29,-26],[25,-53],[-19,2],[15,-28],[0,-34],[-47,94]],[[75659,57985],[35,11]],[[75694,57996],[-21,-29],[-14,18]],[[75459,58101],[186,-108]],[[75645,57993],[25,-31],[-3,-49],[-19,-55],[-7,-55],[-34,-94],[-21,-78],[-50,-79],[-11,-51]],[[75022,57468],[27,87],[25,35],[17,-3],[36,40],[44,7],[53,111],[0,67],[66,142],[56,106],[36,32],[30,-9],[-17,-46],[24,11],[10,49],[19,-13],[11,17]],[[75816,58351],[-151,98]],[[75832,58399],[-16,-48]],[[53932,56667],[-47,-24],[-45,4],[-108,91],[-159,122],[-161,185],[-113,186],[-156,218],[-106,153],[-117,128],[-17,60],[-17,286],[44,115],[106,97],[127,49],[65,55],[145,63],[289,50],[346,3],[194,12],[108,-55],[97,-234],[-30,-266],[-77,-300],[-119,-251],[-5,-18],[-44,-60],[-85,-171],[-43,-227],[-26,-191],[-46,-80]],[[75576,59162],[1,12]],[[75578,59162],[-2,0]],[[76152,61594],[0,0]],[[76340,61588],[0,0]],[[76322,61650],[-22,25],[15,7],[7,-32]],[[75603,61770],[0,0]],[[79105,61184],[-9,12],[17,44],[-18,10],[28,15],[31,-6]],[[79097,61267],[0,0]],[[79100,61289],[0,0]],[[76447,61565],[-19,-26],[-19,20],[10,28],[-22,-9],[-11,-39],[-23,8],[2,96],[-14,13],[-13,84],[16,20]],[[76414,61635],[-3,-25],[21,-13]],[[75618,61854],[0,0]],[[79120,61330],[0,0]],[[75588,61853],[0,0]],[[75569,61863],[0,0]],[[79064,61456],[0,0]],[[78757,61509],[0,0]],[[78269,61612],[0,0]],[[78584,61626],[0,0]],[[78279,61704],[0,0]],[[78201,61718],[0,0]],[[79162,61270],[-28,16],[3,62],[-12,2],[-47,56],[-23,138],[-30,14],[-14,34],[6,25],[48,40],[26,56],[40,-19],[41,11],[21,-29],[-17,-15],[-17,-90],[-24,-15],[-20,-69],[3,-36],[34,-49],[35,-94]],[[75410,62097],[17,-34],[19,-10],[-1,-38],[20,-56],[43,-22],[5,-56],[32,-43],[24,4],[9,-17],[27,8],[-16,-41],[15,-65],[-14,-21],[42,-61],[62,-27],[71,-3],[60,17],[15,22],[30,-25],[33,7],[24,29],[68,34],[4,18],[47,-17],[53,-135],[28,5],[38,-62],[54,3],[15,54],[20,31],[61,-7],[3,-27],[26,-43],[45,8],[14,-33],[-9,-27],[24,-14],[38,92]],[[75562,59359],[-204,394],[-214,280],[-171,359],[-121,217],[-36,18],[-52,128],[-234,95],[-277,-29],[-550,106],[-306,195],[-85,136],[8,143],[35,141],[97,202],[17,16],[-176,209],[-141,102],[-16,34],[-100,102],[-87,120]],[[72949,62327],[53,22],[82,12],[58,-29],[74,40],[42,10],[30,-11],[46,3],[37,14],[70,42],[137,112],[30,55]],[[73604,62579],[0,0]],[[73592,62560],[0,0]],[[73590,62559],[0,0]],[[73575,62538],[0,0]],[[73548,62512],[0,0]],[[73546,62511],[0,0]],[[73540,62508],[0,0]],[[73526,62498],[0,0]],[[73503,62480],[0,0]],[[73475,62458],[0,0]],[[73436,62426],[0,0]],[[73368,62386],[0,0]],[[73358,62380],[0,0]],[[73356,62379],[0,0]],[[73344,62375],[0,0]],[[73333,62372],[0,0]],[[73326,62372],[0,0]],[[73316,62370],[0,0]],[[73311,62369],[0,0]],[[73308,62369],[0,0]],[[73278,62371],[0,0]],[[73294,62370],[0,0]],[[73302,62369],[0,0]],[[73301,62368],[0,0]],[[73285,62370],[0,0]],[[73297,62369],[0,0]],[[73246,62372],[0,0]],[[73164,62344],[0,0]],[[73155,62335],[0,0]],[[73000,62346],[0,0]],[[73002,62346],[0,0]],[[73009,62348],[0,0]],[[73022,62352],[0,0]],[[73033,62355],[0,0]],[[73043,62355],[0,0]],[[73060,62354],[0,0]],[[73085,62358],[0,0]],[[72991,62343],[0,0]],[[72984,62339],[0,0]],[[72967,62333],[0,0]],[[72964,62331],[0,0]],[[72961,62330],[0,0]],[[72957,62330],[0,0]],[[72954,62329],[0,0]],[[72952,62328],[0,0]],[[75616,61661],[0,0]],[[75599,61682],[0,0]],[[75507,61935],[0,0]],[[75444,62022],[0,0]],[[72068,62865],[-7,4]],[[72061,62869],[7,-4]],[[72266,62759],[-56,30]],[[72210,62789],[6,57],[15,24],[46,10],[2,-42],[-13,-79]],[[78639,60649],[-35,29],[-23,-11],[-18,-41],[2,-25]],[[78299,60445],[-10,26],[-72,114],[-95,37],[-44,41],[-38,5],[-21,27],[-13,-10],[-108,42],[-15,24],[-36,17],[-19,-8],[-18,-31],[-21,44],[-26,14],[-31,-34],[-38,21],[-32,-1],[-22,-20],[-47,-78],[-31,-40],[-31,-81],[-23,-28],[-4,-31],[-38,-15],[-84,18],[-50,23],[-26,-28],[-67,-1],[-29,-36],[-5,-33],[12,-32],[-46,40],[-46,28]],[[77453,62028],[32,7],[104,-13],[88,3],[141,80],[71,55],[61,34],[76,20],[34,1],[65,-13],[61,5],[42,23],[49,-1],[-48,-67],[-30,-66],[-10,-184],[-6,-50],[13,-104],[-35,-72],[6,-32],[32,-51],[64,-9],[34,25],[2,-22],[21,-23],[51,4],[24,-42],[20,-14],[31,6],[89,53],[44,37],[58,-12],[37,-91],[-12,-25],[10,-30],[18,-5],[79,49],[9,23],[15,-27],[19,6],[14,35],[-1,38],[51,42],[28,5],[8,20],[36,5],[48,-40],[-1,-21],[26,-42],[19,-57],[12,-83],[30,-82],[4,-135],[12,-18]],[[96914,57085],[3,-11]],[[96917,57074],[-3,11]],[[97089,57196],[3,-32],[-17,21],[-2,36],[13,19],[3,-44]],[[97116,57228],[0,0]],[[97261,57242],[0,0]],[[97178,57291],[0,0]],[[97122,57293],[0,0]],[[97380,57205],[0,0]],[[97367,57215],[0,0]],[[97300,57247],[0,0]],[[97358,57247],[0,0]],[[97160,57328],[-25,21],[11,10],[14,-31]],[[97297,57284],[0,0]],[[97272,57297],[0,0]],[[97301,57308],[0,0]],[[97342,57304],[0,0]],[[97364,57301],[0,0]],[[97127,57375],[0,0]],[[97344,57319],[0,0]],[[97445,57275],[0,0]],[[97331,57350],[0,0]],[[97448,57292],[0,0]],[[97428,57330],[0,0]],[[97359,57344],[-3,33],[16,-15],[-13,-18]],[[97398,57229],[-28,107],[24,39],[-4,-51],[29,-47],[-21,-48]],[[97473,57339],[-8,-18],[-15,24],[-33,11],[32,13],[24,-30]],[[97451,57396],[0,0]],[[97316,57418],[-9,9],[12,42],[-3,-51]],[[97469,57452],[8,23],[21,-14],[-29,-9]],[[97532,57482],[0,0]],[[97485,57530],[19,-13],[-7,-19],[-21,16],[-11,-34],[-15,-2],[-13,28],[30,40],[18,-16]],[[97603,57516],[0,0]],[[97646,57500],[0,0]],[[97609,57543],[0,0]],[[97628,57534],[0,0]],[[75343,63630],[28,-11],[-13,-22],[-54,15],[28,26],[11,-8]],[[97722,57584],[24,-3],[-34,-33],[-19,1],[-6,31],[18,22],[17,-18]],[[74687,63690],[50,19],[147,26],[38,15],[65,2],[99,-24],[-10,15],[54,3],[81,-52],[19,-21],[10,-85],[-48,4],[-18,-28],[-31,2],[-20,-19],[-37,26],[-78,-10],[-43,-15],[-4,-46],[29,-39],[-4,-17],[-29,-12],[-49,-52],[-54,-25],[-13,-21]],[[75089,63730],[0,0]],[[74963,63751],[0,0]],[[74970,63751],[0,0]],[[74977,63751],[0,0]],[[74982,63751],[0,0]],[[74889,63736],[0,0]],[[74891,63734],[0,0]],[[74854,63728],[0,0]],[[74840,63727],[0,0]],[[74797,63716],[0,0]],[[74709,63699],[0,0]],[[75206,63593],[0,0]],[[75157,63567],[0,0]],[[75160,63566],[0,0]],[[75054,63571],[0,0]],[[75066,63569],[0,0]],[[75057,63570],[0,0]],[[75011,63564],[0,0]],[[74935,63414],[0,0]],[[75096,63564],[0,0]],[[75108,63559],[0,0]],[[75110,63558],[0,0]],[[75118,63550],[0,0]],[[75198,63591],[0,0]],[[98054,58216],[-14,-29],[-53,69],[11,47],[24,-30],[3,-26],[29,-31]],[[72725,64943],[-130,-52],[-434,-185],[-377,-304],[-487,-210],[-492,-404],[-571,-443],[-515,78],[-376,153],[-542,195],[-507,5],[-708,-419],[-102,-61],[-338,-393],[-72,-374],[161,-562],[129,-328],[114,-345],[257,-714],[119,-486],[215,-215],[189,-433],[251,-649],[177,-401],[244,-348],[146,-141],[117,-143],[88,-119],[63,-65],[100,-111],[134,-90],[96,-69],[81,-47],[148,-58],[141,-40],[108,10],[369,52],[218,365],[332,142],[355,125],[268,63],[195,252],[231,203],[220,190],[171,36],[174,93],[170,-2],[201,-50],[176,55],[123,136],[96,132],[117,98],[119,112],[114,167],[218,129],[169,71],[142,-68],[109,-122],[208,-165],[375,-585],[199,-259]],[[75221,58345],[-102,-41],[-27,-52],[-1,-26],[17,-66],[-20,-29],[-24,-68],[-40,-38],[-36,-141],[-17,-9],[-38,-80],[1,-89],[-19,3],[-13,-110],[0,-105],[-32,-4],[24,-25]],[[68193,66262],[91,-13],[33,2],[55,-17],[45,1],[76,-11],[17,-37],[23,-95],[-15,-85],[28,-24],[69,6],[77,-5],[34,32],[13,-18],[21,13],[59,0],[86,42],[5,36],[-7,57],[33,11],[34,28],[37,-5],[24,40],[100,37],[65,-10],[23,-32],[95,9],[119,-7],[37,13],[-1,-41],[43,-30],[102,-56],[104,-68],[63,16],[36,-9],[9,-46],[-1,-40],[-71,-13],[-25,-67],[27,-46],[36,-19],[75,9],[57,18],[34,-2],[35,-64],[18,-10],[-1,-25],[-19,-59],[5,-42],[41,-103],[11,-2],[52,-160],[13,-22],[25,23],[45,23],[32,2],[6,18],[-19,30],[-14,46],[3,36],[-9,36],[24,57],[20,16],[92,-6],[24,34],[12,-20],[71,-6],[30,14],[22,-69],[36,-10],[-11,-63],[11,-65],[14,-1],[18,-45],[15,21],[4,-40],[18,-8],[33,14],[22,-11],[32,-47],[42,2],[33,-19],[81,-6],[13,-27],[-12,-42],[18,0],[-3,-42],[9,-33],[-15,-31],[24,0],[9,-22],[28,9],[15,-31],[74,16],[19,-9],[-12,-17],[-7,-98],[20,2],[74,37],[44,2],[22,-42],[41,15],[19,24],[32,10],[60,3],[48,26],[36,40],[26,46],[8,-5],[53,70],[94,74],[25,5],[64,67],[62,22],[34,29],[13,-14],[34,12],[8,-152],[30,9],[6,-36],[25,0],[-1,-27],[-25,-28],[17,-11],[29,-77],[59,-1],[63,16],[68,42],[34,-4],[-12,-26],[19,-24],[73,9],[22,14],[22,-15],[50,8],[21,-27],[37,5],[38,24],[18,-12],[71,16],[108,7],[20,-15],[48,-9],[48,-27],[33,-66],[2,-51]],[[65354,63797],[-61,3],[-309,-54],[-250,25],[-608,128],[-270,154],[-379,-269],[71,-1321],[23,-727],[7,-434],[34,-197],[219,-199],[187,-360],[112,-63],[585,-116],[197,-18],[165,-65],[166,-16],[77,-121],[353,105],[149,268],[-106,347],[-83,490],[3,337],[116,166],[241,147],[43,227],[11,149],[-67,158],[-179,142],[-152,113],[-114,236],[-1,417],[22,190],[-27,151],[-175,7]],[[65758,58356],[119,-63],[97,1],[207,167],[-1,231],[-84,142],[-77,98],[-124,69],[-118,-53],[-73,-82],[-30,-190],[20,-211],[64,-109]],[[36374,63493],[42,42],[68,23]],[[96914,57085],[-89,179]],[[96825,57264],[-15,30]],[[96810,57294],[-94,188]],[[96716,57482],[-19,34]],[[96697,57516],[-290,253],[-241,448],[-271,252],[-249,153],[-192,-99],[-272,-70],[-144,-279],[-37,-414],[-61,-217],[-79,-268],[-107,-263],[-200,-271],[-185,-89],[-284,-249],[-197,-307],[-23,-376],[-3,-368],[267,-318],[133,-122]],[[94262,54912],[-3,-38],[-33,-42],[-16,17],[-38,-7],[-29,-18],[-19,-35],[-42,-158],[23,-56],[-19,-34],[5,-17],[-22,-45],[13,-23],[-24,2],[-9,-66],[-42,-96],[-11,-45],[-24,-3],[1,34],[-25,-4],[5,37],[-21,-2],[12,-31],[-13,-12],[-25,17],[-29,44],[-52,56],[-6,-25],[-18,29],[-40,-19],[17,-16],[4,-54],[-17,8],[-3,-25],[-23,-32],[-17,-5],[5,-51],[9,24],[44,12],[35,-17],[-5,33],[-18,8],[4,92],[41,0],[60,-73],[19,-14],[7,-30],[-26,-19],[45,0],[10,-25],[-43,-83],[-24,-95],[-22,-37],[-4,-47],[-20,-42],[5,-164],[-31,0],[-51,-14],[55,-41],[19,-1],[10,39],[5,-73],[20,-93]],[[93853,53536],[-13,-1]],[[92205,58418],[166,3],[70,-2],[105,12],[230,5]],[[93302,59040],[23,23],[22,-47],[37,-59],[48,-15],[34,8],[22,-8],[33,77],[8,45],[35,26],[46,4],[17,16],[2,50],[31,-28],[25,17],[36,-55],[11,-35],[-7,-44],[31,-85],[25,-17],[32,15],[-10,56],[18,35],[-3,26],[23,22],[8,42],[-11,40],[15,63],[-22,59],[32,67],[39,-3],[20,-42],[30,-37],[43,-2],[22,-31],[20,14],[12,42],[-29,88],[-29,20],[-20,49],[-21,25],[-4,57],[43,93],[-7,19],[45,82],[25,17],[36,51],[32,58],[41,18],[65,75],[26,-2],[44,38],[12,20],[-3,44],[-18,32],[-10,57],[16,9],[17,45],[47,69],[50,30],[44,60],[3,78],[19,36],[-40,51],[-41,-9],[1,29],[20,30],[-21,63],[21,20],[-4,21],[19,18],[2,26],[-30,4],[5,41],[21,39],[31,-6],[1,34],[17,71],[-44,64],[-13,37],[13,19],[30,99],[0,32],[21,59],[26,19],[-1,57],[15,40],[26,30],[22,2],[46,61],[16,46],[43,14],[57,509],[8,92],[266,518],[128,254],[259,503],[131,256],[67,124],[23,-16],[25,8],[31,-12],[73,-57],[31,17],[26,-55],[-23,-70],[5,-249],[18,-39],[25,-17],[57,-61],[20,1],[23,-22],[27,-42],[94,81],[51,20],[51,37],[46,2],[17,-11],[54,20],[18,26],[5,50],[21,12],[26,-9],[37,30],[50,-2],[20,-25],[82,9],[-7,78],[9,48],[47,27],[29,-8],[23,10],[21,-15],[41,1],[14,-29],[69,-38],[2,-32],[84,-99],[60,-52],[35,-59],[39,-30],[27,-83],[39,-62],[8,-44],[106,-90],[1,-578],[2,-302],[8,-606],[-1,-607],[0,-339],[31,-45],[-22,-44],[-20,-10],[-12,-39],[45,-104],[-44,-52],[-7,-77],[28,-75],[-31,-2],[6,-75],[-14,-2],[14,-34],[41,-1],[14,-24],[37,3],[-17,36],[31,-9],[19,-72],[20,-42],[33,-22],[6,17],[31,-38],[19,0],[35,-25],[14,4],[35,-22],[19,1],[6,31],[41,6],[28,-52],[9,-63],[-16,-33],[21,-69],[-37,14],[-19,-31],[-34,-10],[-3,-25],[21,-45],[10,-74],[16,-8],[29,-54],[13,-40],[-9,-11],[-2,-64],[-28,-39],[4,-16],[-21,-51],[-16,-5],[24,-101],[13,-8],[22,-58],[-8,-43],[27,-47],[8,-36],[31,-18],[39,-54],[30,15],[31,45],[-3,30],[11,40],[22,-7],[33,-32],[74,-18],[30,-96],[21,-32],[11,-58],[-14,-33],[50,-74],[27,-89],[6,-46],[-12,-2],[-3,-48],[-23,-14],[4,-21],[-24,18],[5,18],[-17,28],[-33,-6],[26,-20],[1,-22],[-43,34],[-12,-18],[35,-23],[22,-37],[-15,-4],[-7,-36],[-25,43],[-30,23],[-31,5],[2,-27],[21,-10],[-10,-29],[34,-19],[18,-43],[0,-65],[-8,-29],[23,-5],[2,62],[-7,61],[18,9],[7,-59],[32,9],[-23,31],[26,5],[-20,50],[32,-25],[9,-51],[11,9],[-10,-77],[38,53],[-31,115],[15,4],[40,-66],[-2,-45],[17,18],[13,-96],[30,13],[0,-26],[-32,-14],[-28,-37],[-11,-31],[-32,-17],[-1,25],[-34,-43],[8,-27],[-48,-2],[20,-21],[-9,-43],[-42,-59],[-10,-38],[-63,-23],[25,-21],[-48,-21],[-14,29],[4,36],[-31,-5],[2,-52],[17,-15],[-33,-23],[-11,56],[-36,42],[18,-4],[4,88],[-37,-22],[-19,13],[-1,-34],[-29,10],[6,46],[-24,5],[9,-29],[-11,-46],[30,-8],[10,-52],[-14,-27],[17,-10],[-4,-27],[-15,12],[-23,-70],[-18,13],[-14,106],[6,33],[-23,-3],[6,-43],[-6,-34],[20,-36],[-32,-34],[-14,26],[-27,5],[5,39],[-15,32],[-38,-38],[8,29],[-23,41],[5,-80],[-37,6],[29,-54],[-20,-88],[14,-40],[-8,-15],[-76,-15],[3,46],[14,12],[-24,36],[-19,-3],[-15,-65],[-23,2],[-4,-50],[-15,-40],[-12,4],[9,35],[-15,-4],[-5,-39],[-11,5],[12,55],[-23,43],[15,45],[-6,11],[14,49],[-6,30],[-45,-140],[-6,-45],[-20,5],[-3,42],[21,21],[5,103],[-17,-10],[-4,-63],[-10,-5],[-15,61],[-18,-55],[25,-15],[1,-38],[-18,39],[-19,-9],[6,-37],[-10,-25],[-15,23],[16,-68],[-2,-55],[-24,-21],[13,50],[-29,-15],[12,-66],[-25,-129],[-14,75],[3,49],[13,2],[-15,74],[-23,-45],[12,-10],[-8,-41],[2,-71],[-19,7],[-24,117],[1,65],[-24,3],[11,-36],[-15,-50],[-32,51],[4,-51],[13,-57],[6,32],[21,-24],[11,-58],[14,-27],[-30,-29],[-13,52],[-9,-44],[-15,-14]],[[36949,64054],[-10,14],[-29,-18],[30,0],[6,-18]],[[36925,64004],[-2,-3]],[[36907,63980],[-21,38],[-13,-22],[-15,8],[-3,94],[-13,49],[28,36],[0,64],[14,22],[25,-40],[21,9],[1,-56],[11,-39],[-22,-21],[32,-39],[-2,-23]],[[36485,63559],[78,92],[0,31],[-43,-49],[-21,-5],[-53,-44],[-65,-42],[-24,-51],[-27,24],[-33,12],[-29,-4],[-12,36],[23,65],[48,109],[25,42],[3,46],[16,39],[33,47],[26,73],[23,3],[23,25],[7,51],[52,21],[16,31],[30,19],[-8,-39],[95,79],[6,57],[-7,42],[22,41],[15,61],[27,26],[8,48],[31,31],[8,22],[30,25],[16,45],[27,-3],[-3,-72],[23,-1],[-13,70],[3,36],[-27,107],[-21,5],[1,34],[34,-43],[41,-4],[24,-13],[-4,-26],[17,-52],[12,-107],[21,-21],[-8,-37],[-15,-6],[36,-63],[1,-42],[-46,-12],[-50,12],[10,-19],[-5,-31],[-40,-71],[-25,43],[-16,-7],[-26,79],[-12,-35],[25,-62],[28,3],[1,-101],[-9,-5],[33,-33],[-8,-72],[8,-12],[-20,-67],[-37,34],[-20,44],[1,23],[-18,21],[5,28],[-12,28],[-21,-30],[-8,-54],[26,-10],[-4,-47],[13,-30],[-3,47],[56,-31],[5,-35],[-36,-15],[-21,-38],[81,31],[36,73],[24,8],[4,-26]],[[78011,39277],[19,71],[-33,-93],[14,22]],[[74884,27584],[-2,-41]],[[74882,27541],[-23,-28],[-7,-29],[4,-76],[-7,-37],[-27,-46],[-15,22],[-12,77],[-22,-69],[19,6],[6,-25],[24,-25],[4,-66],[-20,-51],[5,-87],[-11,-32],[5,-65],[-7,-125],[-31,-120],[-9,33],[15,27],[-7,17],[-18,-41],[-46,-14],[15,96],[-30,-8],[-53,46],[-29,4],[-6,26],[-15,-50],[-15,46],[-18,20],[-25,0],[-10,-34],[-43,2],[8,-71],[-9,-28],[-8,36],[-35,-11],[-10,-52],[-24,-22],[-21,2],[-21,35],[-25,17],[-40,3],[-12,29],[11,16],[-28,2],[-9,53],[-6,-40],[-28,-29],[-44,-7],[-27,-32],[-24,1]],[[70915,25541],[-32,6],[-53,-15],[-13,18],[-45,-1],[-36,-28]],[[70736,25521],[10,18],[10,488],[-430,666],[-200,407],[-110,448],[-78,232],[-139,253],[-168,189],[-185,152],[-114,86],[-240,-91],[-129,-359],[-34,-444],[39,-516],[51,-462],[-13,-359],[-238,-178],[-47,-449],[48,-31]],[[68769,25571],[-13,4],[-124,-22],[-38,-17],[-56,-48],[-34,-42],[-14,-41],[-27,1]],[[67561,25588],[-8,9]],[[67516,25637],[-29,-4]],[[67322,25361],[-27,5],[-22,92],[-19,1],[-50,-110],[-4,-51],[34,-53],[-3,-20],[-37,-82],[22,-71]],[[67001,24404],[-26,20],[14,-38],[16,-5]],[[67006,24376],[3,-19]],[[67033,24214],[9,-54]],[[67047,24098],[-14,26],[-12,58],[-14,9],[-45,-58],[-30,11],[-18,-20],[-2,-34],[23,17],[12,-18],[25,12],[10,42],[14,18],[-2,-62],[-30,-80],[-17,-74],[29,40],[11,-2],[19,46],[15,9],[25,53]],[[67042,24047],[-63,-85],[-71,-114],[-21,-43],[-49,-62],[-43,-39],[-1,-37],[-11,32],[-17,-26],[-58,-49],[-36,-41],[-220,-223],[33,47],[-8,22],[-30,-30],[-39,-25],[-26,23],[-31,-3],[-116,-69],[-50,-37],[-13,-21],[8,-52],[-17,-29],[-8,-42],[69,25],[35,36],[34,20],[-1,15],[44,29],[34,34],[72,58],[4,-8],[-99,-104],[-73,-69],[-53,-38],[-187,-147],[-74,-66],[-83,-80],[-94,-103],[-71,-89],[-9,9],[72,107],[86,82],[50,64],[44,42],[147,109],[31,39],[-2,76],[7,14],[-32,6],[-10,-28],[-19,15],[-22,-8],[-25,-33],[-93,-61],[-17,-20],[-62,-40],[-10,50],[31,22],[-1,30],[-77,95],[-23,-53],[-41,-14],[-37,-43],[-76,-71],[-85,-60],[18,-62],[71,-96],[13,-48],[13,11],[25,-47],[-96,-81],[-88,-77],[-61,-62]],[[65434,22524],[-46,229],[-78,240],[-84,214],[41,284],[40,177],[166,340],[125,33],[38,277],[34,234],[-6,329],[-38,204],[50,93],[44,-81],[268,173],[67,373],[-17,373],[-59,458],[-43,430],[-9,501],[136,401],[290,99],[153,43],[-59,229],[-239,-28],[-282,-43],[-162,271],[-9,329],[16,371],[-69,243],[-104,328],[-10,40],[36,69],[313,392],[118,97],[167,422],[99,228],[258,372],[128,63],[128,-228],[48,-277],[53,-118],[23,-101],[21,-124],[46,-222],[97,-243],[167,-116],[258,-157],[22,21],[316,-178],[252,-187],[86,-133],[167,-568],[170,-503],[66,-77],[63,82],[41,238],[15,402],[249,363],[99,-7],[203,23],[186,54],[154,59],[197,2],[210,-14],[226,-68],[154,-190],[391,-695],[354,-327],[187,-333],[100,-451],[287,-158],[333,375],[108,591],[-129,454],[-150,410],[-53,323],[-196,195],[-159,274],[-3,247],[167,216],[52,264],[267,282],[167,308],[15,419],[38,347],[-79,306],[-43,211],[121,231],[110,6],[78,20],[104,21],[85,81],[108,123],[140,313],[42,142],[20,45],[29,138],[36,323],[87,314],[-21,327],[-31,122],[-222,173],[-178,21],[-185,211],[-106,384],[41,334],[169,522],[239,241],[476,-14],[388,67],[185,24],[83,-74],[178,-136],[210,-73],[254,-30],[177,150],[39,255],[137,88],[165,122],[209,82],[214,15],[271,-52],[224,-193],[264,-131],[254,-22],[196,50],[149,122],[145,84],[208,-37],[210,67],[133,102],[77,177],[57,369],[31,194],[-8,205],[-38,176],[-25,164],[-8,148],[-21,164],[-60,134],[-106,48],[-110,-8],[-113,-72],[-191,-110],[-195,-33],[-210,-39],[-564,-131],[-543,-136],[-336,13],[-177,-15],[-296,3],[-107,-11],[-89,-20],[-85,7],[-143,3],[-191,-9],[-145,-39],[-380,413],[-147,297],[-102,128],[-160,139],[-128,141],[-177,34],[-186,-45],[-119,62],[51,384],[-13,65],[37,143],[-103,341],[-191,130],[-146,-95],[-240,-97],[-207,130],[-234,46],[-190,-19],[-306,402],[-151,121],[-55,148],[26,182],[18,154],[13,275],[-7,100],[-5,273],[-14,234],[-59,246],[-42,146],[-46,147],[-78,182],[-61,259],[-48,99],[-173,116],[-312,58],[-341,23],[-78,82],[-287,-375],[-209,-4],[-218,-20],[-126,-141],[-247,-325],[-91,-78],[-16,87],[-30,105],[-1,209],[-25,183],[-117,113],[-185,-31],[-102,-112],[-143,-48],[-65,-77],[-165,-572],[129,-102],[129,-131],[129,-111],[35,-134],[-56,-53],[-142,-107],[-73,-28],[-89,23],[-121,107],[-224,56],[-261,75],[-534,-193],[-165,-74],[-230,-97],[-144,-92],[-43,-89],[14,-190],[165,-330],[98,-222],[115,-292],[61,-431],[57,-414],[-34,-108],[-50,-122],[-58,-122],[-92,-84],[-96,-60],[-293,110],[-168,114],[-67,208],[-103,101],[-190,142],[-84,73],[-95,99],[-122,153],[-135,188],[-180,229],[-102,171],[-62,189],[-25,184],[9,610],[59,433],[120,261],[17,119],[65,207],[65,146],[59,177],[17,459],[-2,241],[-36,114],[-71,82],[-88,138],[-189,150],[-147,86],[-187,167],[-210,125],[-259,28],[-192,53],[-485,-288],[-224,-398],[-45,-291],[-170,-341],[-226,-459],[-115,-15],[-247,5],[-412,174],[-156,155],[-138,155],[-204,141],[-66,-7],[-68,-28],[-46,-47],[-25,-49],[-69,-35],[-46,-45],[-216,-173],[-32,-150],[35,-223],[74,-135],[94,-161],[88,-252],[-97,-154],[-7,-86],[4,-116],[66,-163],[15,-93],[-3,-222],[-18,-180],[-109,-86],[-105,87],[-91,56],[-163,-94],[-81,-11],[-134,-71],[-81,-222],[-29,-145],[-4,-216],[-30,-197],[-76,-165],[-71,-22],[-50,0],[-55,74],[-83,70],[-72,238],[-28,217],[-61,163],[-33,208],[-25,249],[-10,164],[-60,173],[-49,122],[-48,89],[-55,78],[-137,103],[-168,20],[-175,-50],[-103,-87],[-96,-116],[-94,-227],[-96,-265],[-64,-71],[-437,-189],[-214,86],[-51,75],[-63,86],[-93,105],[-50,139],[8,160],[28,216],[-17,75],[123,369],[-40,278],[-163,362],[-239,15],[-174,94],[-31,188],[-8,268],[-7,131],[56,419],[53,272],[32,109],[23,11],[76,93],[49,123],[135,173],[35,228],[-35,127],[-81,101],[-178,177],[-149,118],[-134,316],[-11,225],[49,198],[49,96],[-170,-78],[-142,11],[-44,13],[14,64],[39,209],[80,57],[166,-2],[47,-5],[75,1],[72,54],[60,154],[10,62],[9,806],[-12,401],[19,525],[-246,554],[-60,762],[176,106],[333,-377],[410,-58],[177,39],[62,57],[89,100],[126,96],[91,55],[281,41],[312,-31],[179,86],[143,107],[98,-137],[19,-403],[215,-51],[106,-121],[67,-182],[127,-107],[100,27],[43,-138],[92,-238],[113,-73],[139,10],[22,24],[46,12],[160,119],[155,266],[102,68],[108,41],[70,-106],[76,-165],[88,-35],[186,6],[110,19],[129,-16],[106,-5],[163,0],[122,11],[11,90],[-130,116],[-93,128],[5,191],[109,93],[77,136],[-2,98],[-30,160],[-96,87],[-158,-8],[-145,-84],[-61,-80],[-59,-141],[-51,-63],[-52,12],[-47,181],[-62,317],[-225,53],[-140,242],[-103,139],[-132,300],[-62,198],[-3,114],[-14,251],[110,128],[-2,-106],[52,-157],[143,-56],[76,39],[103,-251],[120,-415],[80,-204],[83,81],[107,-70],[170,-52],[91,154],[13,130],[-93,84],[-114,67],[-142,36],[-122,8],[-32,42],[8,74],[-27,147],[-81,151],[-77,116],[-92,59],[-142,118],[-50,60],[-73,63],[-87,8],[-85,-42],[-94,-65],[-68,-100],[-72,-135],[-122,-108],[-117,-81],[-218,-63],[-105,25],[-117,67],[-97,144],[-96,155],[-42,97],[11,154],[68,177],[53,173],[53,217],[46,294],[18,253],[27,253],[-71,197],[-54,32],[-66,4],[-336,-2],[-200,40],[-190,165],[-370,37],[-516,-138],[-540,46],[-350,497],[-187,219],[-248,228],[-288,63],[-296,170],[-81,334],[61,303],[50,323],[184,100],[394,132],[871,510],[310,461],[167,496],[3,370],[-125,356],[-144,285],[-53,237],[-59,283],[-23,141],[22,197],[119,146],[544,103],[189,438],[266,350],[41,474],[54,765],[-60,138],[-153,108],[-99,548],[110,209],[368,0],[303,-146],[391,-101],[168,-78],[127,-102],[65,-103],[119,-40],[85,-73],[214,-398],[112,-373],[240,-153],[303,-108],[218,34],[202,51],[74,707],[87,1242],[87,600],[46,200],[-79,124],[-153,86],[-226,59],[-180,40],[-159,-2],[-440,-162],[-191,-48],[-168,-49],[-177,-19],[-156,27],[-106,83],[-219,145],[-142,122],[-134,98],[-84,93],[-100,63],[-187,113],[-241,141],[-325,18],[-266,-43],[-245,-36],[-171,-75],[-147,-150],[-123,-303],[-18,-29],[-60,-45],[-257,28],[-246,8],[-83,-167],[24,-475],[33,-334],[5,-278],[-78,-245],[-158,-4],[-208,27],[-193,-67],[-113,-122],[-128,-591],[-27,-499],[-84,-434],[-145,-298],[-209,-470],[-127,-327],[-86,-269],[-65,-160],[-222,-99],[-118,114],[-26,197],[-303,1],[-334,71],[-356,-141],[-301,-239],[-199,-90],[-7,-102],[-120,-264],[-137,52],[-109,91],[-96,33],[-205,-10],[-192,13],[-202,61],[-142,124],[-156,180],[-89,238],[-137,110],[-81,-58],[-48,-98],[152,-238],[107,-310],[61,-361],[-19,-252],[-42,-257],[-108,-359],[-41,-394],[-28,-367],[-26,-312],[34,-370],[34,-422],[51,-426],[34,-408],[105,-475],[71,-454],[60,-404],[40,-335],[-96,-179],[-203,-50],[-42,27],[-79,31],[-81,-57],[0,35],[-22,-227],[-43,-193],[-79,-160],[-16,-84],[-128,-180],[-201,-62],[-96,-6],[-85,-75],[-99,-151],[-209,-432],[-59,-198],[-88,-230],[-3,-356],[29,-404],[64,-289],[205,-180],[450,43],[256,-3],[345,-89],[203,28],[95,123],[14,151],[-176,206],[-86,230],[-15,277],[-9,197],[0,176],[101,384],[101,223],[68,203],[146,600],[68,200],[121,180],[181,68],[191,-94],[300,-2],[115,52],[20,166],[-49,153],[-25,177],[50,214],[95,166],[146,162],[160,83],[204,61],[238,-6],[284,-42],[263,56],[265,50],[262,-69],[26,-136],[-104,-137],[-236,-73],[-212,-119],[-145,-414],[31,-314],[-55,-224],[-156,-311],[-2,-160],[103,-457],[11,-370],[-119,-319],[-315,19],[-159,-115],[-53,-108],[63,-359],[78,-290],[-44,-247],[-37,-80],[-52,-204],[-60,-149],[-89,-178],[-148,-200],[-175,-250],[-210,-231],[-326,-367],[-373,-349],[-309,-306],[-342,-165],[-401,28],[-265,98],[-264,239],[-361,460],[-267,240],[-103,160],[-141,57],[-189,71],[-282,96],[-156,211],[-119,314],[-79,485],[2,445],[-24,365],[-39,356],[14,149],[-42,109],[15,329],[131,171],[212,128],[135,48],[128,14],[175,-21],[90,8],[58,340],[7,403],[39,189],[-2,166],[-13,227],[10,163],[9,271],[-12,220],[-25,245],[-37,260],[-25,502],[-11,758],[4,521],[-129,242],[-265,209],[-404,-17],[-360,-73],[-521,-185],[-533,-227],[-203,-176],[-212,-189],[-132,-361],[17,-379],[-88,-389],[-17,-63],[-138,-157],[-183,1],[-120,-9],[-374,217],[-254,123],[-288,30],[-350,-165],[-341,-246],[-270,-79],[-281,-37],[-217,-27],[-255,-64],[-246,9],[-203,-9],[-343,-8],[-65,19],[-71,65],[-79,119],[-91,259],[-121,379],[-77,624],[-14,542],[20,194],[105,141],[47,-4],[337,-1],[494,109],[191,333],[-18,505],[-54,700],[18,503],[-38,153],[3,26],[-20,259],[-31,101],[-14,90],[33,197],[61,147],[-80,550],[220,418],[237,179],[274,448],[-9,182],[-24,414],[-16,124],[23,165],[2,53],[21,816],[-5,73],[-16,173],[8,377],[-145,339],[-299,739],[-74,644],[-48,690],[49,646]],[[43572,67030],[492,0]],[[62487,48462],[33,-27],[226,-132],[50,-102],[-4,-81]],[[76158,40042],[-118,42],[-121,6],[-83,-94],[-103,-75],[-163,-102],[-85,-127],[-43,-196],[-28,-170],[14,-226],[48,-125],[183,-180],[220,-65],[210,-12],[185,88],[129,127],[129,307],[80,165],[29,187],[-58,192],[-135,121],[-290,137]],[[71887,40666],[-28,122],[-5,75],[-19,75],[-65,167],[-119,126],[-132,-12],[-91,-83],[-8,-96],[16,-111],[35,-83],[76,-39],[72,-86],[86,-117],[56,-121],[68,-80],[41,19],[25,79],[-8,165]],[[59323,57285],[-89,233],[-223,186],[-281,165],[-260,82],[-210,19],[-117,-120],[-45,-227],[40,-354],[167,-240],[248,-232],[109,-132],[187,-67],[250,-31],[105,90],[31,211],[41,130],[10,113],[37,174]],[[60748,57752],[136,-77],[215,32],[557,133],[364,159],[101,114],[10,7],[239,289],[81,239],[-36,221],[-110,128],[-98,100],[-279,33],[-258,18],[-150,7],[-238,77],[-121,82],[-84,105],[-244,33],[-296,51],[-185,10],[-174,-8],[-177,-180],[-15,-253],[-13,-181],[-1,-149],[37,-168],[154,-154],[186,-100],[97,-74],[87,-294],[90,-117],[125,-83]],[[51072,61181],[-217,-60],[-165,-23],[-121,-26],[-73,-115],[0,-74],[57,-127],[122,-285],[149,-297],[119,-162],[103,-16],[77,36],[56,97],[103,156],[75,185],[74,190],[108,117],[68,118],[-4,263],[-16,98],[-67,26],[-128,-9],[-320,-92]],[[65285,41122],[51,-20],[125,5],[184,17],[102,139],[39,204],[-29,157],[-112,206],[-150,94],[-121,82],[-340,101],[-271,-177],[34,-237],[53,-201],[232,-247],[136,-97],[67,-26]],[[75454,29948],[126,-73],[78,-146],[50,-115],[1,-136],[-28,-131],[-127,-410],[-28,-105],[36,-102],[26,-281],[52,-264],[108,3],[127,230],[228,-18],[194,59],[145,137],[207,143],[131,300],[161,149],[215,43],[169,85],[-45,166],[-378,122],[-283,142],[-154,256],[-125,175],[-105,211],[-87,112],[-82,148],[-153,225],[-66,107],[-33,101],[-13,99],[-5,183],[20,79],[44,50],[139,34],[102,16],[119,24],[101,37],[51,105],[19,111],[15,162],[-39,92],[-21,133],[-51,161],[-67,140],[-95,109],[-84,82],[-163,100],[-148,86],[-210,6],[-174,19],[-213,-29],[-122,-275],[-80,-397],[-39,-276],[24,-251],[38,-229],[91,-152],[57,-165],[155,-139],[95,-116],[-30,-181],[-34,-434],[-1,-81],[27,-71],[65,-93],[67,-72]],[[73686,29534],[-180,78],[-287,-59],[-200,-15],[-145,-57],[-87,-124],[80,-223],[127,-210],[119,-231],[172,-312],[161,-128],[354,3],[165,25],[45,100],[-27,215],[-113,361],[-42,161],[-3,135],[-19,224],[-120,57]],[[36735,65093],[-6,-29],[10,-84],[14,-35],[0,-32],[-18,-20],[-34,32],[-28,56],[0,54],[18,30],[14,-109],[11,-40],[14,31],[-10,53],[-22,73],[-17,3],[54,17]],[[36480,65153],[0,0]],[[34467,65206],[0,0]],[[36852,66282],[0,0]],[[36777,66365],[32,-44],[7,-34]],[[36818,66413],[6,-32],[-30,-9],[-18,34],[37,-13],[5,20]],[[36729,66460],[2,-5]],[[34862,64101],[-23,92],[-15,109],[-37,67],[-20,12],[-20,105],[-22,4],[-49,67],[-1,24],[-39,33],[-17,-2],[-34,60],[-2,57],[-20,32],[-2,29],[-15,10],[6,30],[-13,50],[-2,64],[-14,61],[0,113],[-19,24],[0,26],[-23,73],[32,35],[14,69],[-18,52],[25,35],[5,33],[-8,38],[23,20],[5,59],[-6,23],[-21,-4],[-49,69],[0,32],[18,14],[83,-2],[18,-49],[37,14],[27,-14],[30,-37],[13,-1],[82,-67],[17,-24],[27,-12],[36,-36],[28,5],[17,-23],[36,-11],[13,-26],[33,-8],[17,22],[33,-28],[129,-78],[-8,-38],[31,-13],[46,-39],[41,-7],[25,-16],[40,4],[5,-11],[71,-2],[26,-11],[80,1],[56,21],[69,-10],[25,-18],[0,-18],[50,-19],[44,36],[18,-5],[19,-32],[68,1],[8,-17],[57,-26],[58,6],[38,-7],[30,15],[42,-15],[55,51],[56,83],[17,-3],[-14,-35],[2,35],[-45,-60],[71,12],[40,-53],[20,-14],[21,-46],[2,-93],[40,-66],[13,8],[-14,47],[6,27],[-21,32],[-17,4],[59,32],[42,7],[34,-7],[-13,-58],[6,-20],[53,-26],[15,-60],[-5,-33],[-21,-28],[31,6],[23,33],[8,71],[-64,86],[0,50],[60,63],[83,19],[-7,-26],[15,-26],[-48,-45],[-8,-29],[37,-59],[-4,-19],[22,-48],[19,8],[13,-83],[20,-41],[25,-3],[-15,-31],[15,-88],[24,33],[3,-62],[31,-34],[-8,-41],[-20,-9],[-47,11],[13,-60],[-10,-29],[-33,-35],[-21,-1],[-8,-25],[-9,-108],[-14,-18],[-16,-81],[15,-25],[-47,-23],[-19,22],[17,48],[7,70],[14,42],[10,88],[-23,59],[4,38],[-15,-24],[-7,-42],[9,-25],[-9,-53],[-27,-4],[4,40],[-11,53],[-9,1],[-5,-72],[5,-46],[15,-24],[-3,-38],[-23,1],[-17,-117],[-22,-94],[-28,4],[-7,-36],[-41,-30],[-43,-119],[-22,-37],[-27,-104],[-54,-89],[-38,-131],[-16,-92],[34,-25],[21,2],[2,35],[69,-15]],[[37460,67031],[55,-303],[108,-323],[126,-344],[129,-378],[394,-283],[491,-36],[548,-58],[373,-41],[181,-66],[212,-40],[240,129],[237,79],[182,27],[174,33],[193,124],[115,231],[47,299],[22,246],[82,295],[39,221],[-9,186]],[[41399,67029],[495,-3],[554,3],[217,0]],[[42665,67029],[-29,-11],[-103,-249],[-95,-816],[-27,-562],[-72,-225],[-348,-337],[-317,-315],[-114,-224],[-76,-315],[11,-259],[74,-428],[46,-335],[9,-240],[108,-222],[182,-99],[250,-91],[238,-205],[50,-240],[-83,-181],[-154,-205],[-235,-224],[-198,-120],[-155,-12],[-127,23],[-198,69],[-161,83],[-203,-133],[-65,-239],[-14,-200],[-25,-131],[-65,-297],[-38,-91],[-31,-43],[-234,-498],[-176,-362],[-313,-300],[-342,-264],[-483,-151],[-420,-102],[-74,-26],[-56,-10],[-203,14],[-190,62],[-208,41],[-171,68],[-195,-29],[-220,-170],[-204,-194],[-133,-182],[-162,-135],[-213,-39],[-236,70],[-194,26],[-169,-52],[-70,-72],[-57,-81],[-143,-629],[-160,-898],[-92,-447],[-15,-799],[14,-483],[61,-388],[117,-567],[153,-526],[150,-381],[216,-238],[313,-210],[432,26],[469,183],[81,258],[-83,1143],[153,269],[175,235],[110,225],[374,417],[531,465],[205,178],[583,367],[50,11],[279,79],[213,-332],[301,-259],[357,-111],[201,-1466],[152,-435],[95,-502],[14,-199],[92,-163],[192,-255],[153,-333],[23,-335],[62,-449],[-55,-674],[-75,-419],[-149,-405],[-187,-240],[-68,-229],[-139,-369],[-149,-439],[-62,-350],[27,-184],[317,-137],[305,15],[486,-162],[84,-437],[53,-671],[189,-327],[299,-268],[266,-231],[253,-334],[300,-548],[189,-299],[252,-378],[157,-489],[112,-1097],[232,-987],[-228,-723],[-150,-478],[148,-344],[325,-768],[495,-321],[358,387],[393,293],[106,-67],[215,42],[166,128],[298,104],[246,-45],[199,30],[155,43],[156,131],[211,204],[294,128],[199,-59],[301,-60],[180,0],[164,-54],[195,-189],[134,-312],[113,-322],[56,-221],[130,-149],[46,-72],[247,-254],[240,-232],[89,-42],[141,-17],[244,67],[276,113],[219,203],[221,454],[229,385],[190,664],[211,135],[171,-6],[136,-218],[138,-330],[200,-576],[276,-221],[214,166],[247,142],[274,101],[174,-2],[111,-62],[31,-114],[-16,-245],[-9,-161],[-72,-223],[-86,-131],[-148,-160],[-39,-277],[80,-373],[153,-510],[209,-648],[25,-170],[-7,-139],[66,-173],[175,-10],[218,-169],[213,-113],[269,-202],[228,-163],[161,-224],[155,-435],[89,-273],[103,-187],[150,-192],[181,-203],[105,-109],[44,-186],[-96,-129],[-91,-406],[25,-401],[11,-164],[-99,-730],[-19,-329],[319,-796],[108,-65],[91,-277],[166,-28],[129,86],[100,52],[106,73],[144,49],[53,122],[53,180],[4,188],[-125,28],[15,146],[36,152],[-98,136],[-125,2],[-141,-132],[-42,273],[-48,385],[-12,283],[-7,363],[19,286],[39,317],[53,281],[30,231],[3,241],[-28,330],[-17,344],[-47,447],[-30,307],[-27,326],[81,263],[263,174],[287,10],[233,-57],[206,-3],[174,73],[172,106],[171,232],[148,234],[97,64],[122,-181],[127,-194],[64,-196],[54,-78],[42,-133],[-118,-357],[-73,-389],[70,-410],[133,-442],[75,-317],[62,-100],[68,-26],[66,-71],[11,-60],[57,-214],[44,-208],[60,-185],[77,-297],[44,-316],[78,-377],[44,-115],[45,-263],[20,-621],[-22,-163],[-35,-154],[-180,-68],[-227,-140],[-263,-61],[-262,-51],[-218,-82],[-17,-1],[-243,-581],[-90,-427],[98,-655],[123,-87],[195,17],[401,116],[323,156],[203,-142],[139,-101],[105,-236],[-8,-468],[109,-135],[355,92],[316,73],[226,89],[307,88],[428,-147],[490,6],[246,46],[319,191],[260,63],[208,-3],[131,-145],[177,-148],[153,-36],[237,268],[117,192],[242,-44],[268,-294],[99,-462],[-65,-376],[-127,-280],[-211,-537],[6,-327],[54,-497],[134,-361],[110,-260],[37,-193],[-133,-83],[-128,139],[-159,19],[-59,-155],[-205,-160],[-156,-62],[-347,-189],[-363,-283],[-322,-202],[-469,-208],[-643,133]],[[60993,23948],[-11,70],[-5,96],[-18,66],[-35,28],[-25,34],[-2,24],[-43,48],[11,32],[-17,83],[-15,6],[-2,38],[-86,76],[-14,60],[-54,49],[-8,30],[-26,8],[-47,48],[-27,80],[-30,110],[-22,16]],[[60517,24950],[158,172],[86,378],[101,323],[68,286],[-9,394],[-162,225],[-305,87],[-271,51],[-225,86],[-245,161],[-310,55],[-192,-120],[85,-431],[-91,-402],[-328,-218],[-174,-200],[-229,-470],[27,-406],[-47,-263],[-19,10],[-119,-265],[-78,-258],[-266,-6],[-271,370],[-100,70],[-224,185],[-102,752],[-14,140],[34,179],[-33,445],[-84,171],[-110,54],[-114,-87],[-55,-51],[-103,39],[-218,408],[-124,401],[-29,221],[-70,214],[-166,161],[-191,-22]],[[55998,27789],[-9,16],[-17,-18],[-9,47],[-40,-20],[-39,65],[-13,-27],[-19,32],[-45,43],[-43,11],[7,36],[-24,66],[-32,22],[-9,29],[-41,37],[-16,56],[-15,-4],[-16,38],[-22,10],[-30,81],[-2,43],[-21,77],[-17,27],[-30,20],[-4,26],[-66,44],[-18,41],[-26,24],[-30,10],[-11,62],[-12,10],[-84,187],[-27,4],[-13,45],[-24,-1],[-18,39],[-8,70],[-24,13],[-31,47],[-80,13],[-44,59],[-28,10],[-34,55],[-35,21],[-18,40],[-33,136]],[[53400,29942],[-314,-1]],[[53086,29941],[18,228],[-6,329],[-57,332],[-4,255],[-120,196],[-229,388],[-206,472],[-143,443],[-150,176],[-210,248],[-258,362],[-349,111],[-200,61],[-111,134],[-93,86],[-178,-106],[-109,-296],[-12,-262],[108,-176],[211,13],[273,-1],[286,-165],[152,-277],[34,-429],[112,-441],[112,-412],[9,-204],[34,-225],[-19,-156],[-53,-206],[7,-180],[-6,-268],[44,-812],[-7,-189]],[[51966,28970],[-43,0]],[[48548,29571],[-306,189]],[[48242,29760],[88,184],[56,321],[25,303],[12,282],[-9,293],[-9,396],[68,399],[147,554],[82,525],[-28,455],[-93,259],[-127,224],[-142,336],[-111,383],[-254,373],[-284,48],[-196,109],[-193,-165],[-155,-286],[-85,-455],[25,-323],[-45,-215],[1,-429],[-21,-562],[203,-1007],[-80,-1321]],[[47117,30441],[-181,110],[-510,310],[-509,307],[-515,305],[12,34],[-11,26],[10,54],[-5,21],[8,75],[-9,52],[29,13],[38,86],[32,120],[-489,-66]],[[35361,55566],[2,8]],[[36943,66061],[-19,30]],[[36910,66114],[34,-1],[26,-40],[43,46],[9,48],[-21,40],[-29,27],[-37,51],[14,36],[-5,48],[-12,-9],[-13,51],[17,19],[17,67],[-25,9],[-30,39],[-33,11],[-22,-13],[-51,-85],[-16,-45],[-25,43],[31,103],[-24,16],[-13,28],[-29,-3],[-12,98],[-81,90],[47,55],[-2,40],[-21,24],[-30,-24],[-28,21],[1,21],[31,65],[9,-23],[42,-28],[16,34],[-20,27],[-8,34],[800,-3]],[[16570,99362],[1,-599],[-1,-485],[1,-108],[-1,-1385]],[[98854,122],[0,8]],[[98854,130],[0,-8]],[[99723,437],[0,0]],[[99730,436],[0,0]],[[99843,583],[0,-53]],[[99843,530],[-16,-40],[-65,-11],[16,-15],[-38,-25],[-4,19],[-48,-8],[-42,-26],[-30,23],[-9,60],[32,-1],[113,62],[5,18],[53,13],[33,-16]],[[98894,146],[-30,-31],[-10,19]],[[98854,134],[0,95],[-16,68],[-26,11],[-107,17],[-86,6],[-38,-2],[-106,6],[-109,1],[-112,10],[-127,21],[-117,1],[-83,-31],[-28,-25],[-48,-26]],[[97851,286],[-20,31]],[[98856,1277],[19,-17],[52,-7],[38,-31],[20,27]],[[98990,1267],[0,2]],[[99185,1223],[48,-15],[24,5],[41,-28]],[[99617,989],[0,0]],[[99880,885],[0,0]],[[99829,952],[0,0]],[[99911,898],[0,0]],[[99924,896],[0,-37],[-15,33],[15,4]],[[99880,930],[0,0]],[[99937,966],[28,-30],[-4,-55],[-23,7],[-1,21],[-28,9],[-5,-19],[-39,97],[25,-38],[47,8]],[[99995,945],[0,0]],[[99963,984],[0,0]],[[81407,18483],[0,0]],[[81390,18492],[0,0]],[[81439,18468],[0,0]],[[81376,18499],[0,0]],[[81417,18540],[0,0]],[[81497,18534],[-2,13]],[[81414,18555],[0,0]],[[81397,18554],[0,0]],[[81493,18555],[-2,15]],[[81398,18576],[0,0]],[[81479,18556],[0,0]],[[81408,18586],[0,0]],[[81454,18586],[0,0]],[[81508,18459],[-51,-56],[-22,-12],[-47,34],[-64,93],[-18,134],[27,-112],[18,-31],[13,3],[25,-48],[21,-5],[2,23],[26,-35],[25,21],[-4,24],[36,-32],[13,1]],[[81484,18612],[-3,18]],[[81451,18619],[0,0]],[[81442,18710],[0,0]],[[81476,18663],[-16,-9],[-11,55],[16,24]],[[81306,18683],[-28,76],[12,28],[16,-104]],[[81462,18754],[-4,21]],[[81371,18784],[0,0]],[[81345,18805],[0,0]],[[81348,18836],[0,0]],[[81358,18825],[0,0]],[[81329,18835],[0,0]],[[81442,18841],[11,-40],[-3,-69],[-20,9],[-18,97],[30,3]],[[81325,18874],[0,0]],[[81286,18884],[0,0]],[[81320,18893],[0,0]],[[81438,18862],[0,0]],[[81295,18893],[0,0]],[[81237,18930],[0,0]],[[81439,18899],[-2,11]],[[81292,18941],[0,0]],[[81276,18945],[0,0]],[[81304,18949],[0,0]],[[81436,18920],[-5,29]],[[81327,18965],[0,0]],[[81284,18805],[-30,87],[-13,68],[3,43],[21,-102],[18,-44],[1,-52]],[[81385,18977],[17,-57],[-2,-91],[16,-91],[13,-31],[9,-120],[15,-33],[-33,-8],[-16,115],[-13,66],[-15,29],[12,26],[-13,92],[-30,30],[-1,33],[-18,3],[27,42],[32,-5]],[[81343,18994],[-8,23],[21,-7],[-13,-16]],[[81308,19160],[0,0]],[[81315,19156],[0,0]],[[81257,19164],[0,0]],[[81291,19145],[0,0]],[[81296,19178],[0,0]],[[81317,19181],[0,0]],[[81267,19210],[0,0]],[[81231,19234],[6,-78],[9,-26],[-3,-94],[-10,-1],[-2,104],[-17,80],[17,15]],[[81307,19202],[0,0]],[[81325,19186],[0,0]],[[64807,21401],[0,0]],[[64875,21401],[0,0]],[[64743,20797],[-18,59]],[[64725,20856],[26,72],[3,57],[-21,45],[38,-35],[7,-37],[13,74],[21,58],[14,87],[25,37],[36,95],[40,81],[5,39],[-40,-5],[47,18],[16,-19],[-15,-28],[-55,-130],[-73,-216],[-69,-252]],[[64938,21458],[-44,-24],[5,22],[33,23],[6,-21]],[[64953,21516],[0,0]],[[64896,21569],[0,0]],[[64919,21584],[0,0]],[[64900,21623],[0,0]],[[64982,21656],[0,0]],[[65004,21680],[0,0]],[[64927,21647],[0,0]],[[64928,21721],[0,0]],[[65118,22039],[0,0]],[[80905,20294],[1,1]],[[80906,20295],[-1,-1]],[[65472,22334],[-97,-113],[-123,-174],[-116,-188],[-47,-91],[-94,-199],[-37,-121],[6,54],[26,76],[-4,38],[33,43],[18,65],[26,37],[-25,31],[33,107],[14,14],[4,60],[27,36],[26,15],[-16,11],[25,41],[31,-50],[22,-3],[20,40],[-14,67],[3,33],[26,33],[11,-27],[-2,-42],[20,-21],[-8,41],[13,38],[15,-6],[41,31],[21,31],[-11,8],[46,37],[11,57],[36,19],[-12,9],[40,22]],[[65459,22399],[-3,14]],[[65436,22451],[0,0]],[[65416,22478],[0,0]],[[65440,22492],[-1,10]],[[80626,21727],[-14,1],[3,83],[11,-84]],[[80629,21865],[-3,-56],[-11,16],[9,77],[5,-37]],[[80619,21913],[0,0]],[[80603,22154],[-11,-2],[-3,58],[12,-11],[2,-45]],[[81313,19567],[-19,-10],[-23,20],[-12,66],[-17,4],[-10,45],[-7,-41],[30,-35],[3,-41],[59,-67],[22,-87],[14,-81],[10,-129],[-21,-32],[-8,30],[15,27],[-13,36],[-24,-52],[-18,19],[-31,-8],[-7,58],[-10,-35],[-27,51],[-8,49],[18,46],[-22,-15],[3,-77],[-21,33],[26,-96],[-55,145],[1,23],[23,-41],[-53,178],[-20,24],[-19,53],[-4,-14],[18,-57],[28,-55],[13,-82],[-58,176],[-21,77],[-32,95],[-38,189],[-18,56],[-14,68],[22,-30],[-15,82],[-22,63],[-19,23],[26,-74],[4,-58],[-34,110],[-27,34],[6,55],[15,1],[11,-29],[2,83],[-8,16]],[[80927,20356],[21,58],[55,131],[97,111],[156,112],[86,70],[-8,136],[-81,165],[-52,162],[23,189],[-45,153],[-103,18]],[[81076,21661],[-7,28],[-16,-24]],[[81053,21665],[-14,3]],[[81039,21668],[-21,-1],[-26,-51]],[[80992,21616],[-51,-68]],[[80941,21548],[4,106],[-28,68],[-14,-11],[-38,13],[-22,-6],[4,30],[58,-7],[-14,24],[-28,6],[-42,64],[-27,-37],[1,51],[-41,36],[28,-79],[-26,-71],[67,10],[6,-29],[-92,-21],[-10,-38],[33,-36],[45,-20],[18,-39],[23,-19],[35,-3],[31,22],[-8,-35],[-50,-19],[20,-47]],[[80874,21461],[-10,-14]],[[80864,21447],[-7,31],[-22,2],[-3,-40],[21,-7]],[[80853,21433],[-94,-125],[-48,-26]],[[80711,21282],[-22,105],[12,68],[-17,-50],[-2,-36],[-24,10],[-21,51],[-26,19],[13,-39],[26,-30],[28,-50],[18,-56]],[[80696,21274],[-10,-6]],[[80686,21268],[-36,84],[-35,55],[-18,57],[-8,76],[12,114],[14,56],[-17,-144],[14,8],[39,204],[4,70],[21,116],[-10,12],[7,54],[-23,135],[28,-41],[4,-26],[14,41],[-19,1],[-30,46],[19,53],[11,-6],[22,67]],[[81739,20549],[80,-229],[109,-112],[80,-229],[105,-52],[25,62],[16,124],[-43,107],[-99,148],[-54,144],[-24,77],[-53,37],[-13,44],[-37,-9],[-50,13],[-42,-125]],[[70531,25126],[-47,43],[34,83],[17,14],[23,-13],[29,10],[10,53],[33,1]],[[80632,25794],[88,-75],[82,-19],[76,60],[33,78],[22,26],[-5,150],[-127,63],[-148,-8],[-46,-166],[25,-109]],[[70736,25521],[-61,-62],[-25,32],[24,26],[-3,29],[-24,3],[2,35],[27,77],[11,-33],[22,-7],[-1,75],[-14,32],[-28,-3],[-15,15],[-29,-9],[-12,-35],[-20,-2],[-30,22],[19,6],[-5,26],[-29,-14],[-10,-36],[5,-41],[-60,-33],[-84,-83],[-35,-53],[19,70],[-9,34],[-34,-8],[-13,-44],[-28,32],[-8,-22],[8,-43],[38,-59],[65,3],[8,-21],[-18,-14],[-20,-46],[31,-107],[30,19],[56,18],[22,-38],[-31,10],[-37,-47],[29,-4],[-15,-27],[-79,13],[-46,-18],[-61,-50]],[[69228,25602],[-64,17],[-73,-6],[-49,-25],[-29,-6],[-85,14],[-36,0],[-123,-25]],[[60517,24950],[-38,4],[-10,19],[-27,-3],[-24,80],[-32,17],[-53,-4],[-13,26],[9,55],[12,25],[-8,78],[2,44],[-20,10],[-14,-26],[3,-50],[-13,-50],[-27,34],[3,62],[10,53],[-17,44],[-36,-1],[-17,-14],[-12,60],[-2,46],[-24,30],[2,35],[-20,41],[19,24],[-10,15],[-37,-45],[-10,5],[-9,80],[-13,-4],[-42,-50],[-32,-9],[1,86],[-10,26],[-26,-37],[-3,-44],[-63,-13],[-22,-28],[-12,30],[-18,-22],[-16,24],[-19,-14],[-14,27],[-36,3],[-24,26],[-17,-22],[-27,26],[12,18],[-20,22],[0,-45],[-25,20],[-4,20],[-34,-25],[-28,6],[-19,-29],[-12,30],[-30,-3],[-7,34],[-15,6],[-3,-33],[-15,12],[-18,-17],[-20,12],[-8,-29],[-22,-11],[-21,14],[-41,0],[-27,19],[-30,51],[-16,6],[3,30],[-18,-10],[-66,31],[-10,35],[-21,-8],[-19,27],[-22,4],[-12,-41],[-9,17],[-26,-49],[-26,-179],[-51,31],[-52,0],[-2,17],[-37,-1],[4,-37],[-38,-44],[-21,55],[-6,-31],[-50,-25],[-11,-20],[-42,3],[-7,15],[-17,-48],[-13,-70],[6,-31],[-14,-13],[-39,-70],[0,-86],[-26,2],[2,-50],[-10,-3],[-7,-63],[-12,0],[-20,-44],[5,-83],[-14,-7],[-16,-84],[3,-44],[16,-28],[-36,-83],[4,-26],[-46,-16],[4,-32],[-13,-63],[2,-37],[-19,-62],[35,-34],[9,-49],[-20,-25],[-28,16],[-7,-54],[-30,-11],[-14,-25],[-16,22],[-28,-18],[0,-46],[-22,-67],[-19,-26],[-8,-37],[-36,-8],[-13,-80],[-11,16],[-9,-57],[7,-26],[-15,-32],[-4,-52],[-22,-5],[-19,-26],[-17,1],[-20,28],[-50,9],[-21,-17],[-15,30],[-19,-34],[-5,38],[-30,21],[3,42],[-23,-17],[-13,22],[15,29],[-19,7],[-11,-48],[-34,7],[-1,16],[-47,25],[-21,57],[-27,-6],[5,36],[-21,22],[-15,46],[-23,15],[-2,34],[-27,19],[-5,22],[-45,-11],[-14,23],[-44,-13],[-11,30],[-65,23],[-24,47],[-20,58],[-18,-22],[-8,22],[7,40],[-9,35],[-17,-13],[-14,30],[-14,-5],[-33,24],[-69,7],[-12,20],[-51,4],[-87,68],[-18,33],[-17,8],[-26,58],[-63,43],[-33,104],[-21,24],[5,48],[-25,14],[-5,33],[-32,39],[-46,18],[-9,19],[-23,-26],[-49,47],[-17,56],[-22,9],[-46,52],[-11,50],[-47,54],[-27,48],[-9,31],[14,20],[-16,17],[-7,89],[-18,24],[3,32],[-25,80],[-35,60],[12,17],[-16,13],[-10,53],[-29,49],[0,23],[-19,-2],[-12,80],[14,32],[-19,54],[1,81],[-15,15],[9,36],[-11,16],[15,48],[8,56],[-12,75],[11,22],[-4,90],[-16,53],[-4,66],[-26,49],[-20,2],[-10,26],[-1,45],[-38,68],[-18,18],[-11,32],[10,25],[-49,55],[0,53],[9,10],[-20,56],[-1,108],[-34,158],[-24,47],[-1,37],[-12,-8],[-51,33],[-11,97],[-25,54],[-40,-11],[-38,39],[-7,37],[-28,34],[1,30],[-33,18],[-20,-4],[5,32],[-19,2],[-16,33]],[[75487,31821],[9,-16],[129,210],[30,243],[-24,269],[-41,71],[-49,34],[-128,19],[-102,-22],[-106,-76],[-39,-205],[67,-111],[139,-38],[27,-224],[88,-154]],[[75920,29934],[109,-35],[216,2],[-23,169],[-98,218],[-86,151],[-99,117],[-127,111],[-73,194],[-55,211],[-11,304],[-42,43],[-132,-72],[-64,-248],[10,-221],[55,-329],[111,-191],[231,-237],[78,-187]],[[82846,31443],[0,0]],[[83404,31742],[7,6]],[[65026,33552],[-160,-14],[-211,120],[-59,191],[-16,193],[30,243],[15,143],[14,232],[39,124],[104,34],[231,-137],[236,-314],[90,-238],[-24,-142],[-32,-121],[-130,-183],[-127,-131]],[[53086,29941],[-413,2],[0,-970],[-221,-1],[-486,-2]],[[64975,35424],[-347,-73],[-117,88],[11,377],[68,344],[262,556],[147,289],[153,150],[153,-34],[97,-151],[45,-184],[-12,-299],[-18,-155],[-40,-203],[-26,-154],[-217,-216],[-159,-335]],[[85337,34404],[0,0]],[[85351,34442],[6,-18]],[[85357,34424],[-6,18]],[[78329,33368],[0,0]],[[78329,33368],[103,-43],[325,-118],[143,18],[347,-61],[228,26],[192,199],[30,159],[45,349],[103,217],[20,37],[103,139],[32,87],[108,230],[46,229],[30,192],[33,134],[44,292],[76,209],[107,163],[130,55],[136,-112],[39,-157],[39,-203],[-99,-140],[-12,-107],[26,-107],[20,-143],[30,-263],[14,-163],[-55,-91],[-115,-7],[-204,61],[-126,-46],[-90,-113],[-107,-150],[-42,-40],[-70,-139],[-27,-260],[-10,-265],[36,-180],[52,-40],[47,-68],[43,-87],[126,-109],[51,-37],[71,-20],[78,-42],[77,-82],[27,-40],[10,-66],[-3,-62],[-22,-94],[-38,-9],[-55,2],[-44,15],[-86,74],[-106,58],[-70,32],[-116,87],[-76,34],[-111,37],[-110,77],[-141,-1],[-169,-130],[-10,-348],[80,-200],[-38,-130],[-121,43],[-126,192],[-44,156],[-198,224],[-168,15],[-202,21],[-256,-33],[-88,-2],[-78,3],[-52,-17],[-46,71],[-21,156],[-7,109],[8,125],[26,144],[44,105],[57,31],[71,-9],[106,-73]],[[61256,34602],[-116,-20],[-49,34],[-176,353],[-131,307],[-17,980],[90,671],[108,234],[62,181],[64,133],[86,73],[162,84],[151,-55],[105,-142],[58,-99],[65,-155],[41,-160],[3,-289],[-5,-164],[-32,-90],[-104,-33],[-59,-66],[-102,-153],[-39,-233],[31,-146],[161,-171],[139,-115],[56,-157],[-32,-221],[-190,-286],[-168,-190],[-162,-105]],[[48242,29760],[-409,250],[-371,222],[-345,209]],[[47484,33295],[75,-34],[62,46],[52,63],[34,97],[57,59],[57,11],[50,-37],[-1,-127],[-38,-92],[6,-85],[16,-83],[50,-95],[64,-58],[22,-94],[4,-123],[25,-114],[46,-126],[69,-62],[65,-25],[62,31],[67,70],[35,56],[61,63],[49,119],[29,88],[46,112],[20,104],[6,203],[-122,269],[-133,257],[-78,147],[-164,191],[-99,58],[-135,37],[-114,24],[-117,15],[-93,2],[-72,-69],[-41,-99],[7,-162],[-9,-157],[-5,-179],[27,-219],[58,-82]],[[69896,41207],[-80,-136],[-83,-26],[-144,48],[-146,22],[-135,8],[-250,-96],[-75,3],[-60,75],[-15,156],[-5,143],[26,135],[96,169],[111,143],[162,147],[110,48],[191,15],[199,-20],[194,-220],[2,-181],[-25,-165],[-38,-125],[-35,-143]],[[85768,34534],[-55,6],[-15,17],[4,28],[-24,35],[12,-44],[-32,-39]],[[85658,34537],[-10,192],[-32,118],[-48,85],[-117,110],[-181,-11],[-15,-22],[31,-199],[-26,-51],[50,-218],[37,-89]],[[85347,34452],[-23,-13],[-13,-27],[-11,36],[28,28],[-24,2],[-14,-23],[-41,-35],[40,18],[6,-28],[25,-14],[-129,-72],[-58,-50]],[[85133,34274],[-62,314],[-109,111],[-52,254],[-63,184],[-193,-16],[-169,-169],[-72,-214],[-22,-20],[-84,-283],[-122,-339],[-24,-217],[20,-40],[76,-1],[139,26],[235,-51],[40,38],[16,43],[71,165],[60,23],[52,-15],[17,7],[65,-47]],[[84952,34027],[-45,-68],[-87,-177],[-21,-65],[-45,-77],[-34,-82],[-51,-162],[-9,-94],[-26,-12],[13,-54]],[[84605,33214],[-41,-2],[-14,-12],[-20,14],[2,72],[12,-16],[24,115],[52,97],[8,36],[-34,-52],[-54,-122],[2,62],[-9,-53],[-27,-92],[0,-58],[9,-37]],[[83412,31764],[-30,17],[-6,-33],[16,-6]],[[83299,31743],[-14,0]],[[83263,31744],[24,22],[15,47],[-32,27],[22,-36],[-11,-26],[-19,1],[-5,-35]],[[83002,31522],[-46,33],[-17,0],[40,-31],[9,-20]],[[82845,31351],[-7,64],[18,17],[9,43],[-35,-4],[-10,45],[-17,28],[-27,19],[0,-17],[27,-39],[13,-91],[-10,-10],[17,-56]],[[84046,40223],[-151,-10],[-71,-22],[-120,-6],[-110,4],[-31,-17],[-19,-47],[-16,-186],[2,-135],[35,-160],[70,-192],[105,-211],[86,3],[108,46],[122,-35],[32,26],[49,101],[18,87],[51,54],[50,36],[40,20],[29,66],[200,69],[83,139],[45,10],[127,-65],[331,73],[109,23],[20,72],[13,71],[9,150],[-55,40],[-133,50],[-93,46],[-42,194],[-54,171],[79,329],[126,332],[-4,213],[-154,55],[-386,-154],[-92,-102],[-117,-493],[-189,-495],[-36,-146],[-66,-4]],[[85841,39822],[12,-180],[117,-336],[85,26],[123,102],[8,209],[46,155],[72,112],[103,124],[-38,137],[-51,73],[-73,11],[-213,-34],[-100,-103],[-81,-219],[-10,-77]],[[86237,37238],[52,-45],[82,-2],[43,49],[21,125],[29,141],[24,240],[-23,109],[-41,54],[-47,27],[-90,-15],[-74,-84],[-42,-110],[-9,-150],[49,-256],[26,-83]],[[82611,31839],[18,-17],[57,40],[80,118],[135,51],[131,31],[48,83],[0,266],[-8,236],[-154,-26],[-87,-68],[-84,-45],[-82,-59],[-38,-65],[-2,-82],[7,-263],[-33,-134],[12,-66]],[[75459,58101],[-5,27],[24,-33],[58,82],[-6,-28],[23,-4],[36,-102],[56,-50]],[[75659,57985],[-21,31],[-41,33],[-6,21],[2,96],[-24,36],[10,51],[18,41],[24,96],[33,66]],[[75816,58351],[-5,-52],[17,-47],[-47,-49],[11,-70],[-64,-52],[-22,-76],[-12,-9]],[[75479,58526],[0,0]],[[75394,58565],[0,0]],[[94486,55262],[0,0]],[[94531,55495],[-21,-24],[-1,25],[22,-1]],[[94576,55506],[0,0]],[[94543,55511],[-24,2],[17,41],[7,-43]],[[94516,55577],[15,-8]],[[94531,55569],[-15,8]],[[94482,55595],[11,-5]],[[94493,55590],[-11,5]],[[95954,55862],[12,48],[8,-5],[-20,-43]],[[95958,55961],[8,-19],[-26,-14],[5,44],[13,-11]],[[96114,56002],[0,0]],[[70434,62214],[-12,-2]],[[70422,62212],[12,2]],[[71976,62715],[-35,11]],[[71941,62726],[35,-11]],[[72043,62694],[-14,4]],[[72029,62698],[-2,32],[25,-19],[-9,-17]],[[71896,62739],[-39,13]],[[71857,62752],[20,35],[19,-48]],[[95958,56947],[-13,5]],[[95945,56952],[-16,27],[16,25],[-7,42],[11,27],[20,-1],[3,25],[20,-48],[-26,-48],[-8,-54]],[[72005,62768],[0,0]],[[72266,62759],[-30,-46],[-38,-24],[12,54],[0,46]],[[72105,62709],[-12,2],[-14,70],[33,-48],[-7,-24]],[[71989,62812],[-16,-14],[-10,-44],[-13,5],[5,49],[34,4]],[[72068,62865],[-7,4]],[[71914,62848],[0,0]],[[95982,57181],[-21,32],[9,25],[16,-25],[-4,-32]],[[96837,57020],[0,0]],[[96797,57078],[-20,11],[18,40],[9,-28],[-7,-23]],[[96807,57131],[0,0]],[[96089,57352],[-7,-6],[-18,56],[4,69],[16,-7],[18,-68],[-13,-44]],[[96794,57179],[-9,6],[9,42],[11,-13],[-11,-35]],[[96917,57074],[-3,-44],[-21,8],[3,-44],[-25,-17],[-12,29],[2,81],[-22,7],[-3,-33],[-16,68],[-10,96],[15,39]],[[96810,57294],[-28,6],[9,17],[-28,27],[3,-60],[-30,-11]],[[96736,57273],[1,12]],[[96737,57285],[2,8]],[[96739,57293],[-5,15]],[[96734,57308],[-24,74],[-41,42],[-9,28],[4,35],[21,11],[31,-16]],[[65013,60620],[356,-16],[133,130],[38,365],[-15,549],[137,623],[-30,177],[-222,-112],[-156,-66],[-219,-100],[-358,-108],[-376,-88],[-276,-140],[-301,-260],[148,-187],[285,-291],[283,-292],[387,4],[186,-188]],[[96700,57345],[-16,18],[-28,-2]],[[96656,57361],[-15,18],[-20,-12],[-18,44],[-16,1],[-2,-29],[14,-40]],[[96599,57343],[-41,-36]],[[96558,57307],[-11,-9]],[[96547,57298],[-78,-68]],[[96469,57230],[7,54],[-2,51],[-10,13],[-4,-43],[-35,19],[-8,-12],[19,-86],[-9,-30]],[[96427,57196],[-14,-10]],[[96413,57186],[7,44],[-11,10],[-15,-67]],[[96394,57173],[-28,-20]],[[96366,57153],[-2,-1]],[[96364,57152],[-29,-20]],[[96335,57132],[-36,13],[15,-28]],[[96314,57117],[-182,-129]],[[96132,56988],[-11,-7]],[[96121,56981],[-7,-4]],[[96114,56977],[-15,-9]],[[96099,56968],[0,-1]],[[96099,56967],[-9,-5]],[[96090,56962],[-17,-10]],[[96073,56952],[-3,-2]],[[96070,56950],[-40,-8]],[[96030,56942],[12,22],[-10,20],[6,36],[31,32],[0,25],[26,-44],[11,42],[-18,20],[26,65],[9,-19],[63,-38],[8,-41],[18,-1],[-2,28],[-36,41],[-8,27],[-19,10],[1,49],[17,30],[-22,22],[-13,-71],[-35,-20],[-7,-46],[-27,-7],[9,-19],[-31,-23],[-3,32],[8,71],[12,3],[19,68],[12,72],[18,29],[22,101],[-22,-20],[-12,43],[-39,21],[-21,61],[-26,30],[34,137],[-19,-58],[-20,-35],[-9,-78],[25,-9],[37,-72],[-4,-144],[-31,-32],[12,-29],[19,-5],[-56,-45],[13,74],[-31,-38],[-19,2],[-3,-31],[-25,2],[-27,-50],[-54,2],[14,-62],[-8,-16],[34,-39],[9,-45],[-4,-49]],[[95894,56973],[-22,9],[-154,38],[-131,66],[-85,-42],[-94,-95],[-78,-29],[-100,-64],[-97,0],[-87,17],[-73,-61],[-35,-127],[-28,-144],[-70,-190],[-192,-281],[-155,-266],[-23,-155]],[[94470,55649],[-11,-6],[3,-79],[15,-26],[-49,-61],[27,-4],[24,41],[31,-73],[-12,-50],[16,-26],[5,-45],[-25,0],[-32,-30],[-27,19],[-24,-20],[-22,-53],[-6,59],[-14,13],[-3,-43],[-16,-11],[-34,-75],[1,-71],[17,-62],[25,29],[14,-9],[-39,-29],[-29,-62],[-24,-17],[-19,-46]],[[96697,57516],[-34,-9],[-41,-45],[12,-38],[35,-19],[37,-36],[-6,-24]],[[70409,62209],[-159,-31],[-565,-217],[-248,-439],[24,-422],[24,-27],[4,-68],[43,-547],[-70,-350],[-6,-203],[66,-86],[212,124],[157,235],[122,101],[230,-8],[191,-171],[603,-211],[274,-114],[61,-101],[171,-85],[304,10],[371,58],[263,87],[223,-66],[313,-48],[351,28],[471,87],[104,61],[296,5],[280,41],[285,-72],[138,-84],[112,-176],[124,-116],[96,-86],[115,-185],[120,-22],[3,124],[-56,117],[-49,184],[-172,236],[-78,90],[-115,127],[-119,319],[-131,222],[-178,146],[-274,15],[-577,77],[-233,47],[-205,-3],[-283,166],[-227,116],[-97,327],[7,605],[-12,17]],[[72713,62043],[44,64],[25,19],[109,162],[58,39]],[[75576,59162],[-7,-36],[-27,-37],[-5,-48],[-31,-45],[-81,-167],[-48,-52],[-19,-42],[-12,-75],[17,-35],[-20,4],[25,-34],[-19,-17],[-16,-55],[-4,-133],[-6,-22],[-28,-23],[-36,6],[-38,-6]],[[72725,64943],[38,-41],[23,5],[17,-31],[29,-24],[26,-4],[48,29],[18,37],[15,-9],[34,17],[56,-8],[9,-19],[55,2],[20,-14],[33,23],[9,-20],[33,-22],[33,15],[49,2],[-75,-26],[-40,-22],[-24,19],[-23,-25],[3,-51],[-17,23],[-29,-12],[3,-25],[-28,-19],[-47,-58],[-42,-39],[-63,-36],[-83,-31],[-28,-46],[-28,-8],[-30,-29],[-44,-17],[-132,-62],[-21,-21],[-138,-43],[-24,-31],[-105,-23],[-23,-27],[-73,-24],[-84,-76],[-50,-22],[-41,-45],[-34,-14],[-64,-55],[-70,-78],[-102,-106],[-83,-95],[-26,-37],[-61,-56],[-18,-37],[-25,-21],[-69,-104],[-15,-46],[-45,-77],[-34,-37],[-30,-47],[-1,-18],[-32,-31],[-40,-54],[-24,-49],[-46,-43],[-38,-77],[-24,-35],[-26,-12],[-58,-66],[-31,-17],[-15,-35],[-42,-44],[-3,-31],[-77,-59],[-90,-135],[-34,-36],[-21,4],[-19,-25],[-98,-94],[-24,-32],[-55,-39],[-100,-115],[-1,-43]],[[72723,62058],[0,0]],[[72727,62064],[0,0]],[[72728,62065],[0,0]],[[72729,62066],[0,0]],[[72748,62095],[0,0]],[[72754,62099],[0,0]],[[72767,62110],[0,0]],[[72800,62149],[0,0]],[[72803,62152],[0,0]],[[72806,62155],[0,0]],[[72810,62160],[0,0]],[[72817,62173],[0,0]],[[72823,62180],[0,0]],[[72825,62185],[0,0]],[[72826,62187],[0,0]],[[72833,62199],[0,0]],[[72836,62204],[0,0]],[[72838,62207],[0,0]],[[72839,62209],[0,0]],[[72850,62225],[0,0]],[[72853,62230],[0,0]],[[72855,62233],[0,0]],[[72871,62257],[0,0]],[[72873,62260],[0,0]],[[72876,62264],[0,0]],[[72877,62266],[0,0]],[[72880,62268],[0,0]],[[72882,62273],[0,0]],[[72885,62277],[0,0]],[[72887,62280],[0,0]],[[72889,62282],[0,0]],[[72890,62283],[0,0]],[[72893,62285],[0,0]],[[72895,62287],[0,0]],[[72897,62290],[0,0]],[[72900,62294],[0,0]],[[72901,62295],[0,0]],[[72906,62298],[0,0]],[[72908,62299],[0,0]],[[72921,62307],[0,0]],[[72922,62308],[0,0]],[[72923,62309],[0,0]],[[72925,62310],[0,0]],[[72930,62313],[0,0]],[[72932,62314],[0,0]],[[72939,62319],[0,0]],[[72941,62321],[0,0]],[[72945,62323],[0,0]],[[72949,62326],[0,0]],[[65434,22524],[-36,-47],[3,18],[-31,16],[-21,-7],[-16,38],[6,58],[-7,62],[-41,16],[-6,16],[-38,-38],[-9,-109],[5,-53],[-20,-71],[29,-118],[-8,-28],[-21,-7],[-39,-60],[-46,-51],[22,-16],[-18,-44],[-26,-25],[1,41],[-35,-49],[-46,-13],[-37,24],[-16,-45],[7,-26],[-12,-22],[6,-131],[-14,21],[-5,-27],[-33,-106],[-17,-9],[-70,-197],[-29,-54],[-12,-66],[-16,-12],[-47,35],[23,-2],[5,32],[-20,4],[-8,37],[-22,25],[-52,-18],[-48,-43],[-27,-52],[-17,-101],[30,-82],[22,-33],[40,-31],[73,-38],[-15,-20],[-7,-62],[-11,2],[-20,-86]],[[64687,20970],[-19,51],[-101,254],[-14,154],[91,443],[128,562],[137,354],[160,317],[72,409],[87,282],[53,440],[15,632],[-25,264],[-78,349],[-205,216],[-177,-180],[-121,-237],[-169,-358],[132,-355],[202,-251],[12,-143],[-21,-290],[-181,-21],[-119,174],[-165,148],[-205,-61],[-191,-266],[-143,-279],[-74,-256],[114,-164],[97,-165],[124,-195],[-58,-274],[-99,-227],[-100,265],[-66,333],[-142,183],[-173,-1],[-197,-166],[-212,74],[-54,-242],[2,-429],[-54,-147],[-27,-264],[-3,-616],[-79,-543],[196,-400],[137,-414],[46,-326],[104,-21],[66,64],[161,25],[54,-26],[26,-74],[10,-91],[54,-75],[48,-235],[31,-127],[9,-59],[-7,-206],[-31,-172],[-21,-172],[-52,-197],[-56,-224],[-54,-210],[-8,-62]],[[63554,17742],[-10,24],[-2,59],[-25,-14],[-1,31],[-31,-26],[-20,49],[-40,45],[-1,51],[-19,5],[-51,-33],[-6,37],[-14,-11],[-19,42],[-22,-37],[-2,27],[-21,4],[4,34],[-27,9],[-14,-22],[-4,26],[-30,3],[17,-35],[-30,-20],[-27,63],[-34,11],[18,19],[-28,39],[-22,-1],[-14,23],[23,-4],[-2,43],[-33,-1],[-24,21],[-14,69],[-23,6],[-14,-18],[-49,11],[-16,-22],[-8,29],[-24,16],[-8,33],[-11,-48],[-14,7],[-2,47],[-22,10],[-38,-17],[-13,37],[-22,5],[-36,-32],[-39,59],[-3,20],[20,72],[0,27],[-31,90],[-54,42],[8,65],[-15,40],[3,79],[-21,26],[-18,116],[0,56],[-39,81],[3,61],[-22,62],[-14,80],[-9,19],[-34,20],[-14,52],[4,38],[-8,25],[-47,25],[-21,56],[13,30],[-36,93],[-32,6],[-9,101],[23,50],[-14,36],[11,51],[-9,49],[13,55],[-9,68],[-11,31],[4,50],[-17,42],[-32,-14],[-11,22],[5,72],[-46,10],[1,41],[23,10],[5,52],[15,50],[7,61],[-9,47],[3,54],[14,61],[-19,40],[-33,0],[6,94],[10,39],[-17,34],[-14,60],[-16,15],[-15,-21],[-18,4],[9,29],[-22,47],[-33,0],[-8,-30],[-31,13],[-4,55],[-29,19],[-19,-26],[-67,161],[-34,18],[-10,72],[-37,-11],[-8,60],[-30,8],[0,81],[-31,82],[13,44],[-5,34],[-24,24],[-20,52],[7,65],[-6,19],[-40,10],[-36,90],[-9,78],[-36,36],[-7,52],[-31,84],[-59,45],[-33,11],[-46,49],[-13,84],[-34,6],[-42,86],[1,82],[-28,70],[-37,113],[13,71],[-3,33],[-26,43],[-5,29],[29,12],[5,32],[-54,28],[-29,64],[17,85],[-38,30],[-18,29],[0,62],[-25,8],[-33,40],[-12,69],[4,93],[-27,45],[-4,100],[-15,47],[-30,8],[2,38],[-20,34],[-11,80],[-33,5],[3,33],[-23,68],[1,110]],[[42665,67029],[297,-1],[610,2]],[[42142,63462],[273,-26],[149,46],[129,78],[214,355],[98,77],[73,-22],[62,-87],[63,-142],[70,-90],[57,23],[-1,150],[-99,413],[-61,149],[-125,88],[-532,52],[-64,-125],[-87,-309],[-163,-263],[-20,-146],[-56,-140],[20,-81]],[[40772,59176],[-235,-287],[-313,-299],[-284,-258],[-65,-68],[-95,-62],[-259,-74],[-448,-12],[-699,-76],[-280,-73],[-189,-216],[-118,-204],[-136,-109],[-124,-62],[-202,-153],[-311,-217],[-162,-272],[-199,-229],[-39,-353],[51,-241],[63,-233],[48,-220],[84,-174],[163,-195],[270,-11],[350,394],[217,227],[322,160],[519,178],[165,55],[597,197],[365,127],[306,-138],[428,-372],[273,-126],[128,44],[147,182],[245,338],[328,450],[230,750],[122,717],[7,187],[23,89],[42,403],[-100,324],[-157,254],[-34,400],[-74,229],[-136,114],[-174,7],[-162,-133],[-172,-200],[-126,-201],[-69,-261],[-131,-297]],[[44917,54666],[-211,-170],[-167,-94],[-251,-72],[-352,-46],[-265,-56],[-204,-120],[-97,17],[-198,-102],[-91,-86],[-256,-249],[-156,-300],[-114,-269],[-100,-271],[-100,-281],[-23,-219],[-10,-227],[-24,-276],[22,-371],[41,-339],[121,-260],[126,-59],[144,-16],[110,79],[118,121],[96,85],[161,16],[102,-96],[282,-33],[244,-99],[203,-38],[201,-134],[144,-346],[106,-300],[253,-34],[131,28],[226,65],[171,84],[257,93],[285,145],[233,396],[91,239],[129,215],[119,155],[196,123],[194,3],[162,-32],[155,79],[95,89],[117,102],[112,65],[102,-86],[180,-135],[343,129],[334,151],[80,367],[-69,128],[2,15],[-56,110],[-5,102],[20,130],[181,178],[73,307],[23,124],[20,22],[234,102],[249,81],[130,208],[58,426],[14,219],[30,290],[15,366],[1,200],[-11,217],[-26,437],[-70,148],[-120,111],[-267,111],[-240,36],[-347,2],[-240,-42],[-143,-35],[-221,-35],[-180,-76],[-141,-128],[-114,-77],[-52,-247],[-76,-440],[-113,-403],[-221,-245],[-237,-78],[-165,4],[-214,-3],[-84,14],[-267,216],[-200,128],[-117,47],[-163,-18],[-277,-128],[-181,-154]],[[48487,43817],[264,-90],[290,-40],[351,51],[289,66],[117,57],[52,89],[21,98],[10,149],[-82,404],[173,185],[44,80],[73,35],[196,105],[497,214],[434,244],[220,165],[120,-37],[96,-210],[49,-195],[185,-266],[106,-58],[147,4],[120,-25],[110,-33],[85,12],[95,167],[107,180],[108,67],[136,182],[98,3],[174,85],[124,-60],[63,-227],[20,-227],[32,-499],[18,-418],[44,-267],[127,-83],[128,-103],[76,-114],[88,-121],[36,-193],[36,-176],[185,-359],[56,-76],[48,-85],[148,-160],[88,-64],[50,-95],[-8,-112],[4,-230],[28,-234],[-18,-204],[220,-421],[240,-369],[234,-569],[386,-224],[277,-146],[242,-75],[191,-190],[132,-526],[104,-117],[231,-200],[221,-105],[262,-62],[183,-84],[173,187],[247,258],[114,190],[78,116],[131,135],[128,32],[112,87],[12,386],[61,142],[50,173],[-14,202],[-131,138],[-79,142],[-57,229],[-239,-102],[-298,-519],[-265,-187],[-157,-78],[-176,108],[-36,162],[19,191],[86,354],[156,225],[-59,219],[-88,94],[-210,58],[-62,90],[-33,149],[37,217],[-24,53],[-432,52],[-55,-14],[36,201],[51,56],[92,177],[63,199],[103,273],[-54,230],[-177,611],[-234,620],[-38,538],[-129,131],[-92,-5],[-113,-137],[-104,-43],[-313,-74],[-298,201],[-8,231],[191,258],[215,163],[172,121],[144,108],[185,111],[165,372],[-11,100],[3,96],[-19,107],[-109,48],[-57,17],[-128,-55],[-62,-11],[-101,-1],[-177,75],[-140,43],[-90,112],[-62,159],[-16,122],[-8,114],[8,153],[42,95],[44,66],[53,56],[95,34],[39,-3],[21,-47],[54,-159],[46,-79],[58,-30],[82,44],[112,42],[210,53],[195,30],[55,33],[38,46],[-2,167],[19,76],[73,-4],[202,11],[-4,188],[-34,56],[-94,174],[-198,547],[-176,318],[-4,247],[88,474],[-71,227],[-87,63],[-21,71],[30,291],[199,298],[282,157],[67,335],[-86,345],[-226,301],[-389,171],[-425,-41],[-60,46],[-3,-396],[-90,-386],[-243,-153],[-179,-131],[79,-420],[197,-376],[44,-262],[216,-533],[173,-319],[176,-252],[-9,-398],[-217,-331],[-186,1],[-93,174],[-110,177],[-250,191],[-91,-27],[-261,51],[-91,60],[-59,8],[-156,178],[-177,53],[-222,5],[-185,21],[-147,46],[-97,-1],[-206,-100],[-124,-159],[-17,-198],[-50,-193],[45,-297],[83,-250],[126,-202],[27,-173],[-73,-145],[-127,-19],[-125,-36],[-210,-283],[-153,-270],[-110,-171],[-170,-66],[-431,116],[-187,136],[-134,7],[-103,-69],[-157,-82],[-354,-228],[-251,-167],[-136,-75],[-371,-32],[-318,19],[-316,18],[-322,19],[-182,239],[-93,349],[-120,349],[1,243],[73,223],[-1,203],[-80,147],[-149,217],[-119,108],[-139,129],[-167,147],[-99,223],[-191,753],[-69,243],[-54,150],[-118,378],[-192,265],[-373,-30],[-170,-1136],[23,-1275],[-158,-927],[-264,-526],[37,-546],[72,-211],[272,-478],[275,-171],[199,-107],[162,-184],[112,-221],[63,-180],[122,-227],[148,-171],[154,-121],[85,-37]],[[57101,50361],[109,-158],[178,-151],[175,-167],[117,9],[62,38],[21,24],[86,59],[105,99],[178,125],[179,106],[184,-18],[115,43],[68,142],[-4,177],[-99,85],[-93,118],[-132,47],[-37,-6],[48,345],[-111,74],[-145,144],[-101,78],[10,142],[116,153],[161,133],[58,131],[68,99],[18,92],[-150,303],[-13,129],[81,204],[46,209],[-55,184],[-146,91],[-130,33],[-199,-92],[-154,-255],[-11,-209],[-64,-134],[-97,-116],[-139,-31],[-182,16],[-132,-46],[-86,-208],[50,-918],[36,-527],[14,-546],[-3,-50]],[[54780,52660],[165,134],[216,11],[202,68],[16,73],[31,231],[-25,226],[-126,195],[-198,-65],[-252,-197],[-340,-258],[-302,-192],[-64,-17],[-120,-357],[62,-124],[175,-45],[199,-74],[196,260],[165,131]],[[56340,45096],[86,-315],[100,-209],[128,-71],[199,74],[177,322],[36,154],[-65,176],[-81,188],[-157,159],[-142,15],[-215,-38],[-107,-118],[-33,-70],[7,-1],[67,-266]],[[60204,39142],[15,-89],[-27,-312],[-144,-242],[-123,205],[-84,40],[-126,-28],[-67,-144],[37,-400],[87,-175],[112,-552],[96,-316],[-16,-168],[-124,-65],[-207,-22],[-199,98],[-239,245],[-174,241],[-162,289],[-199,213],[-194,-114],[24,-341],[167,-334],[192,-266],[239,-129],[218,-143],[203,-93],[-26,-263],[66,-241],[100,-244],[152,-32],[173,51],[121,173],[44,-161],[-43,-194],[146,-394],[-44,-202],[-94,-255],[68,-426],[179,-212],[57,-70],[34,-55],[2,-73],[-15,-139],[-326,-464],[25,-361],[254,-242],[258,-32],[190,108],[227,147],[308,182],[146,30],[148,-320],[47,-271],[58,-337],[62,-254],[97,-241],[-18,-329],[104,-219],[154,97],[156,280],[198,117],[199,-45],[212,-200],[224,-379],[96,-434],[109,-11],[12,439],[-104,353],[-223,298],[-282,213],[-272,163],[-222,166],[-15,243],[-137,316],[-222,83],[-187,279],[-27,171],[42,140],[136,163],[266,-78],[349,-28],[353,-101],[254,-85],[242,-109],[175,-191],[85,-192],[129,-156],[135,-84],[95,-195],[39,-261],[48,-232],[-63,-234],[-129,-288],[-181,-235],[-136,-274],[-77,-293],[1,-173],[81,-135],[165,52],[203,236],[119,93],[217,160],[199,15],[227,335],[187,191],[131,-23],[68,-56],[4,-132],[72,-275],[80,-212],[32,-208],[21,-253],[82,-270],[95,-24],[74,142],[20,233],[59,407],[62,305],[140,267],[127,235],[55,139],[-5,43],[50,170],[4,159],[-30,141],[-55,100],[-249,-59],[-64,149],[-75,307],[138,88],[97,-7],[128,71],[84,-1],[85,-15],[206,3],[72,-80],[125,-396],[121,-219],[235,-170],[179,-100],[307,-39],[185,-345],[-13,-454],[-228,-190],[-189,-225],[66,-407],[225,-199],[139,160],[295,123],[327,185],[212,464],[84,306],[-95,328],[-96,246],[-115,361],[-104,425],[-170,-12],[-187,265],[42,161],[171,206],[133,207],[-38,196],[-180,85],[-368,414],[-32,466],[47,52],[-5,228],[-72,181],[-192,122],[-132,106],[-195,110],[-232,199],[-94,82],[-152,113],[-65,91],[-52,120],[-42,128],[-58,86],[-73,138],[-70,108],[-64,149],[-58,65],[-75,134],[-37,192],[-49,204],[-29,179],[-35,172],[-8,175],[-18,181],[-24,203],[-28,90],[-31,128],[-55,112],[-88,36],[-95,100],[-80,155],[-77,174],[-110,173],[-98,131],[-136,157],[-108,193],[-129,58],[-138,42],[-172,25],[-160,108],[-126,415],[-59,142],[-175,176],[-385,205],[-261,109],[-97,-97],[-74,-122],[-79,-190],[-53,-186],[-49,-240],[-89,-115],[-101,-20],[-58,36],[-365,530],[-68,-68],[2,-183],[23,-53],[156,-123],[14,-51],[-22,-74],[-97,-221],[-88,-209],[-129,-215],[-66,-50],[-82,0],[-105,-38],[-60,-86],[-158,-191],[-176,-71],[-151,-32],[-110,11],[-71,62],[16,151],[57,140],[64,145],[-2,222],[-73,263],[-130,529],[-4,142],[-24,27],[-28,169],[-147,260],[-178,131],[-247,21],[-204,-164],[-45,-324],[0,-280],[30,-313],[149,-559],[40,-245]],[[67593,36476],[118,-12],[118,72],[62,59],[61,69],[92,43],[84,32],[123,-27],[146,-101],[89,-109],[111,-80],[38,-89],[144,41],[43,67],[7,30],[125,69],[323,113],[122,61],[137,50],[86,3],[38,-12],[384,-85],[124,-52],[125,-83],[89,-252],[35,-335],[107,-355],[58,-63],[45,-40],[72,-16],[83,-35],[55,-41],[74,-81],[468,-627],[-7,-53],[-60,-54],[-33,-11],[-202,-168],[-170,-192],[-150,-36],[-109,12],[-220,38],[-129,72],[-41,-88],[-53,-444],[20,-226],[16,-139],[57,-306],[81,-74],[43,-67],[92,-46],[82,-22],[35,12],[37,94],[46,85],[52,50],[41,28],[53,-18],[133,-76],[57,-91],[230,-76],[111,137],[93,109],[103,-124],[234,-62],[84,-36],[95,-23],[109,8],[103,39],[159,86],[178,82],[119,160],[55,178],[35,183],[19,203],[4,168],[-1,142],[-18,57],[-43,35],[-56,-1],[-156,6],[-110,52],[-194,137],[-183,144],[-168,224],[-43,193],[-57,324],[-99,360],[-86,224],[-88,213],[-99,273],[-77,236],[-48,198],[-20,119],[-43,184],[-49,196],[8,256],[40,218],[43,213],[12,144],[-6,13],[83,93],[75,270],[111,123],[81,82],[26,48],[-2,55],[-52,150],[-86,101],[-60,48],[-55,51],[-59,69],[-53,129],[-35,163],[-33,125],[-143,239],[-162,90],[-116,-8],[-125,-135],[0,-104],[45,-146],[11,-194],[-3,-60],[54,-55],[33,-114],[-48,-97],[-21,-299],[-7,-194],[98,-277],[35,-115],[39,-275],[5,-62],[-21,-168],[-40,-225],[-123,-154],[-146,-101],[-119,-134],[-113,81],[-180,59],[-92,19],[-86,-31],[-137,-26],[-214,235],[-41,40],[-273,214],[-108,20],[-45,188],[-72,101],[-50,54],[-152,178],[-163,122],[8,136],[-3,156],[30,253],[39,198],[66,186],[133,151],[67,248],[63,242],[24,176],[78,13],[178,191],[41,84],[143,40],[408,-23],[149,100],[146,41],[164,67],[47,207],[-2,167],[6,155],[47,123],[37,56],[70,49],[78,43],[45,109],[23,134],[-18,164],[-39,141],[-47,152],[-46,119],[-57,116],[-40,71],[-46,143],[-16,145],[-7,247],[-12,98],[-27,89],[-55,61],[-102,37],[-129,-21],[-145,-63],[-120,-65],[-91,-45],[-106,-42],[-147,-81],[-68,-65],[-180,-210],[-81,-82],[-118,-136],[-79,-107],[-87,-107],[-77,-77],[-144,-68],[-100,33],[-122,37],[-119,-24],[-200,-105],[-155,-101],[-123,-119],[-94,-288],[-75,-256],[-129,-115],[-180,-242],[-136,-202],[-117,-453],[-27,-242],[26,-298],[115,-191],[313,-114],[152,-136],[40,-743],[-63,-147],[-99,-60],[-180,-45],[-318,-8],[-183,-78],[-138,-110],[-22,-244],[-27,-120],[-7,-168],[-10,-151],[1,-146],[13,-257],[82,-150],[117,-139],[177,-90],[330,-73],[149,-30]],[[71774,38652],[108,-67],[90,2],[80,46],[33,74],[-45,89],[40,167],[95,97],[68,145],[22,163],[-3,76],[-111,49],[-117,-10],[-139,-97],[-92,-77],[-96,-176],[-2,-207],[28,-144],[41,-130]],[[72328,38711],[-97,-233],[-63,-245],[-167,-231],[-142,-7],[-208,11],[-231,-24],[-54,-96],[6,-103],[77,-94],[153,-97],[176,-73],[119,-71],[190,-143],[224,-152],[75,-36],[63,68],[29,175],[55,144],[227,178],[233,37],[149,112],[150,120],[80,284],[-18,311],[-129,216],[-185,79],[-77,37],[-84,63],[-228,0],[-254,-104],[-69,-126]],[[74308,37313],[202,-41],[230,-11],[153,33],[160,60],[89,131],[12,171],[-32,134],[-75,119],[-150,72],[-158,9],[-190,7],[-278,-66],[-126,-142],[-25,-140],[78,-201],[110,-135]],[[76599,37637],[50,-34],[61,5],[27,17],[51,66],[30,112],[-6,91],[-11,57],[-18,45],[-42,56],[-72,15],[-65,-19],[-47,-53],[-20,-64],[-16,-104],[20,-110],[58,-80]],[[69470,33369],[-52,40],[-105,5],[-89,-33],[-28,-68],[13,-134],[35,-166],[106,-170],[102,-309],[16,-271],[39,-241],[71,-350],[51,-182],[95,-133],[119,-20],[103,18],[133,87],[14,203],[-20,213],[-10,199],[-63,206],[-12,116],[-51,290],[-14,222],[-18,148],[-99,71],[-336,259]],[[68235,35174],[44,58],[17,50],[6,45],[-13,117],[-12,53],[-26,53],[-31,20],[-53,-5],[-41,-15],[-36,-40],[-30,-58],[-4,-71],[1,-83],[16,-59],[53,-84],[52,-9],[57,28]],[[69095,29988],[-35,-203],[115,-180],[133,-6],[103,176],[36,173],[21,142],[-29,184],[-63,33],[-87,35],[-121,-138],[-73,-216]],[[59093,29874],[-218,207],[-268,24],[-327,-27],[-261,-181],[19,-312],[370,-338],[316,-65],[171,17],[136,-104],[245,-149],[274,-138],[133,-72],[126,-5],[159,92],[60,203],[-119,121],[-141,98],[-99,76],[-165,28],[-119,-247],[-116,125],[-80,172],[-32,227],[-64,248]],[[64089,29188],[-72,-294],[103,-257],[130,88],[113,-80],[134,-341],[120,-184],[-17,-150],[-24,-164],[-105,-65],[-144,194],[-122,-170],[-68,-607],[-26,-418],[170,-370],[99,-91],[7,7],[86,15],[55,140],[-29,143],[-70,111],[2,92],[42,162],[70,398],[85,211],[156,-195],[-132,-441],[15,-406],[229,-79],[257,245],[-21,427],[-88,176],[24,177],[80,33],[56,-20],[174,-112],[92,209],[17,323],[-137,249],[-174,60],[-230,-46],[-100,71],[-2,219],[86,283],[142,158],[-83,257],[-282,184],[-301,-8],[-317,-134]],[[55827,37130],[-87,666],[-109,613],[-119,148],[5,207],[-177,433],[-290,473],[-232,634],[-188,352],[-291,153],[-372,-240],[-222,-169],[-180,-373],[24,-390],[477,-438],[448,-525],[391,-568],[71,-661],[50,-455],[-100,-605],[16,-254],[388,-266],[57,-359],[10,-229],[84,-122],[120,-464],[67,-273],[111,-317],[185,-173],[152,54],[109,282],[-19,347],[-55,458],[-119,622],[7,373],[-212,1066]],[[58779,38596],[145,-134],[102,16],[74,181],[-71,194],[-106,106],[-118,-73],[-26,-290]],[[49761,40300],[0,0]],[[55312,56061],[189,123],[175,8],[208,-7],[232,-4],[186,160],[133,241],[41,294],[38,344],[-12,379],[25,206],[122,264],[197,169],[218,168],[75,94],[39,102],[-173,305],[-442,387],[117,266],[269,287],[230,317],[466,8],[207,8],[99,195],[-79,302],[-111,212],[-68,253],[17,150],[54,686],[13,556],[10,76],[31,355],[55,422],[-21,204],[-8,227],[9,106],[36,88],[64,88],[86,90],[57,49],[-13,94],[-70,45],[-105,6],[-182,-105],[-202,-66],[-64,-106],[-101,-180],[-116,-366],[1,-568],[-66,-595],[-252,-781],[-188,-161],[-144,-129],[-177,-187],[-181,-82],[-172,-192],[-257,-161],[-148,-247],[-224,-45],[-118,-229],[-49,-163],[-25,-216],[-82,-408],[-313,-228],[-46,-205],[12,-264],[85,-143],[208,-35],[166,-111],[133,-363],[35,-235],[-116,-254],[-74,-269],[-132,-267],[-33,-29],[-129,-61],[-122,32],[-110,112],[-108,65],[-162,6],[-189,-122],[-195,-407],[-135,-159],[-210,-4],[-249,275],[-188,310],[-153,164],[-228,127],[-479,-34],[-228,81],[-23,-6],[-81,-41],[-158,-182],[-118,-192],[-85,-268],[-19,-211],[41,-164],[36,-120],[44,-199],[9,-233],[32,-83],[-15,-99],[44,-264],[61,-170],[189,-102],[185,-86],[134,-46],[246,-80],[264,-140],[271,-181],[366,-74],[433,43],[399,77],[430,177],[116,214],[159,613],[56,271],[95,228]],[[37460,67031],[171,-6],[158,0],[306,3],[480,0],[173,1],[944,-3],[584,3],[504,-2],[619,2]],[[39881,65400],[71,-6],[302,119],[121,227],[109,395],[-85,406],[3,10],[-222,137],[-245,35],[-302,-1],[-369,-49],[-209,-150],[-57,-183],[4,-299],[141,-252],[244,-221],[244,-153],[159,-26],[91,11]],[[97846,269],[0,0]],[[98310,236],[0,0]],[[98462,172],[0,0]],[[98854,134],[0,-4]],[[98854,122],[-30,2],[-3,42],[-29,33],[-24,0],[-41,-45],[-4,-29],[-36,33],[-18,5],[-33,65],[-46,-4],[-88,-57],[-15,19],[-21,-15],[-5,31],[-35,3],[-14,-24],[-52,30],[-16,21],[-24,-3],[-22,41],[-44,-52],[0,-22],[21,-5],[-59,-49],[-17,14],[-52,-16],[-2,33],[-21,18],[-7,-25],[23,-20],[-21,-17],[-4,-33],[-53,49],[-7,42],[-31,-4],[-57,13],[-33,-40],[-8,-23],[-54,19],[-18,21],[-25,-27],[-22,3],[-2,76],[8,22],[45,20],[-7,19]],[[99843,583],[66,-29],[16,15],[17,-39],[-66,-9],[-5,-23],[-28,32]],[[64774,17503],[0,0]],[[64760,17528],[0,0]],[[64686,17820],[0,0]],[[64378,17341],[6,25]],[[64384,17366],[2,11]],[[64386,17377],[98,193],[22,150],[29,26],[75,89],[33,221]],[[64643,18056],[23,13],[-22,-48],[36,15],[-15,-42],[-19,-1],[-8,-69],[-10,-16],[16,-39],[10,45],[-6,32],[12,15],[24,-43],[-2,-62],[-11,-32],[27,-74],[-30,-4],[46,-79],[24,-12],[45,-2],[16,-18],[-8,-42],[-14,24],[-8,-24],[-14,33],[-6,-30],[10,-32],[-97,-104],[-6,-34],[17,5],[12,38],[49,53],[-8,-37],[25,-6],[-12,-61],[51,24],[38,56],[3,49],[-10,0],[10,61],[-36,-51],[-30,-1],[34,26],[23,31],[19,3],[2,-124],[8,-89],[-51,-15],[-22,14],[-40,-29],[-45,8],[10,-40],[-41,-2],[-8,-28],[-21,25],[-31,-45],[12,-94],[-20,-57],[-29,-6],[7,20],[-18,16],[-13,-30],[-29,33],[-2,62],[-14,-17],[-29,7],[-4,34],[-26,-17],[-19,92],[-40,7]],[[64736,18380],[0,0]],[[64701,18626],[-10,5],[-11,118],[25,-104],[-4,-19]],[[64674,18775],[0,30]],[[64674,18805],[0,-30]],[[64675,18835],[0,22],[-80,513]],[[64595,19370],[1,49],[-9,44],[8,7],[0,58],[-11,101],[4,27],[-5,82]],[[64583,19738],[0,12]],[[64583,19750],[1,29]],[[64584,19779],[0,22]],[[64584,19801],[1,32]],[[64585,19833],[1,68]],[[64586,19901],[0,16]],[[64586,19917],[1,43]],[[64587,19960],[0,3]],[[64587,19963],[1,41]],[[64588,20004],[7,61],[14,6],[-8,-84],[-4,-110],[-2,-180],[2,-117],[7,-157],[9,-91],[32,-266],[33,-205],[51,-283],[7,-30],[44,-284],[17,-130],[16,-156],[18,-293],[-3,-53],[-14,104],[-13,255],[-10,26],[4,72],[-13,44],[9,5],[-4,50],[-18,66],[5,23],[-28,101],[3,65],[-21,68],[-5,75],[-32,185],[-16,64]],[[64601,20244],[0,0]],[[64590,20091],[0,3]],[[64590,20094],[0,21]],[[64590,20115],[0,8]],[[64590,20123],[1,11]],[[64591,20134],[0,3]],[[64591,20137],[13,43],[-4,36],[11,8],[-2,58],[14,18],[-10,32],[4,66],[32,131],[6,54],[17,71],[24,60],[22,89],[7,53]],[[64743,20797],[-41,-165],[-28,-130],[-32,-178],[-21,-144],[-10,-96],[-21,7]],[[80906,20324],[0,0]],[[80912,20324],[0,0]],[[80905,20294],[-6,-9],[-21,56],[14,15],[14,-61]],[[80840,20478],[0,0]],[[80794,20579],[0,0]],[[80773,20593],[36,-54],[19,-56],[25,-29],[-2,-24],[35,-61],[-13,-18],[-36,72],[-33,92],[-36,59],[5,19]],[[80785,20581],[0,0]],[[80814,20595],[0,0]],[[80771,20603],[-6,-2],[-27,121],[-27,76],[36,-33],[-3,-29],[23,-92],[4,-41]],[[80716,20829],[0,0]],[[80859,20805],[0,0]],[[80852,20854],[0,0]],[[80700,20885],[-12,43],[13,-1],[-1,-42]],[[80872,20917],[0,0]],[[80744,20997],[11,-12],[-39,-25],[-6,73],[13,-7],[1,-42],[11,-2],[2,51],[7,-36]],[[80789,21008],[-11,25],[7,30],[4,-55]],[[80744,21060],[-14,6],[5,42],[9,-48]],[[80783,21078],[0,0]],[[80766,21140],[0,0]],[[80953,21116],[0,0]],[[80961,21138],[0,0]],[[80968,21152],[0,0]],[[80973,21165],[0,0]],[[80847,21203],[0,0]],[[80696,21274],[29,-91],[-2,-43],[11,-17],[-21,-12],[0,70],[-27,87]],[[80987,21181],[0,0]],[[80853,21433],[17,-30],[-11,-20],[-16,21],[2,-35],[13,-14],[-21,-31],[-12,-46],[8,-18],[-11,-63],[11,-21],[-14,-25],[-31,7],[-10,-13],[-14,48],[2,37],[-30,7],[-25,45]],[[80981,21414],[0,0]],[[80874,21461],[-10,-14]],[[80992,21616],[7,-65],[-7,-42],[20,-58],[-7,-46],[-35,30],[-28,-10],[-23,70],[22,25],[0,28]],[[81042,21608],[-22,-11],[4,48],[18,-37]],[[81053,21665],[-14,3]],[[80927,20356],[-6,45],[-16,45],[-3,46],[-14,44],[-44,26],[-30,49],[-47,51],[17,7],[26,-23],[10,16],[0,63],[-13,2],[-19,-37],[-20,-1],[3,59],[8,22],[35,4],[41,-41],[35,-10],[57,3],[9,-38],[25,-6],[-24,53],[25,29],[5,-22],[27,21],[32,-16],[-5,42],[-36,-1],[-34,-15],[-28,-29],[-46,-3],[-74,46],[2,19],[35,-6],[6,-28],[20,46],[14,10],[4,42],[-32,-25],[2,27],[-20,22],[30,16],[15,37],[22,-16],[-14,30],[6,67],[22,35],[3,27],[23,-6],[22,25],[-23,19],[31,40],[23,9],[27,-53],[-1,63],[-27,8],[-8,52],[14,-2],[23,26],[48,80],[9,55],[-2,69],[-11,9],[3,50],[-30,100],[17,27]],[[64687,20970],[-10,-72],[-17,-30],[-16,-64],[-19,-108],[2,-22],[-25,-90],[1,-64],[-22,-75],[-15,-92],[-13,-26],[-7,-109]],[[64546,20218],[-11,17],[-91,-15],[-44,1],[-54,21],[-102,-10],[-47,-13],[-27,-32],[-38,-190],[-22,-55],[-50,-461],[-78,-464],[49,-228],[38,-166],[121,-96],[21,-275],[-68,-320],[-31,-82],[-45,-157],[-8,-75]],[[64059,17618],[-22,2],[-14,-32],[-2,26],[-42,-10],[-16,13],[-18,-19],[-16,27],[-55,-12],[-4,-40],[-30,2],[-16,56],[-55,-16],[-11,19],[-10,-43],[-31,47],[-24,-40],[-16,33],[-34,7],[-48,72],[20,5],[-13,40],[-27,-7],[2,-44],[-23,38]],[[64236,21293],[-95,-45],[-21,-221],[1,-178],[61,-40],[70,96],[34,243],[-1,94],[-49,51]],[[63621,21239],[-42,19],[-64,-170],[10,-262],[-1,-379],[51,-197],[89,4],[14,284],[-38,628],[-19,73]],[[85351,34442],[28,10],[-22,-28]],[[85397,34451],[0,0]],[[85415,34438],[14,42],[73,24],[0,-11],[-87,-55]],[[85133,34274],[-74,-79],[-81,-116],[-26,-52]],[[85658,34537],[-137,-26],[28,64],[-14,-3],[-7,40],[-14,-77],[-10,-15],[-62,-24],[-95,-44]],[[60518,38967],[98,-25],[52,399],[121,-21],[87,137],[-110,440],[-110,181],[-108,114],[-108,97],[-187,45],[-134,-98],[-26,-350],[176,-244],[94,-210],[-10,-272],[52,-163],[113,-30]],[[61878,38773],[-78,-156],[-6,-132],[8,-141],[32,-119],[46,-134],[94,-244],[50,-197],[20,-210],[-13,-151],[-4,-180],[31,-262],[1,-287],[-34,-227],[-95,-286],[-27,-407],[-34,-252],[-83,-265],[-146,-281],[22,-349],[442,-1],[381,33],[246,19],[190,26],[255,46],[214,33],[102,24],[49,135],[-28,87],[-94,128],[-123,175],[-196,420],[-55,186],[-6,101],[2,225],[21,203],[10,172],[23,238],[-28,205],[38,335],[137,331],[92,71],[102,-80],[70,-237],[197,-471],[158,-197],[34,-96],[11,-105],[0,-131],[-12,-150],[-45,-185],[-40,-204],[2,-322],[47,-279],[109,-135],[146,-58],[96,82],[89,161],[32,371],[-26,332],[-36,217],[-1,325],[67,309],[43,210],[72,222],[43,206],[23,144],[7,177],[-3,159],[-47,276],[-46,210],[-65,215],[-76,193],[-126,277],[-153,270],[-43,259],[-97,356],[-92,139],[-149,-8],[-162,-235],[-197,-283],[-141,-130],[-137,88],[-97,208],[-237,32],[-86,-29],[-110,-51],[-113,-121],[-121,-224],[-94,-165],[-83,-171],[-71,-165],[-98,-118]],[[65596,35440],[19,-455],[42,-330],[-14,-228],[-37,-247],[55,-88],[55,-27],[98,-32],[86,107],[84,200],[117,99],[109,8],[78,-138],[147,-436],[116,-53],[160,82],[123,144],[72,216],[85,227],[79,167],[23,1],[63,77],[42,129],[-37,110],[-138,51],[-155,81],[-209,70],[-194,89],[-110,83],[-69,42],[-210,66],[-290,23],[-190,-38]],[[61189,34361],[-51,99],[-111,104],[-82,87],[-112,-154],[-155,-280],[27,-217],[142,-26],[113,44],[54,-145],[124,15],[98,29],[19,175],[-23,183],[-43,86]],[[60829,37552],[78,172],[64,382],[65,290],[-23,103],[-44,52],[-69,-27],[-83,-119],[-80,-130],[-84,-86],[-62,-76],[-60,-276],[15,-293],[-126,-194],[-59,-110],[-34,-162],[-47,-437],[-63,-159],[-99,-19],[-46,-90],[105,-272],[128,-66],[71,-102],[78,-255],[113,178],[-26,358],[30,11],[28,47],[18,143],[-6,241],[6,226],[20,154],[39,155],[83,184],[70,177]],[[65280,31616],[13,-213],[80,-63],[126,-69],[116,21],[59,107],[12,109],[-22,132],[-213,416],[-31,112],[-31,87],[-19,138],[20,273],[-38,202],[-78,99],[-80,19],[-56,67],[-95,24],[-65,-181],[-58,-157],[-8,-276],[-5,-311],[69,-131],[73,-9],[90,-93],[93,-161],[48,-142]],[[64289,31544],[-102,38],[-157,-88],[-41,-261],[98,-236],[170,6],[112,138],[48,261],[-128,142]],[[67716,39603],[40,-116],[312,4],[316,2],[23,167],[-62,283],[-96,53],[-339,-232],[-201,-98],[7,-63]],[[67969,37658],[85,-6],[56,15],[45,41],[67,111],[9,42],[-11,49],[-58,67],[-72,18],[-138,-31],[-50,-34],[-32,-58],[4,-111],[21,-58],[31,-27],[43,-18]],[[71645,34571],[-43,-12],[-71,13],[-99,-297],[-312,-346],[-147,-130],[-109,-287],[225,-76],[126,46],[222,11],[151,175],[178,140],[-6,115],[-10,101],[6,61],[38,90],[18,105],[-12,86],[-66,136],[-89,69]],[[71008,39783],[-246,118],[-77,-114],[113,-132],[19,-281],[26,2],[32,73],[124,207],[27,68],[-18,59]],[[83739,39439],[53,-106],[69,4],[32,19],[18,53],[31,61],[52,88],[117,172],[17,70],[-11,67],[-16,53],[-53,32],[-36,-7],[-33,-36],[-23,-47],[-35,-118],[-62,-148],[-22,-23],[-40,-11],[-39,-47],[-19,-76]],[[56584,44905],[102,-53],[51,22],[59,58],[34,118],[9,118],[-54,186],[-91,75],[-119,-10],[-71,-115],[-7,-97],[14,-152],[73,-150]],[[53786,46121],[69,-359],[148,-110],[67,-161],[63,-80],[91,-36],[99,-15],[91,-74],[96,-72],[59,-93],[9,-82],[-17,-116],[-69,-33],[-143,-38],[-201,-219],[-17,-172],[-12,-167],[48,-167],[77,-412],[24,-209],[5,-201],[11,-220],[45,-148],[93,-44],[115,45],[228,114],[110,80],[59,100],[-79,76],[-148,129],[49,58],[145,489],[148,753],[74,799],[98,21],[114,79],[166,137],[131,100],[22,110],[-54,117],[-129,71],[-129,62],[-89,71],[-88,204],[31,548],[-43,660],[-148,400],[-56,53],[-130,56],[-161,64],[-221,104],[-127,69],[-109,7],[-141,-116],[-75,-232],[-59,-342],[-24,-403],[-48,-220],[-29,-346],[-32,-202],[2,-181],[-9,-306]],[[55973,47638],[4,-122],[14,-96],[70,-60],[60,-13],[72,8],[54,20],[38,62],[3,89],[-17,89],[0,165],[-14,84],[-5,60],[-19,93],[-39,49],[-71,6],[-34,-14],[-51,-52],[-29,-88],[-7,-73],[-18,-86],[-11,-121]],[[55726,42140],[44,-239],[69,14],[67,-82],[28,-113],[2,-171],[50,-143],[53,-21],[193,-33],[86,58],[15,115],[18,163],[-1,91],[15,78],[43,293],[-33,231],[-51,74],[-120,80],[-277,10],[-121,61],[-28,297],[-102,145],[-116,-78],[39,-130],[-56,-108],[-38,-220],[75,-173],[72,-106],[74,-93]],[[57919,52830],[288,21],[50,93],[30,101],[-37,65],[-113,58],[-166,23],[-137,-14],[-49,-122],[8,-147],[52,-83],[74,5]],[[57632,50305],[14,-137],[123,53],[80,-9],[143,127],[338,154],[16,127],[-91,14],[-157,100],[-92,138],[-111,102],[-108,26],[-72,-117],[-37,-160],[6,-246],[-52,-172]],[[43296,53790],[-72,-15],[-103,-153],[-85,-262],[-29,-378],[5,-312],[18,-323],[314,-392],[307,14],[391,8],[131,-7],[277,110],[181,44],[208,74],[126,-32],[124,-24],[127,-34],[235,-146],[21,-34],[114,-293],[49,-375],[75,-293],[120,-64],[173,47],[116,277],[35,255],[61,295],[33,234],[61,80],[102,37],[64,57],[58,58],[-7,137],[-89,88],[-178,132],[-330,148],[-584,153],[-255,118],[-144,-11],[-157,-26],[-185,18],[-221,122],[-290,194],[-171,145],[-258,233],[-243,123],[-125,-27]],[[94482,55595],[11,-5]],[[94516,55577],[15,-8]],[[94636,55556],[0,0]],[[94563,55565],[-12,20],[40,31],[-28,-51]],[[94527,55643],[0,0]],[[94568,55631],[0,0]],[[94608,55613],[0,0]],[[94636,55607],[-24,-24],[23,50],[1,-26]],[[94714,55664],[0,0]],[[94632,55711],[-27,-78],[-21,27],[21,55],[27,-4]],[[94808,55656],[0,0]],[[94596,55759],[17,-11],[-41,-36],[-7,9],[14,44],[17,-6]],[[94677,55705],[0,0]],[[94637,55801],[0,0]],[[94655,55820],[0,0]],[[94691,55796],[0,0]],[[94712,55851],[0,0]],[[94681,55843],[0,0]],[[94729,55851],[0,0]],[[95145,55828],[0,0]],[[95487,55727],[1,35],[19,3],[-20,-38]],[[95124,55884],[-5,-91],[-7,2],[-32,83],[23,51],[25,-16],[-4,-29]],[[95210,55969],[-12,45],[12,-4],[0,-41]],[[95101,56004],[-13,-9],[-3,31],[15,64],[7,-4],[-6,-82]],[[95488,55942],[-8,10],[20,35],[-12,-45]],[[95526,55981],[0,0]],[[95370,56069],[0,0]],[[95496,56022],[0,0]],[[95075,56059],[-18,-119],[-13,13],[-16,77],[26,24],[46,148],[14,24],[-26,-123],[-13,-44]],[[95493,56067],[0,0]],[[95354,56060],[6,93],[13,-34],[-19,-59]],[[95456,56089],[0,0]],[[95434,56093],[0,0]],[[95697,55969],[0,57],[9,-18],[-9,-39]],[[95538,56069],[0,0]],[[95512,56109],[0,0]],[[95596,56071],[0,0]],[[95407,56160],[0,0]],[[95476,56138],[0,0]],[[95368,56165],[0,0]],[[95466,56170],[-11,-41],[-22,10],[33,31]],[[95829,56038],[0,0]],[[95801,56063],[0,0]],[[95419,56262],[-5,-64],[-10,-5],[-2,53],[17,16]],[[95426,56244],[0,0]],[[95681,56235],[0,0]],[[95716,56256],[0,0]],[[95788,56384],[0,0]],[[95969,56324],[0,0]],[[95995,56336],[0,0]],[[95801,56416],[0,0]],[[70434,62214],[42,-81],[11,-32],[-29,41],[-36,70]],[[71857,62126],[13,-28],[-35,36],[22,-8]],[[95976,56394],[0,0]],[[95956,56421],[0,0]],[[96040,56446],[0,0]],[[95991,56486],[37,-50],[45,6],[3,18],[12,-66],[-39,-33],[5,-24],[-26,-8],[9,42],[-18,-2],[-14,-26],[-19,42],[2,40],[-20,1],[2,28],[-31,5],[3,44],[23,21],[18,-4],[8,-34]],[[96235,56420],[0,0]],[[96019,56525],[37,-22],[-21,-39],[-21,13],[-6,26],[11,22]],[[96281,56359],[-18,-80],[1,27],[-35,-20],[-15,17],[22,64],[-19,0],[39,78],[24,0],[1,-86]],[[96267,56453],[0,0]],[[96041,56548],[0,0]],[[96243,56477],[-18,-1],[-2,25],[20,-24]],[[96073,56551],[0,0]],[[96244,56524],[0,0]],[[96259,56513],[0,0]],[[96211,56552],[0,0]],[[96228,56559],[0,0]],[[96041,56648],[-9,-8],[26,-59],[-29,-11],[-28,6],[-6,-35],[-35,0],[21,34],[-79,-76],[12,44],[28,46],[33,4],[-11,13],[49,53],[28,-11]],[[96278,56550],[0,0]],[[96245,56572],[0,0]],[[96389,56479],[-20,27],[16,29],[13,-45],[-9,-11]],[[71883,62351],[-10,1],[21,75],[11,13],[15,-24],[-19,-45],[-18,-20]],[[71975,62282],[21,-3],[-7,-23],[-43,-13],[-21,4],[-55,-66],[-21,-5],[3,43],[-11,27],[40,30],[30,11],[16,37],[47,34],[60,84],[19,-2],[35,-57],[-115,-59],[2,-42]],[[96463,56521],[0,0]],[[95896,56724],[0,0]],[[71961,62454],[-20,18],[37,13],[-17,-31]],[[96082,56688],[-8,29],[22,9],[-14,-38]],[[96571,56519],[11,-27],[-43,-14],[-12,29],[27,31],[17,-19]],[[96263,56673],[1,-25],[-32,16],[6,16],[25,-7]],[[72173,62433],[-25,9],[21,28],[46,25],[5,-11],[-28,-39],[-19,-12]],[[96040,56752],[-16,0],[11,31],[5,-31]],[[95906,56807],[-11,-27],[-18,17],[16,46],[13,-36]],[[96067,56738],[3,34],[11,-30],[-14,-4]],[[71594,62582],[0,0]],[[96105,56792],[0,0]],[[96321,56669],[-34,1],[6,57],[28,-58]],[[96277,56743],[0,0]],[[96513,56607],[-5,-55],[-30,-9],[-17,51],[-15,-34],[-6,34],[-38,-23],[-10,24],[34,29],[8,30],[19,-7],[-3,-26],[35,15],[-1,38],[29,-67]],[[96429,56685],[0,0]],[[96299,56744],[0,0]],[[96675,56571],[-14,21],[17,5],[-3,-26]],[[96138,56829],[-25,-8],[-3,23],[28,-15]],[[96404,56690],[0,28],[15,-18],[-15,-10]],[[96560,56624],[-4,34],[19,-13],[-15,-21]],[[70409,62209],[3,-43],[96,-137],[31,4],[-32,44],[47,-46],[34,-5],[60,23],[94,7],[64,43],[103,46],[46,35],[27,11],[52,-6],[35,24],[72,32],[23,28],[19,-12],[31,19],[22,40],[36,27],[60,24],[26,51],[31,18],[15,29],[9,-10],[-26,-49],[38,-26],[37,60],[-1,-28],[19,-10],[25,16],[7,42],[28,-9],[27,22],[6,33],[44,29],[26,53],[59,-21],[60,67],[33,-15],[2,-47],[37,7],[14,-18],[5,-41],[34,-34],[-10,-27],[-14,4],[1,-33],[-31,-101],[-26,-32],[-7,-30],[-25,-9],[-14,-44],[-22,-38],[36,-104],[-14,-31],[-53,-49],[-6,-79],[-36,-61],[6,-21],[35,-14],[48,42],[90,51],[39,47],[54,16],[-30,17],[-34,-8],[16,22],[63,-22],[-48,53],[-20,34],[108,-131],[8,-32],[23,2],[61,-71],[36,-27],[10,17],[30,5],[48,-49],[25,-12],[49,32],[73,75],[28,-11],[48,34],[110,56],[117,42],[54,44]],[[71471,60660],[149,-43],[149,6],[114,73],[140,141],[84,51],[103,113],[59,169],[0,232],[-35,101],[-67,108],[-197,77],[-73,-25],[-88,-61],[-110,-24],[-122,49],[-83,50],[-153,43],[-182,57],[-138,9],[-253,2],[-171,-30],[-36,-91],[47,-60],[109,-48],[159,-39],[84,-253],[65,-217],[69,-80],[144,-103],[104,-130],[129,-77]],[[72264,61787],[0,0]],[[72267,61790],[0,0]],[[72377,61864],[0,0]],[[72383,61864],[0,0]],[[72389,61868],[0,0]],[[72396,61874],[0,0]],[[72397,61875],[0,0]],[[72432,61900],[0,0]],[[72434,61901],[0,0]],[[72437,61902],[0,0]],[[72442,61904],[0,0]],[[72443,61904],[0,0]],[[72447,61905],[0,0]],[[72448,61906],[0,0]],[[72452,61907],[0,0]],[[72458,61910],[0,0]],[[72462,61913],[0,0]],[[72466,61915],[0,0]],[[72477,61921],[0,0]],[[72485,61927],[0,0]],[[72500,61935],[0,0]],[[72506,61938],[0,0]],[[72508,61939],[0,0]],[[72513,61942],[0,0]],[[72515,61943],[0,0]],[[72517,61944],[0,0]],[[72520,61945],[0,0]],[[72525,61947],[0,0]],[[72530,61950],[0,0]],[[72537,61954],[0,0]],[[72541,61957],[0,0]],[[72547,61958],[0,0]],[[72552,61958],[0,0]],[[72557,61960],[0,0]],[[72560,61960],[0,0]],[[72563,61962],[0,0]],[[72567,61963],[0,0]],[[72568,61964],[0,0]],[[72574,61966],[0,0]],[[72579,61968],[0,0]],[[72580,61968],[0,0]],[[72585,61968],[0,0]],[[72594,61972],[0,0]],[[72598,61973],[0,0]],[[72603,61975],[0,0]],[[72607,61976],[0,0]],[[72608,61976],[0,0]],[[72615,61979],[0,0]],[[72618,61981],[0,0]],[[72622,61982],[0,0]],[[72624,61983],[0,0]],[[72626,61984],[0,0]],[[72631,61986],[0,0]],[[72634,61987],[0,0]],[[72641,61992],[0,0]],[[72644,61994],[0,0]],[[72650,61996],[0,0]],[[72675,62008],[0,0]],[[72683,62013],[0,0]],[[72684,62014],[0,0]],[[72368,61868],[0,0]],[[71906,62629],[24,-7],[21,-43],[5,-39],[-51,-14],[-34,74],[26,37],[9,-8]],[[96528,56651],[19,39],[8,-10],[-27,-29]],[[96676,56626],[0,0]],[[96417,56730],[0,0]],[[95958,56947],[-10,-25],[16,-9],[-17,-54],[-8,-60],[-18,-40],[10,94],[-24,12],[12,46],[26,41]],[[95894,56973],[-11,-46],[-21,-32],[-23,-1],[-6,-52],[-41,-100],[0,-37],[-19,-8],[10,-20],[-8,-58],[-18,36],[-7,-99],[3,-47],[-22,2],[-9,-22],[4,-65],[33,26],[31,2],[-14,-46],[-22,-17],[2,-46],[-36,-11],[7,27],[-33,-31],[19,-20],[-20,-48],[-41,2],[-9,-25],[-13,24],[-13,-76],[3,-44],[-18,-33],[-12,22],[-35,-41],[-16,28],[-5,41],[19,0],[4,48],[16,5],[12,37],[13,-5],[14,37],[-15,-6],[35,62],[15,78],[-24,-54],[-13,3],[1,-44],[-13,-29],[-21,4],[-25,-76],[-13,-9],[-9,28],[-10,-32],[3,-36],[-38,-34],[15,100],[-41,-45],[-7,31],[-17,-42],[-1,50],[21,81],[-27,-11],[36,57],[-6,48],[-27,3],[-7,26],[-10,-30],[15,-18],[-35,-51],[-5,-24],[19,-26],[-24,-57],[-16,-11],[6,36],[-25,-65],[-18,-134],[-19,-35],[-29,-118],[-11,16],[-13,67],[-17,12],[8,79],[-17,5],[1,-56],[-8,-34],[11,-36],[-7,-50],[-15,18],[1,194],[-17,3],[20,88],[22,28],[11,96],[-18,-19],[-2,-55],[-20,-34],[-35,-165],[23,31],[5,-23],[-16,-35],[-1,-44],[20,-42],[-7,-54],[-14,-35],[0,100],[-13,-5],[-16,-66],[-13,24],[7,25],[-24,-10],[-20,14],[0,30],[-19,7],[19,17],[8,95],[16,8],[16,-41],[12,44],[-36,27],[-25,-17],[31,163],[30,32],[-8,44],[-24,-57],[-15,-1],[-11,-50],[-35,-110],[-34,-12],[-1,-47],[-14,-32],[-1,43],[-15,-29],[-5,-46],[8,-46],[16,33],[11,-49],[-20,-85],[11,2],[20,70],[21,-1],[-17,-89],[0,-49],[-40,-64],[4,28],[-22,-16],[-10,69],[9,67],[-13,-29],[-18,19],[14,63],[-12,94],[-2,114],[-9,33],[-5,75],[18,87],[21,9],[17,47],[-19,41],[-21,-78],[-23,3],[-16,-73],[-21,-5],[-6,-51],[-18,12],[-9,-39],[2,-44],[56,69],[-4,-45],[13,-43],[10,8],[2,-95],[-3,-56],[17,1],[1,-53],[-17,-53],[26,-86],[-16,3],[18,-41],[-13,-63],[14,23],[6,-22],[-56,-44],[-1,-41],[-23,5],[-4,46],[17,57],[-23,-19],[-6,79],[2,46],[20,-5],[-8,27],[13,57],[-29,-26],[-1,40],[19,66],[-22,4],[-18,-85],[5,1],[-5,-104],[-24,7],[12,31],[-13,55],[-8,-57],[-21,-75],[-5,24],[-34,-57],[-21,-65],[3,48],[29,77],[15,11],[11,41],[-9,8],[14,44],[8,-32],[6,63],[-12,-9],[4,40],[-22,-58],[-6,-43],[-53,-112],[6,-33],[-25,-34],[4,46],[-20,-25],[3,26],[33,68],[13,48],[40,83],[8,38],[-22,-28],[-15,0],[-42,-56],[37,93],[-33,-12],[-38,-63],[-55,-41],[26,68],[-19,-10],[-16,-49],[0,-27],[-31,-28],[-40,-65],[1,34],[-22,-15],[3,-49],[-34,-66],[3,-29],[-26,-10],[-1,40]],[[72137,62581],[-25,-28],[9,-32],[-26,28],[-36,-17],[-14,11],[-33,-32],[-18,20],[19,56],[58,34],[58,24],[27,-22],[-19,-42]],[[96205,56855],[18,-29],[36,-18],[17,-55],[-27,15],[-1,-39],[-39,0],[27,-14],[40,9],[-25,-17],[3,-18],[-27,16],[-9,-40],[36,-25],[-2,-16],[-25,15],[9,-39],[-39,-18],[-44,36],[1,38],[12,6],[-9,54],[-24,16],[31,28],[21,-21],[-11,50],[31,66]],[[71837,62644],[0,0]],[[96587,56682],[0,0]],[[71989,62616],[-20,-4],[15,40],[24,19],[3,-26],[-22,-29]],[[71756,62682],[0,0]],[[96179,56853],[-10,-11],[-28,25],[-17,30],[11,27],[49,-49],[-5,-22]],[[96070,56950],[-3,-24],[-37,16]],[[71696,62690],[-12,-15],[3,-43],[-38,1],[-18,44],[35,15],[23,22],[7,-24]],[[72043,62694],[-14,4]],[[96090,56962],[-17,-10]],[[71976,62715],[-28,-37],[-17,14],[10,34]],[[96099,56968],[0,-1]],[[71896,62739],[-12,-33],[-23,15],[-4,31]],[[96121,56981],[-7,-4]],[[96427,56834],[-24,1],[0,34],[24,-35]],[[96654,56794],[13,-17],[-26,-20],[-4,41],[17,-4]],[[96727,56768],[0,0]],[[96691,56829],[17,-16],[-29,-17],[-4,30],[16,3]],[[96444,56896],[0,0]],[[96671,56848],[0,0]],[[96314,57117],[7,-31],[-20,-66],[-5,-44],[16,22],[12,59],[16,-30],[-22,-62],[-1,-28],[17,-52],[25,6],[9,-70],[-42,26],[6,-33],[24,-13],[8,-49],[-31,18],[1,19],[-21,9],[-60,76],[-49,18],[-66,65],[-6,31]],[[96415,56952],[-14,-18],[-10,22],[-32,3],[-2,33],[21,97],[10,-7],[18,-73],[-4,-33],[13,-24]],[[96466,57000],[1,-34],[-15,-12],[-11,54],[22,51],[14,10],[1,-46],[-12,-23]],[[96364,57152],[-5,-33],[-24,13]],[[96394,57173],[-3,-24],[-25,4]],[[96515,57128],[0,0]],[[96427,57196],[10,-45],[-10,-74],[-18,26],[10,30],[-6,53]],[[96675,57166],[-6,-16],[38,-49],[14,-3],[19,-47],[10,-87],[-11,1],[-5,-42],[-41,-36],[-63,-13],[-15,17],[-14,147],[-20,4],[16,-65],[-1,-110],[-14,-18],[29,-12],[14,-40],[-30,-52],[-28,-10],[-12,58],[-11,-46],[-6,37],[-16,22],[-8,-17],[-10,33],[-8,-17],[-12,46],[6,24],[-21,2],[0,58],[20,22],[16,113],[42,41],[-9,58],[31,1],[13,35],[19,6],[18,-22],[25,15],[26,-12],[5,-26]],[[96547,57298],[4,-75],[-23,-40],[-18,13],[-2,-40],[-23,-36],[-17,-3],[1,113]],[[96736,57273],[1,12]],[[96599,57343],[28,0],[12,-17],[9,-51],[-26,7],[3,-23],[22,-13],[-37,-13],[-20,21],[-9,-24],[-23,21],[0,56]],[[96739,57293],[-5,15]],[[96700,57345],[-18,-78],[-26,52],[0,42]],[[64378,17341],[6,25]],[[64640,18143],[0,0]],[[64651,18185],[0,0]],[[64599,18323],[-23,15],[14,32],[9,-47]],[[64580,18407],[0,0]],[[64552,18405],[0,0]],[[64556,18440],[0,0]],[[64551,18462],[0,0]],[[64565,18456],[0,0]],[[64674,18775],[-21,20],[21,10]],[[64603,19179],[0,0]],[[64491,19140],[-7,14],[-1,73],[8,-87]],[[64491,19314],[0,0]],[[64450,19311],[0,0]],[[64419,19328],[0,0]],[[64675,18835],[-11,44],[-3,-49],[-15,61],[-1,62],[-18,47],[-1,41],[16,-40],[-6,42],[-28,28],[14,32],[10,-9],[-15,63],[-10,81],[-13,19],[6,73],[-5,40]],[[64492,19389],[-19,17],[-4,30],[23,-47]],[[64502,19494],[-13,-15],[-1,36],[14,-21]],[[64495,19573],[-3,39],[19,10],[-16,-49]],[[64506,19649],[-12,68],[10,3],[9,-54],[-7,-17]],[[64583,19738],[0,12]],[[64499,19753],[0,0]],[[64584,19779],[0,22]],[[64516,19774],[0,0]],[[64518,19837],[0,0]],[[64585,19833],[1,68]],[[64586,19917],[1,43]],[[64587,19963],[1,41]],[[64590,20091],[0,3]],[[64590,20115],[0,8]],[[64591,20134],[0,3]],[[64546,20218],[-11,-122],[-8,55],[1,-62],[-15,-97],[0,-50],[13,37],[-6,-82],[-27,-50],[-15,16],[-17,-48],[25,-36],[-12,-38],[17,-74],[-2,-34],[-52,-2],[-34,8],[-11,-12],[11,-55],[-15,-6],[12,-86],[15,-52],[24,-46],[18,-9],[-8,51],[44,-83],[-19,-28],[-28,38],[-40,69],[0,-48],[-9,2],[6,-57],[-15,1],[20,-79],[4,20],[33,-36],[24,-12],[26,-125],[7,-132],[20,-99],[-6,-39],[20,-86],[-3,-18],[24,-28],[-8,-35],[4,-50],[11,-43],[-15,-19],[3,43],[-10,1],[-7,86],[-9,-54],[10,-12],[-2,-56],[-19,-18],[-37,31],[-6,-20],[46,-22],[21,15],[-13,-49],[-26,-18],[1,32],[-20,-42],[18,-13],[25,19],[16,-13],[-9,-48],[-16,-18],[3,-36],[23,16],[1,23],[22,-17],[14,10],[-31,-75],[24,35],[-4,-41],[19,19],[3,-36],[-23,-25],[8,-11],[63,21],[-27,-37],[13,-46],[11,56],[13,1],[-3,-36],[-21,-35],[7,-117],[13,6]],[[64386,17377],[-15,-10],[-5,35],[-19,-10],[-6,39],[-28,31],[16,28],[-21,-3],[-10,53],[-22,-14],[-46,29],[-59,-16],[-8,46],[-7,-35],[-22,7],[6,38],[-17,19],[-3,-28],[-14,20],[-15,-20],[-32,32]]]}
