year,month,day,decimal_date,ppm,n_days,date,imputed
1974,5,19,1974.3795,333.37,5,1974-05-19,0
1974,5,26,1974.3986,332.95,6,1974-05-26,0
1974,6,2,1974.4178,332.35,5,1974-06-02,0
1974,6,9,1974.437,332.2,7,1974-06-09,0
1974,6,16,1974.4562,332.37,7,1974-06-16,0
1974,6,23,1974.4753,331.73,5,1974-06-23,0
1974,6,30,1974.4945,331.69,6,1974-06-30,0
1974,7,7,1974.5137,331.46,6,1974-07-07,0
1974,7,14,1974.5329,330.83,5,1974-07-14,0
1974,7,21,1974.5521,330.76,7,1974-07-21,0
1974,7,28,1974.5712,329.81,4,1974-07-28,0
1974,8,4,1974.5904,329.85,5,1974-08-04,0
1974,8,11,1974.6096,329.15,5,1974-08-11,0
1974,8,18,1974.6288,329.06,6,1974-08-18,0
1974,8,25,1974.6479,328.33,7,1974-08-25,0
1974,9,1,1974.6671,328.06,5,1974-09-01,0
1974,9,8,1974.6863,327.56,4,1974-09-08,0
1974,9,15,1974.7055,326.72,6,1974-09-15,0
1974,9,22,1974.7247,326.99,5,1974-09-22,0
1974,9,29,1974.7438,327.31,5,1974-09-29,0
1974,10,6,1974.763,327.07,6,1974-10-06,0
1974,10,13,1974.7822,327.23,5,1974-10-13,0
1974,10,20,1974.8014,327.4,5,1974-10-20,0
1974,10,27,1974.8205,327.64,7,1974-10-27,0
1974,11,3,1974.8397,327.8,7,1974-11-03,0
1974,11,10,1974.8589,328.5,6,1974-11-10,0
1974,11,17,1974.8781,328.61,6,1974-11-17,0
1974,11,24,1974.8973,328.46,5,1974-11-24,0
1974,12,1,1974.9164,328.8,5,1974-12-01,0
1974,12,8,1974.9356,329.39,7,1974-12-08,0
1974,12,15,1974.9548,329.78,7,1974-12-15,0
1974,12,22,1974.974,329.96,7,1974-12-22,0
1974,12,29,1974.9932,330.38,7,1974-12-29,0
1975,1,5,1975.0123,330.49,6,1975-01-05,0
1975,1,12,1975.0315,330.59,7,1975-01-12,0
1975,1,19,1975.0507,330.79,7,1975-01-19,0
1975,1,26,1975.0699,331.24,7,1975-01-26,0
1975,2,2,1975.089,331.64,6,1975-02-02,0
1975,2,9,1975.1082,331.11,7,1975-02-09,0
1975,2,16,1975.1274,331.42,6,1975-02-16,0
1975,2,23,1975.1466,331.96,7,1975-02-23,0
1975,3,2,1975.1658,331.77,3,1975-03-02,0
1975,3,9,1975.1849,331.64,5,1975-03-09,0
1975,3,16,1975.2041,332.11,5,1975-03-16,0
1975,3,23,1975.2233,331.9,3,1975-03-23,0
1975,3,30,1975.2425,333.3,5,1975-03-30,0
1975,4,6,1975.2616,332.78,5,1975-04-06,0
1975,4,13,1975.2808,333.16,3,1975-04-13,0
1975,4,20,1975.3,333.28,6,1975-04-20,0
1975,4,27,1975.3192,333.48,7,1975-04-27,0
1975,5,4,1975.3384,333.94,7,1975-05-04,0
1975,5,11,1975.3575,334.25,6,1975-05-11,0
1975,5,18,1975.3767,333.46,5,1975-05-18,0
1975,5,25,1975.3959,334,7,1975-05-25,0
1975,6,1,1975.4151,333.96,7,1975-06-01,0
1975,6,8,1975.4342,333.19,6,1975-06-08,0
1975,6,15,1975.4534,333.23,7,1975-06-15,0
1975,6,22,1975.4726,333.5,6,1975-06-22,0
1975,6,29,1975.4918,333,6,1975-06-29,0
1975,7,6,1975.511,332.32,6,1975-07-06,0
1975,7,13,1975.5301,331.83,5,1975-07-13,0
1975,7,20,1975.5493,331.37,4,1975-07-20,0
1975,7,27,1975.5685,331.22,5,1975-07-27,0
1975,8,3,1975.5877,331.01,6,1975-08-03,0
1975,8,10,1975.6068,330.38,5,1975-08-10,0
1975,8,17,1975.626,329.48,6,1975-08-17,0
1975,8,24,1975.6452,328.73,5,1975-08-24,0
1975,8,31,1975.6644,329.32,5,1975-08-31,0
1975,9,7,1975.6836,329.42,3,1975-09-07,0
1975,9,14,1975.7027,327.94,7,1975-09-14,0
1975,9,21,1975.7219,327.95,5,1975-09-21,0
1975,9,28,1975.7411,327.97,5,1975-09-28,0
1975,10,5,1975.7603,328.19,0,1975-10-05,1
1975,10,12,1975.7795,328.4,1,1975-10-12,0
1975,10,19,1975.7986,328.73,4,1975-10-19,0
1975,10,26,1975.8178,328.8,5,1975-10-26,0
1975,11,2,1975.837,329.03,6,1975-11-02,0
1975,11,9,1975.8562,329.01,6,1975-11-09,0
1975,11,16,1975.8753,329.22,2,1975-11-16,0
1975,11,23,1975.8945,330.18,2,1975-11-23,0
1975,11,30,1975.9137,329.72,1,1975-11-30,0
1975,12,7,1975.9329,330.04,0,1975-12-07,1
1975,12,14,1975.9521,330.36,0,1975-12-14,1
1975,12,21,1975.9712,330.69,0,1975-12-21,1
1975,12,28,1975.9904,331.01,0,1975-12-28,1
1976,1,4,1976.0096,331.33,3,1976-01-04,0
1976,1,11,1976.0287,331.53,5,1976-01-11,0
1976,1,18,1976.0478,331.66,6,1976-01-18,0
1976,1,25,1976.0669,331.88,5,1976-01-25,0
1976,2,1,1976.0861,332.45,5,1976-02-01,0
1976,2,8,1976.1052,332.51,5,1976-02-08,0
1976,2,15,1976.1243,332.61,6,1976-02-15,0
1976,2,22,1976.1434,333.49,5,1976-02-22,0
1976,2,29,1976.1626,332.43,3,1976-02-29,0
1976,3,7,1976.1817,332.88,7,1976-03-07,0
1976,3,14,1976.2008,333.56,6,1976-03-14,0
1976,3,21,1976.2199,334.33,2,1976-03-21,0
1976,3,28,1976.2391,334.56,4,1976-03-28,0
1976,4,4,1976.2582,335.06,4,1976-04-04,0
1976,4,11,1976.2773,333.01,1,1976-04-11,0
1976,4,18,1976.2964,334.7,6,1976-04-18,0
1976,4,25,1976.3156,335.06,5,1976-04-25,0
1976,5,2,1976.3347,334.17,4,1976-05-02,0
1976,5,9,1976.3538,334.32,6,1976-05-09,0
1976,5,16,1976.373,335.29,4,1976-05-16,0
1976,5,23,1976.3921,335.28,4,1976-05-23,0
1976,5,30,1976.4112,334.43,6,1976-05-30,0
1976,6,6,1976.4303,334.21,4,1976-06-06,0
1976,6,13,1976.4495,334.17,5,1976-06-13,0
1976,6,20,1976.4686,334.05,2,1976-06-20,0
1976,6,27,1976.4877,333.83,0,1976-06-27,1
1976,7,4,1976.5068,333.6,4,1976-07-04,0
1976,7,11,1976.526,333.48,3,1976-07-11,0
1976,7,18,1976.5451,332.43,3,1976-07-18,0
1976,7,25,1976.5642,332.24,5,1976-07-25,0
1976,8,1,1976.5833,331.69,5,1976-08-01,0
1976,8,8,1976.6025,330.7,6,1976-08-08,0
1976,8,15,1976.6216,330.44,5,1976-08-15,0
1976,8,22,1976.6407,330.23,6,1976-08-22,0
1976,8,29,1976.6598,330.43,2,1976-08-29,0
1976,9,5,1976.679,329.53,2,1976-09-05,0
1976,9,12,1976.6981,329.54,2,1976-09-12,0
1976,9,19,1976.7172,328.61,6,1976-09-19,0
1976,9,26,1976.7363,327.65,3,1976-09-26,0
1976,10,3,1976.7555,328.54,5,1976-10-03,0
1976,10,10,1976.7746,328.55,4,1976-10-10,0
1976,10,17,1976.7937,329.28,3,1976-10-17,0
1976,10,24,1976.8128,328.82,6,1976-10-24,0
1976,10,31,1976.832,329.4,4,1976-10-31,0
1976,11,7,1976.8511,330.44,4,1976-11-07,0
1976,11,14,1976.8702,330.17,7,1976-11-14,0
1976,11,21,1976.8893,330.55,7,1976-11-21,0
1976,11,28,1976.9085,330.68,7,1976-11-28,0
1976,12,5,1976.9276,331.19,3,1976-12-05,0
1976,12,12,1976.9467,332.38,2,1976-12-12,0
1976,12,19,1976.9658,331.7,6,1976-12-19,0
1976,12,26,1976.985,332.38,6,1976-12-26,0
1977,1,2,1977.0041,332.39,6,1977-01-02,0
1977,1,9,1977.0233,332.5,6,1977-01-09,0
1977,1,16,1977.0425,332.88,4,1977-01-16,0
1977,1,23,1977.0616,333.02,5,1977-01-23,0
1977,1,30,1977.0808,332.98,3,1977-01-30,0
1977,2,6,1977.1,333.23,4,1977-02-06,0
1977,2,13,1977.1192,333.15,5,1977-02-13,0
1977,2,20,1977.1384,333.18,7,1977-02-20,0
1977,2,27,1977.1575,334.35,5,1977-02-27,0
1977,3,6,1977.1767,334.3,5,1977-03-06,0
1977,3,13,1977.1959,335.19,5,1977-03-13,0
1977,3,20,1977.2151,335.32,6,1977-03-20,0
1977,3,27,1977.2342,335.18,4,1977-03-27,0
1977,4,3,1977.2534,336.01,3,1977-04-03,0
1977,4,10,1977.2726,335.85,5,1977-04-10,0
1977,4,17,1977.2918,336.31,7,1977-04-17,0
1977,4,24,1977.311,336.59,5,1977-04-24,0
1977,5,1,1977.3301,337,3,1977-05-01,0
1977,5,8,1977.3493,336.58,3,1977-05-08,0
1977,5,15,1977.3685,337.1,4,1977-05-15,0
1977,5,22,1977.3877,336.99,7,1977-05-22,0
1977,5,29,1977.4068,336.63,6,1977-05-29,0
1977,6,5,1977.426,336.2,6,1977-06-05,0
1977,6,12,1977.4452,336.01,5,1977-06-12,0
1977,6,19,1977.4644,336.34,5,1977-06-19,0
1977,6,26,1977.4836,335.74,6,1977-06-26,0
1977,7,3,1977.5027,335.46,3,1977-07-03,0
1977,7,10,1977.5219,335.24,5,1977-07-10,0
1977,7,17,1977.5411,334.6,3,1977-07-17,0
1977,7,24,1977.5603,334.1,6,1977-07-24,0
1977,7,31,1977.5795,333.42,5,1977-07-31,0
1977,8,7,1977.5986,332.54,5,1977-08-07,0
1977,8,14,1977.6178,332.84,3,1977-08-14,0
1977,8,21,1977.637,331.82,3,1977-08-21,0
1977,8,28,1977.6562,332.25,5,1977-08-28,0
1977,9,4,1977.6753,331.18,3,1977-09-04,0
1977,9,11,1977.6945,331.48,7,1977-09-11,0
1977,9,18,1977.7137,330.92,3,1977-09-18,0
1977,9,25,1977.7329,330.93,5,1977-09-25,0
1977,10,2,1977.7521,330.94,6,1977-10-02,0
1977,10,9,1977.7712,331.54,4,1977-10-09,0
1977,10,16,1977.7904,331.27,4,1977-10-16,0
1977,10,23,1977.8096,331.37,7,1977-10-23,0
1977,10,30,1977.8288,331.88,3,1977-10-30,0
1977,11,6,1977.8479,332.08,6,1977-11-06,0
1977,11,13,1977.8671,332.53,4,1977-11-13,0
1977,11,20,1977.8863,333.11,6,1977-11-20,0
1977,11,27,1977.9055,332.65,5,1977-11-27,0
1977,12,4,1977.9247,333.34,6,1977-12-04,0
1977,12,11,1977.9438,333.4,5,1977-12-11,0
1977,12,18,1977.963,334.03,7,1977-12-18,0
1977,12,25,1977.9822,333.97,5,1977-12-25,0
1978,1,1,1978.0014,334.65,4,1978-01-01,0
1978,1,8,1978.0205,334.56,5,1978-01-08,0
1978,1,15,1978.0397,334.94,5,1978-01-15,0
1978,1,22,1978.0589,335.68,5,1978-01-22,0
1978,1,29,1978.0781,335.22,6,1978-01-29,0
1978,2,5,1978.0973,334.74,6,1978-02-05,0
1978,2,12,1978.1164,335.3,6,1978-02-12,0
1978,2,19,1978.1356,335.5,7,1978-02-19,0
1978,2,26,1978.1548,335.95,7,1978-02-26,0
1978,3,5,1978.174,336.06,7,1978-03-05,0
1978,3,12,1978.1932,336.73,6,1978-03-12,0
1978,3,19,1978.2123,336.91,5,1978-03-19,0
1978,3,26,1978.2315,337.29,6,1978-03-26,0
1978,4,2,1978.2507,337.33,4,1978-04-02,0
1978,4,9,1978.2699,338,4,1978-04-09,0
1978,4,16,1978.289,337.62,5,1978-04-16,0
1978,4,23,1978.3082,337.87,4,1978-04-23,0
1978,4,30,1978.3274,338.27,5,1978-04-30,0
1978,5,7,1978.3466,338.03,6,1978-05-07,0
1978,5,14,1978.3658,337.89,7,1978-05-14,0
1978,5,21,1978.3849,337.79,5,1978-05-21,0
1978,5,28,1978.4041,338.44,6,1978-05-28,0
1978,6,4,1978.4233,338.46,2,1978-06-04,0
1978,6,11,1978.4425,338.12,5,1978-06-11,0
1978,6,18,1978.4616,337.62,3,1978-06-18,0
1978,6,25,1978.4808,337.47,5,1978-06-25,0
1978,7,2,1978.5,336.69,3,1978-07-02,0
1978,7,9,1978.5192,336.79,6,1978-07-09,0
1978,7,16,1978.5384,336.34,5,1978-07-16,0
1978,7,23,1978.5575,335.86,5,1978-07-23,0
1978,7,30,1978.5767,335.42,6,1978-07-30,0
1978,8,6,1978.5959,334.66,7,1978-08-06,0
1978,8,13,1978.6151,334.69,4,1978-08-13,0
1978,8,20,1978.6342,334.2,2,1978-08-20,0
1978,8,27,1978.6534,333.78,3,1978-08-27,0
1978,9,3,1978.6726,332.82,3,1978-09-03,0
1978,9,10,1978.6918,331.85,6,1978-09-10,0
1978,9,17,1978.711,331.75,3,1978-09-17,0
1978,9,24,1978.7301,332.79,4,1978-09-24,0
1978,10,1,1978.7493,332.22,5,1978-10-01,0
1978,10,8,1978.7685,331.91,5,1978-10-08,0
1978,10,15,1978.7877,332.67,4,1978-10-15,0
1978,10,22,1978.8068,332.8,6,1978-10-22,0
1978,10,29,1978.826,333.22,4,1978-10-29,0
1978,11,5,1978.8452,333.57,5,1978-11-05,0
1978,11,12,1978.8644,333.61,7,1978-11-12,0
1978,11,19,1978.8836,334.12,6,1978-11-19,0
1978,11,26,1978.9027,334.15,4,1978-11-26,0
1978,12,3,1978.9219,334.46,5,1978-12-03,0
1978,12,10,1978.9411,334.96,6,1978-12-10,0
1978,12,17,1978.9603,335.26,6,1978-12-17,0
1978,12,24,1978.9795,335.07,7,1978-12-24,0
1978,12,31,1978.9986,335.2,7,1978-12-31,0
1979,1,7,1979.0178,335.48,7,1979-01-07,0
1979,1,14,1979.037,336.64,7,1979-01-14,0
1979,1,21,1979.0562,336.93,5,1979-01-21,0
1979,1,28,1979.0753,337.01,4,1979-01-28,0
1979,2,4,1979.0945,336.6,6,1979-02-04,0
1979,2,11,1979.1137,336.52,7,1979-02-11,0
1979,2,18,1979.1329,336.78,7,1979-02-18,0
1979,2,25,1979.1521,336.9,5,1979-02-25,0
1979,3,4,1979.1712,337.93,6,1979-03-04,0
1979,3,11,1979.1904,338.1,3,1979-03-11,0
1979,3,18,1979.2096,338.65,3,1979-03-18,0
1979,3,25,1979.2288,338.97,7,1979-03-25,0
1979,4,1,1979.2479,337.89,4,1979-04-01,0
1979,4,8,1979.2671,338.76,5,1979-04-08,0
1979,4,15,1979.2863,338.76,7,1979-04-15,0
1979,4,22,1979.3055,339.38,6,1979-04-22,0
1979,4,29,1979.3247,339.52,6,1979-04-29,0
1979,5,6,1979.3438,338.61,3,1979-05-06,0
1979,5,13,1979.363,339.19,4,1979-05-13,0
1979,5,20,1979.3822,339.41,6,1979-05-20,0
1979,5,27,1979.4014,339.67,4,1979-05-27,0
1979,6,3,1979.4205,339.74,6,1979-06-03,0
1979,6,10,1979.4397,339.01,4,1979-06-10,0
1979,6,17,1979.4589,339.15,6,1979-06-17,0
1979,6,24,1979.4781,338.93,2,1979-06-24,0
1979,7,1,1979.4973,338.14,6,1979-07-01,0
1979,7,8,1979.5164,337.7,5,1979-07-08,0
1979,7,15,1979.5356,337.91,6,1979-07-15,0
1979,7,22,1979.5548,336.67,6,1979-07-22,0
1979,7,29,1979.574,336.85,5,1979-07-29,0
1979,8,5,1979.5932,336.35,6,1979-08-05,0
1979,8,12,1979.6123,336.17,5,1979-08-12,0
1979,8,19,1979.6315,334.81,7,1979-08-19,0
1979,8,26,1979.6507,334.99,5,1979-08-26,0
1979,9,2,1979.6699,333.74,2,1979-09-02,0
1979,9,9,1979.689,334.4,4,1979-09-09,0
1979,9,16,1979.7082,333.6,6,1979-09-16,0
1979,9,23,1979.7274,333.61,5,1979-09-23,0
1979,9,30,1979.7466,334.1,6,1979-09-30,0
1979,10,7,1979.7658,334.52,3,1979-10-07,0
1979,10,14,1979.7849,334.09,7,1979-10-14,0
1979,10,21,1979.8041,334.35,7,1979-10-21,0
1979,10,28,1979.8233,334.54,4,1979-10-28,0
1979,11,4,1979.8425,334.8,7,1979-11-04,0
1979,11,11,1979.8616,335.36,7,1979-11-11,0
1979,11,18,1979.8808,335.79,7,1979-11-18,0
1979,11,25,1979.9,335.88,7,1979-11-25,0
1979,12,2,1979.9192,336.4,7,1979-12-02,0
1979,12,9,1979.9384,336.72,6,1979-12-09,0
1979,12,16,1979.9575,337.01,3,1979-12-16,0
1979,12,23,1979.9767,337.2,3,1979-12-23,0
1979,12,30,1979.9959,337.53,7,1979-12-30,0
1980,1,6,1980.015,337.4,6,1980-01-06,0
1980,1,13,1980.0342,337.71,6,1980-01-13,0
1980,1,20,1980.0533,338.65,7,1980-01-20,0
1980,1,27,1980.0724,337.89,7,1980-01-27,0
1980,2,3,1980.0915,338.47,5,1980-02-03,0
1980,2,10,1980.1107,338.19,6,1980-02-10,0
1980,2,17,1980.1298,338.35,7,1980-02-17,0
1980,2,24,1980.1489,338.91,7,1980-02-24,0
1980,3,2,1980.168,339.43,3,1980-03-02,0
1980,3,9,1980.1872,339.83,6,1980-03-09,0
1980,3,16,1980.2063,339.66,5,1980-03-16,0
1980,3,23,1980.2254,340.84,6,1980-03-23,0
1980,3,30,1980.2445,340.63,5,1980-03-30,0
1980,4,6,1980.2637,340.81,5,1980-04-06,0
1980,4,13,1980.2828,340.98,6,1980-04-13,0
1980,4,20,1980.3019,341.14,7,1980-04-20,0
1980,4,27,1980.321,341.35,6,1980-04-27,0
1980,5,4,1980.3402,341.39,4,1980-05-04,0
1980,5,11,1980.3593,341.71,6,1980-05-11,0
1980,5,18,1980.3784,341.34,5,1980-05-18,0
1980,5,25,1980.3975,341.32,6,1980-05-25,0
1980,6,1,1980.4167,341.64,5,1980-06-01,0
1980,6,8,1980.4358,341.62,5,1980-06-08,0
1980,6,15,1980.4549,341.5,6,1980-06-15,0
1980,6,22,1980.474,340.76,4,1980-06-22,0
1980,6,29,1980.4932,340.49,5,1980-06-29,0
1980,7,6,1980.5123,339.95,5,1980-07-06,0
1980,7,13,1980.5314,339.3,6,1980-07-13,0
1980,7,20,1980.5505,338.77,6,1980-07-20,0
1980,7,27,1980.5697,338.81,6,1980-07-27,0
1980,8,3,1980.5888,336.78,3,1980-08-03,0
1980,8,10,1980.6079,337.99,4,1980-08-10,0
1980,8,17,1980.627,338.36,3,1980-08-17,0
1980,8,24,1980.6462,337.2,4,1980-08-24,0
1980,8,31,1980.6653,336.9,3,1980-08-31,0
1980,9,7,1980.6844,335.96,4,1980-09-07,0
1980,9,14,1980.7036,336.43,5,1980-09-14,0
1980,9,21,1980.7227,335.71,2,1980-09-21,0
1980,9,28,1980.7418,335.77,3,1980-09-28,0
1980,10,5,1980.7609,335.72,7,1980-10-05,0
1980,10,12,1980.7801,336.11,7,1980-10-12,0
1980,10,19,1980.7992,336.51,6,1980-10-19,0
1980,10,26,1980.8183,336.69,5,1980-10-26,0
1980,11,2,1980.8374,336.9,7,1980-11-02,0
1980,11,9,1980.8566,337.49,5,1980-11-09,0
1980,11,16,1980.8757,337.22,7,1980-11-16,0
1980,11,23,1980.8948,337.65,7,1980-11-23,0
1980,11,30,1980.9139,337.8,4,1980-11-30,0
1980,12,7,1980.9331,338.09,3,1980-12-07,0
1980,12,14,1980.9522,338.52,7,1980-12-14,0
1980,12,21,1980.9713,338.39,6,1980-12-21,0
1980,12,28,1980.9904,338.61,7,1980-12-28,0
1981,1,4,1981.0096,339.12,6,1981-01-04,0
1981,1,11,1981.0288,339.25,7,1981-01-11,0
1981,1,18,1981.0479,339.55,7,1981-01-18,0
1981,1,25,1981.0671,339.67,5,1981-01-25,0
1981,2,1,1981.0863,339.89,7,1981-02-01,0
1981,2,8,1981.1055,340.7,6,1981-02-08,0
1981,2,15,1981.1247,340.18,5,1981-02-15,0
1981,2,22,1981.1438,341.34,7,1981-02-22,0
1981,3,1,1981.163,341.23,6,1981-03-01,0
1981,3,8,1981.1822,340.97,5,1981-03-08,0
1981,3,15,1981.2014,341.61,6,1981-03-15,0
1981,3,22,1981.2205,342.49,5,1981-03-22,0
1981,3,29,1981.2397,342.29,7,1981-03-29,0
1981,4,5,1981.2589,342.62,5,1981-04-05,0
1981,4,12,1981.2781,342.96,7,1981-04-12,0
1981,4,19,1981.2973,342.54,7,1981-04-19,0
1981,4,26,1981.3164,342.68,5,1981-04-26,0
1981,5,3,1981.3356,343.07,6,1981-05-03,0
1981,5,10,1981.3548,343.05,7,1981-05-10,0
1981,5,17,1981.374,342.95,7,1981-05-17,0
1981,5,24,1981.3932,343,7,1981-05-24,0
1981,5,31,1981.4123,342.87,5,1981-05-31,0
1981,6,7,1981.4315,342.83,7,1981-06-07,0
1981,6,14,1981.4507,342.41,6,1981-06-14,0
1981,6,21,1981.4699,342.18,5,1981-06-21,0
1981,6,28,1981.489,341.72,6,1981-06-28,0
1981,7,5,1981.5082,341.3,7,1981-07-05,0
1981,7,12,1981.5274,340.54,5,1981-07-12,0
1981,7,19,1981.5466,340.72,5,1981-07-19,0
1981,7,26,1981.5658,340.21,5,1981-07-26,0
1981,8,2,1981.5849,339.32,7,1981-08-02,0
1981,8,9,1981.6041,339,6,1981-08-09,0
1981,8,16,1981.6233,338.42,5,1981-08-16,0
1981,8,23,1981.6425,337.19,5,1981-08-23,0
1981,8,30,1981.6616,337.6,6,1981-08-30,0
1981,9,6,1981.6808,337.1,6,1981-09-06,0
1981,9,13,1981.7,336.92,6,1981-09-13,0
1981,9,20,1981.7192,336.84,7,1981-09-20,0
1981,9,27,1981.7384,336.14,5,1981-09-27,0
1981,10,4,1981.7575,336.64,6,1981-10-04,0
1981,10,11,1981.7767,337.08,7,1981-10-11,0
1981,10,18,1981.7959,337.22,5,1981-10-18,0
1981,10,25,1981.8151,337.63,5,1981-10-25,0
1981,11,1,1981.8342,338.13,7,1981-11-01,0
1981,11,8,1981.8534,338.29,7,1981-11-08,0
1981,11,15,1981.8726,338.45,6,1981-11-15,0
1981,11,22,1981.8918,339.23,5,1981-11-22,0
1981,11,29,1981.911,339.72,4,1981-11-29,0
1981,12,6,1981.9301,339.7,5,1981-12-06,0
1981,12,13,1981.9493,339.78,6,1981-12-13,0
1981,12,20,1981.9685,340.03,4,1981-12-20,0
1981,12,27,1981.9877,340.42,4,1981-12-27,0
1982,1,3,1982.0068,340.57,5,1982-01-03,0
1982,1,10,1982.026,340.75,7,1982-01-10,0
1982,1,17,1982.0452,340.79,6,1982-01-17,0
1982,1,24,1982.0644,341.63,7,1982-01-24,0
1982,1,31,1982.0836,341.75,6,1982-01-31,0
1982,2,7,1982.1027,341.57,7,1982-02-07,0
1982,2,14,1982.1219,341.6,5,1982-02-14,0
1982,2,21,1982.1411,341.95,6,1982-02-21,0
1982,2,28,1982.1603,342.69,5,1982-02-28,0
1982,3,7,1982.1795,342.46,6,1982-03-07,0
1982,3,14,1982.1986,342.71,6,1982-03-14,0
1982,3,21,1982.2178,342.77,0,1982-03-21,1
1982,3,28,1982.237,342.83,1,1982-03-28,0
1982,4,4,1982.2562,343.38,5,1982-04-04,0
1982,4,11,1982.2753,343.96,0,1982-04-11,1
1982,4,18,1982.2945,344.53,0,1982-04-18,1
1982,4,25,1982.3137,345.11,3,1982-04-25,0
1982,5,2,1982.3329,344.38,6,1982-05-02,0
1982,5,9,1982.3521,344.91,7,1982-05-09,0
1982,5,16,1982.3712,344.78,5,1982-05-16,0
1982,5,23,1982.3904,344.97,7,1982-05-23,0
1982,5,30,1982.4096,344.22,6,1982-05-30,0
1982,6,6,1982.4288,344.07,7,1982-06-06,0
1982,6,13,1982.4479,344.18,6,1982-06-13,0
1982,6,20,1982.4671,343.51,7,1982-06-20,0
1982,6,27,1982.4863,343.34,5,1982-06-27,0
1982,7,4,1982.5055,343.02,7,1982-07-04,0
1982,7,11,1982.5247,342.35,7,1982-07-11,0
1982,7,18,1982.5438,342.19,5,1982-07-18,0
1982,7,25,1982.563,341.86,6,1982-07-25,0
1982,8,1,1982.5822,341.16,7,1982-08-01,0
1982,8,8,1982.6014,340.7,5,1982-08-08,0
1982,8,15,1982.6205,340.58,5,1982-08-15,0
1982,8,22,1982.6397,339.46,5,1982-08-22,0
1982,8,29,1982.6589,338.97,6,1982-08-29,0
1982,9,5,1982.6781,338.83,6,1982-09-05,0
1982,9,12,1982.6973,339.09,3,1982-09-12,0
1982,9,19,1982.7164,337.35,4,1982-09-19,0
1982,9,26,1982.7356,337.62,7,1982-09-26,0
1982,10,3,1982.7548,338.02,4,1982-10-03,0
1982,10,10,1982.774,338.06,6,1982-10-10,0
1982,10,17,1982.7932,338.31,7,1982-10-17,0
1982,10,24,1982.8123,339.3,6,1982-10-24,0
1982,10,31,1982.8315,338.9,6,1982-10-31,0
1982,11,7,1982.8507,339.13,7,1982-11-07,0
1982,11,14,1982.8699,339.43,3,1982-11-14,0
1982,11,21,1982.889,340.17,6,1982-11-21,0
1982,11,28,1982.9082,339.7,6,1982-11-28,0
1982,12,5,1982.9274,340.44,6,1982-12-05,0
1982,12,12,1982.9466,340.69,6,1982-12-12,0
1982,12,19,1982.9658,341.24,7,1982-12-19,0
1982,12,26,1982.9849,341.31,5,1982-12-26,0
1983,1,2,1983.0041,341.58,6,1983-01-02,0
1983,1,9,1983.0233,342.07,5,1983-01-09,0
1983,1,16,1983.0425,341.32,7,1983-01-16,0
1983,1,23,1983.0616,341.62,7,1983-01-23,0
1983,1,30,1983.0808,341.97,5,1983-01-30,0
1983,2,6,1983.1,342.66,5,1983-02-06,0
1983,2,13,1983.1192,342.94,7,1983-02-13,0
1983,2,20,1983.1384,342.91,7,1983-02-20,0
1983,2,27,1983.1575,342.59,7,1983-02-27,0
1983,3,6,1983.1767,342.51,7,1983-03-06,0
1983,3,13,1983.1959,343.61,6,1983-03-13,0
1983,3,20,1983.2151,345.18,4,1983-03-20,0
1983,3,27,1983.2342,343.92,6,1983-03-27,0
1983,4,3,1983.2534,344.89,6,1983-04-03,0
1983,4,10,1983.2726,345.2,4,1983-04-10,0
1983,4,17,1983.2918,345.72,5,1983-04-17,0
1983,4,24,1983.311,345.93,7,1983-04-24,0
1983,5,1,1983.3301,345.78,5,1983-05-01,0
1983,5,8,1983.3493,346.05,6,1983-05-08,0
1983,5,15,1983.3685,346.43,7,1983-05-15,0
1983,5,22,1983.3877,346.18,7,1983-05-22,0
1983,5,29,1983.4068,346.06,6,1983-05-29,0
1983,6,5,1983.426,346.23,5,1983-06-05,0
1983,6,12,1983.4452,345.85,4,1983-06-12,0
1983,6,19,1983.4644,345.52,4,1983-06-19,0
1983,6,26,1983.4836,345.12,5,1983-06-26,0
1983,7,3,1983.5027,345.17,7,1983-07-03,0
1983,7,10,1983.5219,344.12,4,1983-07-10,0
1983,7,17,1983.5411,344.27,4,1983-07-17,0
1983,7,24,1983.5603,343.72,5,1983-07-24,0
1983,7,31,1983.5795,343.1,7,1983-07-31,0
1983,8,7,1983.5986,342.72,0,1983-08-07,1
1983,8,14,1983.6178,342.33,4,1983-08-14,0
1983,8,21,1983.637,342.05,5,1983-08-21,0
1983,8,28,1983.6562,340.98,3,1983-08-28,0
1983,9,4,1983.6753,340.47,4,1983-09-04,0
1983,9,11,1983.6945,340.37,2,1983-09-11,0
1983,9,18,1983.7137,340.43,5,1983-09-18,0
1983,9,25,1983.7329,340.47,3,1983-09-25,0
1983,10,2,1983.7521,340.13,6,1983-10-02,0
1983,10,9,1983.7712,340.34,6,1983-10-09,0
1983,10,16,1983.7904,340.96,3,1983-10-16,0
1983,10,23,1983.8096,340.82,4,1983-10-23,0
1983,10,30,1983.8288,341.21,4,1983-10-30,0
1983,11,6,1983.8479,341.51,7,1983-11-06,0
1983,11,13,1983.8671,341.8,6,1983-11-13,0
1983,11,20,1983.8863,342.05,7,1983-11-20,0
1983,11,27,1983.9055,342.43,6,1983-11-27,0
1983,12,4,1983.9247,342.62,2,1983-12-04,0
1983,12,11,1983.9438,342.97,5,1983-12-11,0
1983,12,18,1983.963,343.54,5,1983-12-18,0
1983,12,25,1983.9822,343.76,7,1983-12-25,0
1984,1,1,1984.0014,344.19,5,1984-01-01,0
1984,1,8,1984.0205,343.89,6,1984-01-08,0
1984,1,15,1984.0396,344.09,4,1984-01-15,0
1984,1,22,1984.0587,344.49,6,1984-01-22,0
1984,1,29,1984.0779,344.71,4,1984-01-29,0
1984,2,5,1984.097,344.99,5,1984-02-05,0
1984,2,12,1984.1161,344.78,7,1984-02-12,0
1984,2,19,1984.1352,345.12,7,1984-02-19,0
1984,2,26,1984.1544,345.05,5,1984-02-26,0
1984,3,4,1984.1735,345.36,4,1984-03-04,0
1984,3,11,1984.1926,345.67,4,1984-03-11,0
1984,3,18,1984.2117,345.86,7,1984-03-18,0
1984,3,25,1984.2309,345.91,1,1984-03-25,0
1984,4,1,1984.25,346.28,0,1984-04-01,1
1984,4,8,1984.2691,346.65,0,1984-04-08,1
1984,4,15,1984.2883,347.03,0,1984-04-15,1
1984,4,22,1984.3074,347.4,0,1984-04-22,1
1984,4,29,1984.3265,347.77,6,1984-04-29,0
1984,5,6,1984.3456,347.27,3,1984-05-06,0
1984,5,13,1984.3648,348.04,6,1984-05-13,0
1984,5,20,1984.3839,347.7,5,1984-05-20,0
1984,5,27,1984.403,347.68,2,1984-05-27,0
1984,6,3,1984.4221,347.31,6,1984-06-03,0
1984,6,10,1984.4413,347.56,4,1984-06-10,0
1984,6,17,1984.4604,347.11,5,1984-06-17,0
1984,6,24,1984.4795,346.67,5,1984-06-24,0
1984,7,1,1984.4986,346.46,4,1984-07-01,0
1984,7,8,1984.5178,346.31,5,1984-07-08,0
1984,7,15,1984.5369,345.75,3,1984-07-15,0
1984,7,22,1984.556,345.09,4,1984-07-22,0
1984,7,29,1984.5751,344.97,4,1984-07-29,0
1984,8,5,1984.5943,344.53,3,1984-08-05,0
1984,8,12,1984.6134,344.37,1,1984-08-12,0
1984,8,19,1984.6325,343.25,4,1984-08-19,0
1984,8,26,1984.6516,342.31,2,1984-08-26,0
1984,9,2,1984.6708,341.07,3,1984-09-02,0
1984,9,9,1984.6899,341.29,2,1984-09-09,0
1984,9,16,1984.709,342.07,5,1984-09-16,0
1984,9,23,1984.7281,341.43,4,1984-09-23,0
1984,9,30,1984.7473,341.95,1,1984-09-30,0
1984,10,7,1984.7664,341.55,6,1984-10-07,0
1984,10,14,1984.7855,342.19,1,1984-10-14,0
1984,10,21,1984.8046,342.12,2,1984-10-21,0
1984,10,28,1984.8238,342.26,5,1984-10-28,0
1984,11,4,1984.8429,342.82,4,1984-11-04,0
1984,11,11,1984.862,343.32,5,1984-11-11,0
1984,11,18,1984.8811,343.69,5,1984-11-18,0
1984,11,25,1984.9003,343.71,2,1984-11-25,0
1984,12,2,1984.9194,344.24,2,1984-12-02,0
1984,12,9,1984.9385,344.85,3,1984-12-09,0
1984,12,16,1984.9577,345.09,4,1984-12-16,0
1984,12,23,1984.9768,345.77,2,1984-12-23,0
1984,12,30,1984.9959,345.64,7,1984-12-30,0
1985,1,6,1985.0151,345.57,5,1985-01-06,0
1985,1,13,1985.0342,345.36,5,1985-01-13,0
1985,1,20,1985.0534,345.35,5,1985-01-20,0
1985,1,27,1985.0726,345.84,6,1985-01-27,0
1985,2,3,1985.0918,346.16,2,1985-02-03,0
1985,2,10,1985.111,346,5,1985-02-10,0
1985,2,17,1985.1301,346.74,4,1985-02-17,0
1985,2,24,1985.1493,346.94,4,1985-02-24,0
1985,3,3,1985.1685,347.48,5,1985-03-03,0
1985,3,10,1985.1877,347.84,5,1985-03-10,0
1985,3,17,1985.2068,348.19,3,1985-03-17,0
1985,3,24,1985.226,348.09,2,1985-03-24,0
1985,3,31,1985.2452,348.56,7,1985-03-31,0
1985,4,7,1985.2644,348.51,4,1985-04-07,0
1985,4,14,1985.2836,348.17,5,1985-04-14,0
1985,4,21,1985.3027,349.11,4,1985-04-21,0
1985,4,28,1985.3219,349.21,5,1985-04-28,0
1985,5,5,1985.3411,349.54,3,1985-05-05,0
1985,5,12,1985.3603,349.39,6,1985-05-12,0
1985,5,19,1985.3795,349.32,4,1985-05-19,0
1985,5,26,1985.3986,348.92,4,1985-05-26,0
1985,6,2,1985.4178,349.09,5,1985-06-02,0
1985,6,9,1985.437,349.02,4,1985-06-09,0
1985,6,16,1985.4562,348.59,5,1985-06-16,0
1985,6,23,1985.4753,348.03,6,1985-06-23,0
1985,6,30,1985.4945,347.45,7,1985-06-30,0
1985,7,7,1985.5137,347.31,1,1985-07-07,0
1985,7,14,1985.5329,347.07,5,1985-07-14,0
1985,7,21,1985.5521,346.67,3,1985-07-21,0
1985,7,28,1985.5712,345.96,3,1985-07-28,0
1985,8,4,1985.5904,345.51,3,1985-08-04,0
1985,8,11,1985.6096,344.35,1,1985-08-11,0
1985,8,18,1985.6288,344.79,6,1985-08-18,0
1985,8,25,1985.6479,344.94,5,1985-08-25,0
1985,9,1,1985.6671,344.33,6,1985-09-01,0
1985,9,8,1985.6863,343.79,5,1985-09-08,0
1985,9,15,1985.7055,343.54,6,1985-09-15,0
1985,9,22,1985.7247,342.48,5,1985-09-22,0
1985,9,29,1985.7438,342.48,4,1985-09-29,0
1985,10,6,1985.763,343.07,4,1985-10-06,0
1985,10,13,1985.7822,343.17,7,1985-10-13,0
1985,10,20,1985.8014,343.83,2,1985-10-20,0
1985,10,27,1985.8205,343.97,6,1985-10-27,0
1985,11,3,1985.8397,343.97,5,1985-11-03,0
1985,11,10,1985.8589,344.57,5,1985-11-10,0
1985,11,17,1985.8781,345.05,4,1985-11-17,0
1985,11,24,1985.8973,345.58,6,1985-11-24,0
1985,12,1,1985.9164,345.53,4,1985-12-01,0
1985,12,8,1985.9356,346.07,7,1985-12-08,0
1985,12,15,1985.9548,346.12,6,1985-12-15,0
1985,12,22,1985.974,346.28,6,1985-12-22,0
1985,12,29,1985.9932,346.93,6,1985-12-29,0
1986,1,5,1986.0123,346.81,5,1986-01-05,0
1986,1,12,1986.0315,346.66,6,1986-01-12,0
1986,1,19,1986.0507,346.98,5,1986-01-19,0
1986,1,26,1986.0699,346.71,7,1986-01-26,0
1986,2,2,1986.089,347.15,6,1986-02-02,0
1986,2,9,1986.1082,347.43,6,1986-02-09,0
1986,2,16,1986.1274,347.79,7,1986-02-16,0
1986,2,23,1986.1466,347.62,6,1986-02-23,0
1986,3,2,1986.1658,347.19,5,1986-03-02,0
1986,3,9,1986.1849,347.28,1,1986-03-09,0
1986,3,16,1986.2041,348.08,3,1986-03-16,0
1986,3,23,1986.2233,349.54,5,1986-03-23,0
1986,3,30,1986.2425,349.06,4,1986-03-30,0
1986,4,6,1986.2616,349.72,5,1986-04-06,0
1986,4,13,1986.2808,349.85,3,1986-04-13,0
1986,4,20,1986.3,350.16,7,1986-04-20,0
1986,4,27,1986.3192,350.77,3,1986-04-27,0
1986,5,4,1986.3384,350.49,3,1986-05-04,0
1986,5,11,1986.3575,350.71,3,1986-05-11,0
1986,5,18,1986.3767,350.7,5,1986-05-18,0
1986,5,25,1986.3959,350.16,5,1986-05-25,0
1986,6,1,1986.4151,350.38,6,1986-06-01,0
1986,6,8,1986.4342,350.34,2,1986-06-08,0
1986,6,15,1986.4534,350.12,2,1986-06-15,0
1986,6,22,1986.4726,349.6,6,1986-06-22,0
1986,6,29,1986.4918,349.14,5,1986-06-29,0
1986,7,6,1986.511,348.89,4,1986-07-06,0
1986,7,13,1986.5301,347.71,5,1986-07-13,0
1986,7,20,1986.5493,347.95,4,1986-07-20,0
1986,7,27,1986.5685,347.82,3,1986-07-27,0
1986,8,3,1986.5877,346.81,5,1986-08-03,0
1986,8,10,1986.6068,346.28,5,1986-08-10,0
1986,8,17,1986.626,345.76,4,1986-08-17,0
1986,8,24,1986.6452,345.74,4,1986-08-24,0
1986,8,31,1986.6644,345.33,3,1986-08-31,0
1986,9,7,1986.6836,345.74,1,1986-09-07,0
1986,9,14,1986.7027,346.06,4,1986-09-14,0
1986,9,21,1986.7219,344.75,6,1986-09-21,0
1986,9,28,1986.7411,345.16,7,1986-09-28,0
1986,10,5,1986.7603,344.46,7,1986-10-05,0
1986,10,12,1986.7795,344.66,6,1986-10-12,0
1986,10,19,1986.7986,344.75,5,1986-10-19,0
1986,10,26,1986.8178,345.55,5,1986-10-26,0
1986,11,2,1986.837,345.75,5,1986-11-02,0
1986,11,9,1986.8562,346.27,5,1986-11-09,0
1986,11,16,1986.8753,346.22,3,1986-11-16,0
1986,11,23,1986.8945,346.55,7,1986-11-23,0
1986,11,30,1986.9137,347.38,7,1986-11-30,0
1986,12,7,1986.9329,347.32,7,1986-12-07,0
1986,12,14,1986.9521,347.36,5,1986-12-14,0
1986,12,21,1986.9712,347.49,3,1986-12-21,0
1986,12,28,1986.9904,347.84,6,1986-12-28,0
1987,1,4,1987.0096,348.3,5,1987-01-04,0
1987,1,11,1987.0288,349.04,7,1987-01-11,0
1987,1,18,1987.0479,348.82,7,1987-01-18,0
1987,1,25,1987.0671,348.81,3,1987-01-25,0
1987,2,1,1987.0863,348.65,7,1987-02-01,0
1987,2,8,1987.1055,348.42,7,1987-02-08,0
1987,2,15,1987.1247,349.13,5,1987-02-15,0
1987,2,22,1987.1438,349.61,6,1987-02-22,0
1987,3,1,1987.163,349.2,6,1987-03-01,0
1987,3,8,1987.1822,349.37,5,1987-03-08,0
1987,3,15,1987.2014,350.11,3,1987-03-15,0
1987,3,22,1987.2205,350.49,5,1987-03-22,0
1987,3,29,1987.2397,351.19,5,1987-03-29,0
1987,4,5,1987.2589,350.84,6,1987-04-05,0
1987,4,12,1987.2781,351.17,5,1987-04-12,0
1987,4,19,1987.2973,351.72,7,1987-04-19,0
1987,4,26,1987.3164,351.81,7,1987-04-26,0
1987,5,3,1987.3356,352.21,5,1987-05-03,0
1987,5,10,1987.3548,352.13,7,1987-05-10,0
1987,5,17,1987.374,352.11,7,1987-05-17,0
1987,5,24,1987.3932,352.29,6,1987-05-24,0
1987,5,31,1987.4123,352.2,7,1987-05-31,0
1987,6,7,1987.4315,351.8,5,1987-06-07,0
1987,6,14,1987.4507,351.42,6,1987-06-14,0
1987,6,21,1987.4699,351.31,4,1987-06-21,0
1987,6,28,1987.489,350.67,4,1987-06-28,0
1987,7,5,1987.5082,350.84,5,1987-07-05,0
1987,7,12,1987.5274,349.79,3,1987-07-12,0
1987,7,19,1987.5466,350.24,4,1987-07-19,0
1987,7,26,1987.5658,349.77,3,1987-07-26,0
1987,8,2,1987.5849,348,3,1987-08-02,0
1987,8,9,1987.6041,348.87,3,1987-08-09,0
1987,8,16,1987.6233,348.36,3,1987-08-16,0
1987,8,23,1987.6425,347.92,4,1987-08-23,0
1987,8,30,1987.6616,346.95,4,1987-08-30,0
1987,9,6,1987.6808,346.7,4,1987-09-06,0
1987,9,13,1987.7,346.96,6,1987-09-13,0
1987,9,20,1987.7192,345.9,6,1987-09-20,0
1987,9,27,1987.7384,346.36,7,1987-09-27,0
1987,10,4,1987.7575,346.5,4,1987-10-04,0
1987,10,11,1987.7767,346.7,2,1987-10-11,0
1987,10,18,1987.7959,347.1,6,1987-10-18,0
1987,10,25,1987.8151,347.03,7,1987-10-25,0
1987,11,1,1987.8342,347.46,5,1987-11-01,0
1987,11,8,1987.8534,347.64,6,1987-11-08,0
1987,11,15,1987.8726,348.19,5,1987-11-15,0
1987,11,22,1987.8918,348.84,6,1987-11-22,0
1987,11,29,1987.911,348.88,5,1987-11-29,0
1987,12,6,1987.9301,348.86,6,1987-12-06,0
1987,12,13,1987.9493,349.36,6,1987-12-13,0
1987,12,20,1987.9685,349.5,7,1987-12-20,0
1987,12,27,1987.9877,349.88,6,1987-12-27,0
1988,1,3,1988.0068,350.26,7,1988-01-03,0
1988,1,10,1988.026,350.41,6,1988-01-10,0
1988,1,17,1988.0451,350.66,6,1988-01-17,0
1988,1,24,1988.0642,350.83,3,1988-01-24,0
1988,1,31,1988.0833,351.78,4,1988-01-31,0
1988,2,7,1988.1025,351.23,4,1988-02-07,0
1988,2,14,1988.1216,351.28,7,1988-02-14,0
1988,2,21,1988.1407,352.23,6,1988-02-21,0
1988,2,28,1988.1598,353.15,7,1988-02-28,0
1988,3,6,1988.179,352.51,6,1988-03-06,0
1988,3,13,1988.1981,352.06,6,1988-03-13,0
1988,3,20,1988.2172,351.84,5,1988-03-20,0
1988,3,27,1988.2363,353.04,5,1988-03-27,0
1988,4,3,1988.2555,353.31,6,1988-04-03,0
1988,4,10,1988.2746,353.44,7,1988-04-10,0
1988,4,17,1988.2937,353.62,7,1988-04-17,0
1988,4,24,1988.3128,354.54,5,1988-04-24,0
1988,5,1,1988.332,354.06,6,1988-05-01,0
1988,5,8,1988.3511,354.33,7,1988-05-08,0
1988,5,15,1988.3702,354.32,6,1988-05-15,0
1988,5,22,1988.3893,354.8,6,1988-05-22,0
1988,5,29,1988.4085,354.08,5,1988-05-29,0
1988,6,5,1988.4276,354.43,7,1988-06-05,0
1988,6,12,1988.4467,353.86,6,1988-06-12,0
1988,6,19,1988.4658,353.46,7,1988-06-19,0
1988,6,26,1988.485,353.43,7,1988-06-26,0
1988,7,3,1988.5041,352.95,6,1988-07-03,0
1988,7,10,1988.5232,353.11,5,1988-07-10,0
1988,7,17,1988.5423,353.02,6,1988-07-17,0
1988,7,24,1988.5615,352.1,7,1988-07-24,0
1988,7,31,1988.5806,350.98,5,1988-07-31,0
1988,8,7,1988.5997,350.91,7,1988-08-07,0
1988,8,14,1988.6189,350.23,5,1988-08-14,0
1988,8,21,1988.638,350.26,6,1988-08-21,0
1988,8,28,1988.6571,349.61,6,1988-08-28,0
1988,9,4,1988.6762,348.92,7,1988-09-04,0
1988,9,11,1988.6954,349.2,6,1988-09-11,0
1988,9,18,1988.7145,348.9,6,1988-09-18,0
1988,9,25,1988.7336,348.85,6,1988-09-25,0
1988,10,2,1988.7527,349.2,5,1988-10-02,0
1988,10,9,1988.7719,348.95,6,1988-10-09,0
1988,10,16,1988.791,349.54,7,1988-10-16,0
1988,10,23,1988.8101,349.69,5,1988-10-23,0
1988,10,30,1988.8292,350.02,6,1988-10-30,0
1988,11,6,1988.8484,350.1,5,1988-11-06,0
1988,11,13,1988.8675,350.38,5,1988-11-13,0
1988,11,20,1988.8866,350.78,7,1988-11-20,0
1988,11,27,1988.9057,350.83,7,1988-11-27,0
1988,12,4,1988.9249,351.12,6,1988-12-04,0
1988,12,11,1988.944,351.65,7,1988-12-11,0
1988,12,18,1988.9631,351.78,6,1988-12-18,0
1988,12,25,1988.9822,352.27,6,1988-12-25,0
1989,1,1,1989.0014,352.67,7,1989-01-01,0
1989,1,8,1989.0205,353.29,7,1989-01-08,0
1989,1,15,1989.0397,353.17,5,1989-01-15,0
1989,1,22,1989.0589,352.82,6,1989-01-22,0
1989,1,29,1989.0781,353.47,7,1989-01-29,0
1989,2,5,1989.0973,352.96,7,1989-02-05,0
1989,2,12,1989.1164,353.48,6,1989-02-12,0
1989,2,19,1989.1356,353.76,5,1989-02-19,0
1989,2,26,1989.1548,353.91,7,1989-02-26,0
1989,3,5,1989.174,353.77,7,1989-03-05,0
1989,3,12,1989.1932,353.71,6,1989-03-12,0
1989,3,19,1989.2123,354.19,6,1989-03-19,0
1989,3,26,1989.2315,354.85,7,1989-03-26,0
1989,4,2,1989.2507,354.81,7,1989-04-02,0
1989,4,9,1989.2699,355.51,6,1989-04-09,0
1989,4,16,1989.289,356.15,6,1989-04-16,0
1989,4,23,1989.3082,356.39,7,1989-04-23,0
1989,4,30,1989.3274,355.83,7,1989-04-30,0
1989,5,7,1989.3466,355.67,5,1989-05-07,0
1989,5,14,1989.3658,356.18,6,1989-05-14,0
1989,5,21,1989.3849,356.06,6,1989-05-21,0
1989,5,28,1989.4041,356.21,7,1989-05-28,0
1989,6,4,1989.4233,355.64,4,1989-06-04,0
1989,6,11,1989.4425,355.53,7,1989-06-11,0
1989,6,18,1989.4616,355.05,7,1989-06-18,0
1989,6,25,1989.4808,355.08,6,1989-06-25,0
1989,7,2,1989.5,354.77,5,1989-07-02,0
1989,7,9,1989.5192,354.48,7,1989-07-09,0
1989,7,16,1989.5384,353.62,6,1989-07-16,0
1989,7,23,1989.5575,353.33,6,1989-07-23,0
1989,7,30,1989.5767,353.3,6,1989-07-30,0
1989,8,6,1989.5959,352.69,5,1989-08-06,0
1989,8,13,1989.6151,352.01,5,1989-08-13,0
1989,8,20,1989.6342,350.74,7,1989-08-20,0
1989,8,27,1989.6534,350.8,4,1989-08-27,0
1989,9,3,1989.6726,351.03,7,1989-09-03,0
1989,9,10,1989.6918,349.44,5,1989-09-10,0
1989,9,17,1989.711,349.63,7,1989-09-17,0
1989,9,24,1989.7301,349.98,4,1989-09-24,0
1989,10,1,1989.7493,350.49,3,1989-10-01,0
1989,10,8,1989.7685,349.94,7,1989-10-08,0
1989,10,15,1989.7877,350.41,7,1989-10-15,0
1989,10,22,1989.8068,350.78,5,1989-10-22,0
1989,10,29,1989.826,350.52,6,1989-10-29,0
1989,11,5,1989.8452,351.39,7,1989-11-05,0
1989,11,12,1989.8644,351.71,5,1989-11-12,0
1989,11,19,1989.8836,351.9,7,1989-11-19,0
1989,11,26,1989.9027,352.11,7,1989-11-26,0
1989,12,3,1989.9219,352.36,6,1989-12-03,0
1989,12,10,1989.9411,353.14,7,1989-12-10,0
1989,12,17,1989.9603,352.95,7,1989-12-17,0
1989,12,24,1989.9795,353.03,5,1989-12-24,0
1989,12,31,1989.9986,353.73,4,1989-12-31,0
1990,1,7,1990.0178,353.59,6,1990-01-07,0
1990,1,14,1990.037,353.99,7,1990-01-14,0
1990,1,21,1990.0562,353.92,4,1990-01-21,0
1990,1,28,1990.0753,354.39,7,1990-01-28,0
1990,2,4,1990.0945,355.04,7,1990-02-04,0
1990,2,11,1990.1137,355.09,7,1990-02-11,0
1990,2,18,1990.1329,355.42,7,1990-02-18,0
1990,2,25,1990.1521,355.18,6,1990-02-25,0
1990,3,4,1990.1712,355.59,6,1990-03-04,0
1990,3,11,1990.1904,355.79,6,1990-03-11,0
1990,3,18,1990.2096,355.54,6,1990-03-18,0
1990,3,25,1990.2288,356.13,7,1990-03-25,0
1990,4,1,1990.2479,356.27,7,1990-04-01,0
1990,4,8,1990.2671,356.17,6,1990-04-08,0
1990,4,15,1990.2863,356.23,7,1990-04-15,0
1990,4,22,1990.3055,356.87,6,1990-04-22,0
1990,4,29,1990.3247,356.96,6,1990-04-29,0
1990,5,6,1990.3438,357.7,6,1990-05-06,0
1990,5,13,1990.363,357.25,7,1990-05-13,0
1990,5,20,1990.3822,357.33,6,1990-05-20,0
1990,5,27,1990.4014,357.38,7,1990-05-27,0
1990,6,3,1990.4205,356.98,7,1990-06-03,0
1990,6,10,1990.4397,356.25,7,1990-06-10,0
1990,6,17,1990.4589,356.18,7,1990-06-17,0
1990,6,24,1990.4781,355.79,6,1990-06-24,0
1990,7,1,1990.4973,356.22,7,1990-07-01,0
1990,7,8,1990.5164,354.99,7,1990-07-08,0
1990,7,15,1990.5356,354.29,7,1990-07-15,0
1990,7,22,1990.5548,354.37,6,1990-07-22,0
1990,7,29,1990.574,353.99,6,1990-07-29,0
1990,8,5,1990.5932,353.17,4,1990-08-05,0
1990,8,12,1990.6123,353.46,6,1990-08-12,0
1990,8,19,1990.6315,353.08,4,1990-08-19,0
1990,8,26,1990.6507,351.8,6,1990-08-26,0
1990,9,2,1990.6699,351.16,7,1990-09-02,0
1990,9,9,1990.689,350.86,4,1990-09-09,0
1990,9,16,1990.7082,351.75,7,1990-09-16,0
1990,9,23,1990.7274,351.46,7,1990-09-23,0
1990,9,30,1990.7466,351.4,6,1990-09-30,0
1990,10,7,1990.7658,351.54,7,1990-10-07,0
1990,10,14,1990.7849,351.57,5,1990-10-14,0
1990,10,21,1990.8041,351.73,7,1990-10-21,0
1990,10,28,1990.8233,352.4,6,1990-10-28,0
1990,11,4,1990.8425,352.71,7,1990-11-04,0
1990,11,11,1990.8616,353.14,6,1990-11-11,0
1990,11,18,1990.8808,353.45,5,1990-11-18,0
1990,11,25,1990.9,353.69,5,1990-11-25,0
1990,12,2,1990.9192,353.9,7,1990-12-02,0
1990,12,9,1990.9384,354.47,4,1990-12-09,0
1990,12,16,1990.9575,354.34,7,1990-12-16,0
1990,12,23,1990.9767,354.83,7,1990-12-23,0
1990,12,30,1990.9959,354.8,7,1990-12-30,0
1991,1,6,1991.0151,354.59,6,1991-01-06,0
1991,1,13,1991.0342,355.02,6,1991-01-13,0
1991,1,20,1991.0534,354.94,7,1991-01-20,0
1991,1,27,1991.0726,355.6,6,1991-01-27,0
1991,2,3,1991.0918,355.33,7,1991-02-03,0
1991,2,10,1991.111,355.89,6,1991-02-10,0
1991,2,17,1991.1301,356.55,6,1991-02-17,0
1991,2,24,1991.1493,355.84,7,1991-02-24,0
1991,3,3,1991.1685,357.19,6,1991-03-03,0
1991,3,10,1991.1877,357.77,7,1991-03-10,0
1991,3,17,1991.2068,357.27,7,1991-03-17,0
1991,3,24,1991.226,357.49,7,1991-03-24,0
1991,3,31,1991.2452,358.46,7,1991-03-31,0
1991,4,7,1991.2644,358.07,7,1991-04-07,0
1991,4,14,1991.2836,358.75,7,1991-04-14,0
1991,4,21,1991.3027,359.36,7,1991-04-21,0
1991,4,28,1991.3219,359.29,7,1991-04-28,0
1991,5,5,1991.3411,358.97,7,1991-05-05,0
1991,5,12,1991.3603,359.45,7,1991-05-12,0
1991,5,19,1991.3795,359.76,5,1991-05-19,0
1991,5,26,1991.3986,358.84,7,1991-05-26,0
1991,6,2,1991.4178,358.38,7,1991-06-02,0
1991,6,9,1991.437,358.55,7,1991-06-09,0
1991,6,16,1991.4562,358.17,6,1991-06-16,0
1991,6,23,1991.4753,357.9,7,1991-06-23,0
1991,6,30,1991.4945,357.32,7,1991-06-30,0
1991,7,7,1991.5137,356.77,4,1991-07-07,0
1991,7,14,1991.5329,356.23,7,1991-07-14,0
1991,7,21,1991.5521,355.26,5,1991-07-21,0
1991,7,28,1991.5712,355.55,3,1991-07-28,0
1991,8,4,1991.5904,354.59,6,1991-08-04,0
1991,8,11,1991.6096,354.4,6,1991-08-11,0
1991,8,18,1991.6288,353.22,6,1991-08-18,0
1991,8,25,1991.6479,353.11,6,1991-08-25,0
1991,9,1,1991.6671,353.13,6,1991-09-01,0
1991,9,8,1991.6863,352.6,6,1991-09-08,0
1991,9,15,1991.7055,351.95,6,1991-09-15,0
1991,9,22,1991.7247,351.96,7,1991-09-22,0
1991,9,29,1991.7438,351.73,7,1991-09-29,0
1991,10,6,1991.763,352.14,6,1991-10-06,0
1991,10,13,1991.7822,352.6,6,1991-10-13,0
1991,10,20,1991.8014,352.77,7,1991-10-20,0
1991,10,27,1991.8205,353.02,5,1991-10-27,0
1991,11,3,1991.8397,353.84,6,1991-11-03,0
1991,11,10,1991.8589,353.8,7,1991-11-10,0
1991,11,17,1991.8781,353.92,7,1991-11-17,0
1991,11,24,1991.8973,354.19,6,1991-11-24,0
1991,12,1,1991.9164,354.66,6,1991-12-01,0
1991,12,8,1991.9356,354.99,7,1991-12-08,0
1991,12,15,1991.9548,355.23,7,1991-12-15,0
1991,12,22,1991.974,355.59,7,1991-12-22,0
1991,12,29,1991.9932,356.55,7,1991-12-29,0
1992,1,5,1992.0123,356.2,7,1992-01-05,0
1992,1,12,1992.0314,356.34,7,1992-01-12,0
1992,1,19,1992.0505,356.39,7,1992-01-19,0
1992,1,26,1992.0697,356.18,7,1992-01-26,0
1992,2,2,1992.0888,356.98,7,1992-02-02,0
1992,2,9,1992.1079,357.23,7,1992-02-09,0
1992,2,16,1992.127,357.39,5,1992-02-16,0
1992,2,23,1992.1462,357.36,7,1992-02-23,0
1992,3,1,1992.1653,356.72,6,1992-03-01,0
1992,3,8,1992.1844,357.98,6,1992-03-08,0
1992,3,15,1992.2036,358.41,5,1992-03-15,0
1992,3,22,1992.2227,358.88,5,1992-03-22,0
1992,3,29,1992.2418,358.08,5,1992-03-29,0
1992,4,5,1992.2609,359.27,7,1992-04-05,0
1992,4,12,1992.2801,359.27,6,1992-04-12,0
1992,4,19,1992.2992,359.77,6,1992-04-19,0
1992,4,26,1992.3183,359.38,6,1992-04-26,0
1992,5,3,1992.3374,359.81,7,1992-05-03,0
1992,5,10,1992.3566,359.06,6,1992-05-10,0
1992,5,17,1992.3757,359.26,6,1992-05-17,0
1992,5,24,1992.3948,360.52,5,1992-05-24,0
1992,5,31,1992.4139,360.57,7,1992-05-31,0
1992,6,7,1992.4331,359.87,7,1992-06-07,0
1992,6,14,1992.4522,358.98,7,1992-06-14,0
1992,6,21,1992.4713,358.75,7,1992-06-21,0
1992,6,28,1992.4904,358.87,7,1992-06-28,0
1992,7,5,1992.5096,357.78,5,1992-07-05,0
1992,7,12,1992.5287,357.03,6,1992-07-12,0
1992,7,19,1992.5478,356.62,4,1992-07-19,0
1992,7,26,1992.5669,355.71,7,1992-07-26,0
1992,8,2,1992.5861,355.23,7,1992-08-02,0
1992,8,9,1992.6052,355.73,6,1992-08-09,0
1992,8,16,1992.6243,355.44,3,1992-08-16,0
1992,8,23,1992.6434,354.44,5,1992-08-23,0
1992,8,30,1992.6626,353,5,1992-08-30,0
1992,9,6,1992.6817,354.18,6,1992-09-06,0
1992,9,13,1992.7008,352.96,7,1992-09-13,0
1992,9,20,1992.7199,352.49,5,1992-09-20,0
1992,9,27,1992.7391,352.94,6,1992-09-27,0
1992,10,4,1992.7582,353.32,6,1992-10-04,0
1992,10,11,1992.7773,353.67,7,1992-10-11,0
1992,10,18,1992.7964,353.28,7,1992-10-18,0
1992,10,25,1992.8156,353.26,7,1992-10-25,0
1992,11,1,1992.8347,354.35,7,1992-11-01,0
1992,11,8,1992.8538,354.04,7,1992-11-08,0
1992,11,15,1992.873,354.25,7,1992-11-15,0
1992,11,22,1992.8921,354.82,6,1992-11-22,0
1992,11,29,1992.9112,354.94,7,1992-11-29,0
1992,12,6,1992.9303,355.39,7,1992-12-06,0
1992,12,13,1992.9495,355.55,7,1992-12-13,0
1992,12,20,1992.9686,356.11,7,1992-12-20,0
1992,12,27,1992.9877,356.4,7,1992-12-27,0
1993,1,3,1993.0068,357.05,5,1993-01-03,0
1993,1,10,1993.026,357.32,7,1993-01-10,0
1993,1,17,1993.0452,356.96,7,1993-01-17,0
1993,1,24,1993.0644,357.15,6,1993-01-24,0
1993,1,31,1993.0836,357.38,7,1993-01-31,0
1993,2,7,1993.1027,357.09,7,1993-02-07,0
1993,2,14,1993.1219,357.27,7,1993-02-14,0
1993,2,21,1993.1411,357.9,7,1993-02-21,0
1993,2,28,1993.1603,358.68,6,1993-02-28,0
1993,3,7,1993.1795,358.43,7,1993-03-07,0
1993,3,14,1993.1986,358.79,7,1993-03-14,0
1993,3,21,1993.2178,357.95,7,1993-03-21,0
1993,3,28,1993.237,359.31,7,1993-03-28,0
1993,4,4,1993.2562,358.95,6,1993-04-04,0
1993,4,11,1993.2753,359.22,5,1993-04-11,0
1993,4,18,1993.2945,359.74,5,1993-04-18,0
1993,4,25,1993.3137,359.87,7,1993-04-25,0
1993,5,2,1993.3329,359.59,7,1993-05-02,0
1993,5,9,1993.3521,360.23,7,1993-05-09,0
1993,5,16,1993.3712,360.66,6,1993-05-16,0
1993,5,23,1993.3904,360.87,7,1993-05-23,0
1993,5,30,1993.4096,360.11,7,1993-05-30,0
1993,6,6,1993.4288,359.89,7,1993-06-06,0
1993,6,13,1993.4479,359.77,6,1993-06-13,0
1993,6,20,1993.4671,359.3,6,1993-06-20,0
1993,6,27,1993.4863,358.81,7,1993-06-27,0
1993,7,4,1993.5055,357.84,7,1993-07-04,0
1993,7,11,1993.5247,357.84,4,1993-07-11,0
1993,7,18,1993.5438,357.22,5,1993-07-18,0
1993,7,25,1993.563,356.65,6,1993-07-25,0
1993,8,1,1993.5822,356.55,7,1993-08-01,0
1993,8,8,1993.6014,355.89,6,1993-08-08,0
1993,8,15,1993.6205,355.52,5,1993-08-15,0
1993,8,22,1993.6397,354.94,6,1993-08-22,0
1993,8,29,1993.6589,354.91,5,1993-08-29,0
1993,9,5,1993.6781,354.29,5,1993-09-05,0
1993,9,12,1993.6973,353.95,5,1993-09-12,0
1993,9,19,1993.7164,354.1,7,1993-09-19,0
1993,9,26,1993.7356,354.27,5,1993-09-26,0
1993,10,3,1993.7548,354.17,5,1993-10-03,0
1993,10,10,1993.774,353.99,7,1993-10-10,0
1993,10,17,1993.7932,354.46,7,1993-10-17,0
1993,10,24,1993.8123,354.45,7,1993-10-24,0
1993,10,31,1993.8315,354.74,7,1993-10-31,0
1993,11,7,1993.8507,355.12,7,1993-11-07,0
1993,11,14,1993.8699,355.73,6,1993-11-14,0
1993,11,21,1993.889,356.1,7,1993-11-21,0
1993,11,28,1993.9082,356.25,7,1993-11-28,0
1993,12,5,1993.9274,356.64,7,1993-12-05,0
1993,12,12,1993.9466,356.72,5,1993-12-12,0
1993,12,19,1993.9658,357.64,7,1993-12-19,0
1993,12,26,1993.9849,357.59,7,1993-12-26,0
1994,1,2,1994.0041,358.23,7,1994-01-02,0
1994,1,9,1994.0233,358.24,7,1994-01-09,0
1994,1,16,1994.0425,358.52,7,1994-01-16,0
1994,1,23,1994.0616,358.36,5,1994-01-23,0
1994,1,30,1994.0808,358.39,4,1994-01-30,0
1994,2,6,1994.1,359.04,5,1994-02-06,0
1994,2,13,1994.1192,358.76,7,1994-02-13,0
1994,2,20,1994.1384,359.52,7,1994-02-20,0
1994,2,27,1994.1575,359,7,1994-02-27,0
1994,3,6,1994.1767,359.46,7,1994-03-06,0
1994,3,13,1994.1959,360.59,6,1994-03-13,0
1994,3,20,1994.2151,360.73,6,1994-03-20,0
1994,3,27,1994.2342,360.94,7,1994-03-27,0
1994,4,3,1994.2534,361.22,5,1994-04-03,0
1994,4,10,1994.2726,361.14,7,1994-04-10,0
1994,4,17,1994.2918,361.43,7,1994-04-17,0
1994,4,24,1994.311,361.95,7,1994-04-24,0
1994,5,1,1994.3301,362.12,7,1994-05-01,0
1994,5,8,1994.3493,361.51,7,1994-05-08,0
1994,5,15,1994.3685,361.83,7,1994-05-15,0
1994,5,22,1994.3877,361.64,6,1994-05-22,0
1994,5,29,1994.4068,361.54,7,1994-05-29,0
1994,6,5,1994.426,361.02,7,1994-06-05,0
1994,6,12,1994.4452,361.03,6,1994-06-12,0
1994,6,19,1994.4644,360.95,5,1994-06-19,0
1994,6,26,1994.4836,360.16,7,1994-06-26,0
1994,7,3,1994.5027,360.09,7,1994-07-03,0
1994,7,10,1994.5219,359.77,7,1994-07-10,0
1994,7,17,1994.5411,359.34,7,1994-07-17,0
1994,7,24,1994.5603,358.96,7,1994-07-24,0
1994,7,31,1994.5795,358.6,7,1994-07-31,0
1994,8,7,1994.5986,358,4,1994-08-07,0
1994,8,14,1994.6178,357.82,6,1994-08-14,0
1994,8,21,1994.637,356.99,5,1994-08-21,0
1994,8,28,1994.6562,356.32,6,1994-08-28,0
1994,9,4,1994.6753,356.61,5,1994-09-04,0
1994,9,11,1994.6945,355.39,6,1994-09-11,0
1994,9,18,1994.7137,355.81,5,1994-09-18,0
1994,9,25,1994.7329,355.48,6,1994-09-25,0
1994,10,2,1994.7521,355.83,7,1994-10-02,0
1994,10,9,1994.7712,355.99,7,1994-10-09,0
1994,10,16,1994.7904,356.27,7,1994-10-16,0
1994,10,23,1994.8096,356.69,6,1994-10-23,0
1994,10,30,1994.8288,356.81,5,1994-10-30,0
1994,11,6,1994.8479,357.1,5,1994-11-06,0
1994,11,13,1994.8671,358.27,7,1994-11-13,0
1994,11,20,1994.8863,357.77,7,1994-11-20,0
1994,11,27,1994.9055,358.19,7,1994-11-27,0
1994,12,4,1994.9247,358.86,7,1994-12-04,0
1994,12,11,1994.9438,359.5,7,1994-12-11,0
1994,12,18,1994.963,358.94,6,1994-12-18,0
1994,12,25,1994.9822,359.47,5,1994-12-25,0
1995,1,1,1995.0014,359.82,7,1995-01-01,0
1995,1,8,1995.0205,359.66,6,1995-01-08,0
1995,1,15,1995.0397,360.49,7,1995-01-15,0
1995,1,22,1995.0589,360.15,7,1995-01-22,0
1995,1,29,1995.0781,360.27,7,1995-01-29,0
1995,2,5,1995.0973,360.88,7,1995-02-05,0
1995,2,12,1995.1164,361.18,7,1995-02-12,0
1995,2,19,1995.1356,361.16,7,1995-02-19,0
1995,2,26,1995.1548,361.82,7,1995-02-26,0
1995,3,5,1995.174,361.92,7,1995-03-05,0
1995,3,12,1995.1932,361.25,7,1995-03-12,0
1995,3,19,1995.2123,361.91,6,1995-03-19,0
1995,3,26,1995.2315,362.99,6,1995-03-26,0
1995,4,2,1995.2507,363.9,7,1995-04-02,0
1995,4,9,1995.2699,362.96,7,1995-04-09,0
1995,4,16,1995.289,363.16,7,1995-04-16,0
1995,4,23,1995.3082,363.63,7,1995-04-23,0
1995,4,30,1995.3274,362.96,5,1995-04-30,0
1995,5,7,1995.3466,364,6,1995-05-07,0
1995,5,14,1995.3658,364.55,7,1995-05-14,0
1995,5,21,1995.3849,363.82,7,1995-05-21,0
1995,5,28,1995.4041,363.83,6,1995-05-28,0
1995,6,4,1995.4233,363.93,7,1995-06-04,0
1995,6,11,1995.4425,363.19,7,1995-06-11,0
1995,6,18,1995.4616,363.05,6,1995-06-18,0
1995,6,25,1995.4808,362.57,6,1995-06-25,0
1995,7,2,1995.5,362.44,4,1995-07-02,0
1995,7,9,1995.5192,362.24,7,1995-07-09,0
1995,7,16,1995.5384,361.57,7,1995-07-16,0
1995,7,23,1995.5575,361.12,7,1995-07-23,0
1995,7,30,1995.5767,360.28,6,1995-07-30,0
1995,8,6,1995.5959,359.9,6,1995-08-06,0
1995,8,13,1995.6151,358.89,4,1995-08-13,0
1995,8,20,1995.6342,358.79,6,1995-08-20,0
1995,8,27,1995.6534,358.26,6,1995-08-27,0
1995,9,3,1995.6726,358.46,4,1995-09-03,0
1995,9,10,1995.6918,358.72,6,1995-09-10,0
1995,9,17,1995.711,358.91,5,1995-09-17,0
1995,9,24,1995.7301,357.76,7,1995-09-24,0
1995,10,1,1995.7493,357.95,6,1995-10-01,0
1995,10,8,1995.7685,357.87,7,1995-10-08,0
1995,10,15,1995.7877,358.14,7,1995-10-15,0
1995,10,22,1995.8068,358.37,7,1995-10-22,0
1995,10,29,1995.826,358.99,6,1995-10-29,0
1995,11,5,1995.8452,359.23,5,1995-11-05,0
1995,11,12,1995.8644,359.71,5,1995-11-12,0
1995,11,19,1995.8836,359.94,7,1995-11-19,0
1995,11,26,1995.9027,359.97,6,1995-11-26,0
1995,12,3,1995.9219,360.36,7,1995-12-03,0
1995,12,10,1995.9411,360.69,7,1995-12-10,0
1995,12,17,1995.9603,360.77,7,1995-12-17,0
1995,12,24,1995.9795,361.54,7,1995-12-24,0
1995,12,31,1995.9986,361.98,7,1995-12-31,0
1996,1,7,1996.0178,362.33,7,1996-01-07,0
1996,1,14,1996.0369,362.04,7,1996-01-14,0
1996,1,21,1996.056,362.33,5,1996-01-21,0
1996,1,28,1996.0751,362.54,7,1996-01-28,0
1996,2,4,1996.0943,363.04,6,1996-02-04,0
1996,2,11,1996.1134,363.15,7,1996-02-11,0
1996,2,18,1996.1325,363.69,7,1996-02-18,0
1996,2,25,1996.1516,364.06,7,1996-02-25,0
1996,3,3,1996.1708,364.1,7,1996-03-03,0
1996,3,10,1996.1899,363.82,7,1996-03-10,0
1996,3,17,1996.209,364.58,5,1996-03-17,0
1996,3,24,1996.2281,364.61,7,1996-03-24,0
1996,3,31,1996.2473,364.38,5,1996-03-31,0
1996,4,7,1996.2664,364.73,7,1996-04-07,0
1996,4,14,1996.2855,364.83,7,1996-04-14,0
1996,4,21,1996.3046,364.65,7,1996-04-21,0
1996,4,28,1996.3238,365.15,7,1996-04-28,0
1996,5,5,1996.3429,364.82,7,1996-05-05,0
1996,5,12,1996.362,365.6,6,1996-05-12,0
1996,5,19,1996.3811,365.4,7,1996-05-19,0
1996,5,26,1996.4003,365.17,7,1996-05-26,0
1996,6,2,1996.4194,365.1,7,1996-06-02,0
1996,6,9,1996.4385,365.42,7,1996-06-09,0
1996,6,16,1996.4577,365.21,7,1996-06-16,0
1996,6,23,1996.4768,364.64,7,1996-06-23,0
1996,6,30,1996.4959,364.56,7,1996-06-30,0
1996,7,7,1996.515,363.95,7,1996-07-07,0
1996,7,14,1996.5342,363.64,7,1996-07-14,0
1996,7,21,1996.5533,363.26,7,1996-07-21,0
1996,7,28,1996.5724,362.25,7,1996-07-28,0
1996,8,4,1996.5915,362.16,7,1996-08-04,0
1996,8,11,1996.6107,361.92,5,1996-08-11,0
1996,8,18,1996.6298,361.15,7,1996-08-18,0
1996,8,25,1996.6489,361,6,1996-08-25,0
1996,9,1,1996.668,360.23,6,1996-09-01,0
1996,9,8,1996.6872,360.08,7,1996-09-08,0
1996,9,15,1996.7063,359.15,6,1996-09-15,0
1996,9,22,1996.7254,359.37,6,1996-09-22,0
1996,9,29,1996.7445,359.43,3,1996-09-29,0
1996,10,6,1996.7637,359.58,7,1996-10-06,0
1996,10,13,1996.7828,359.9,7,1996-10-13,0
1996,10,20,1996.8019,359.66,7,1996-10-20,0
1996,10,27,1996.821,360.13,7,1996-10-27,0
1996,11,3,1996.8402,360.42,6,1996-11-03,0
1996,11,10,1996.8593,361,7,1996-11-10,0
1996,11,17,1996.8784,361.52,7,1996-11-17,0
1996,11,24,1996.8975,361.4,7,1996-11-24,0
1996,12,1,1996.9167,361.78,5,1996-12-01,0
1996,12,8,1996.9358,362.38,7,1996-12-08,0
1996,12,15,1996.9549,362.63,7,1996-12-15,0
1996,12,22,1996.974,362.47,7,1996-12-22,0
1996,12,29,1996.9932,362.92,7,1996-12-29,0
1997,1,5,1997.0123,363.11,7,1997-01-05,0
1997,1,12,1997.0315,363.12,7,1997-01-12,0
1997,1,19,1997.0507,363.65,7,1997-01-19,0
1997,1,26,1997.0699,363.34,7,1997-01-26,0
1997,2,2,1997.089,363.69,7,1997-02-02,0
1997,2,9,1997.1082,364.43,7,1997-02-09,0
1997,2,16,1997.1274,363.78,7,1997-02-16,0
1997,2,23,1997.1466,364.96,7,1997-02-23,0
1997,3,2,1997.1658,364.01,7,1997-03-02,0
1997,3,9,1997.1849,364.3,7,1997-03-09,0
1997,3,16,1997.2041,364.77,7,1997-03-16,0
1997,3,23,1997.2233,365.33,7,1997-03-23,0
1997,3,30,1997.2425,365.88,6,1997-03-30,0
1997,4,6,1997.2616,366.1,3,1997-04-06,0
1997,4,13,1997.2808,366.63,7,1997-04-13,0
1997,4,20,1997.3,366.84,3,1997-04-20,0
1997,4,27,1997.3192,366.75,7,1997-04-27,0
1997,5,4,1997.3384,366.6,7,1997-05-04,0
1997,5,11,1997.3575,366.96,7,1997-05-11,0
1997,5,18,1997.3767,367.15,7,1997-05-18,0
1997,5,25,1997.3959,366.36,5,1997-05-25,0
1997,6,1,1997.4151,366.21,5,1997-06-01,0
1997,6,8,1997.4342,365.89,6,1997-06-08,0
1997,6,15,1997.4534,365.5,7,1997-06-15,0
1997,6,22,1997.4726,365.36,7,1997-06-22,0
1997,6,29,1997.4918,365.25,7,1997-06-29,0
1997,7,6,1997.511,364.93,4,1997-07-06,0
1997,7,13,1997.5301,364.62,6,1997-07-13,0
1997,7,20,1997.5493,363.76,6,1997-07-20,0
1997,7,27,1997.5685,363.73,5,1997-07-27,0
1997,8,3,1997.5877,363.33,6,1997-08-03,0
1997,8,10,1997.6068,362.78,6,1997-08-10,0
1997,8,17,1997.626,361.33,4,1997-08-17,0
1997,8,24,1997.6452,361.69,7,1997-08-24,0
1997,8,31,1997.6644,361.59,5,1997-08-31,0
1997,9,7,1997.6836,360.23,7,1997-09-07,0
1997,9,14,1997.7027,360.48,7,1997-09-14,0
1997,9,21,1997.7219,360.03,5,1997-09-21,0
1997,9,28,1997.7411,360.14,5,1997-09-28,0
1997,10,5,1997.7603,360.68,5,1997-10-05,0
1997,10,12,1997.7795,360.87,7,1997-10-12,0
1997,10,19,1997.7986,361.17,7,1997-10-19,0
1997,10,26,1997.8178,361.45,6,1997-10-26,0
1997,11,2,1997.837,362.21,7,1997-11-02,0
1997,11,9,1997.8562,362.29,7,1997-11-09,0
1997,11,16,1997.8753,362.68,7,1997-11-16,0
1997,11,23,1997.8945,363.42,7,1997-11-23,0
1997,11,30,1997.9137,364.11,7,1997-11-30,0
1997,12,7,1997.9329,364.19,7,1997-12-07,0
1997,12,14,1997.9521,364.45,6,1997-12-14,0
1997,12,21,1997.9712,364.87,7,1997-12-21,0
1997,12,28,1997.9904,365.15,7,1997-12-28,0
1998,1,4,1998.0096,365.43,7,1998-01-04,0
1998,1,11,1998.0288,365.43,7,1998-01-11,0
1998,1,18,1998.0479,365.22,6,1998-01-18,0
1998,1,25,1998.0671,365.5,7,1998-01-25,0
1998,2,1,1998.0863,366.09,7,1998-02-01,0
1998,2,8,1998.1055,365.74,7,1998-02-08,0
1998,2,15,1998.1247,365.8,7,1998-02-15,0
1998,2,22,1998.1438,366.79,7,1998-02-22,0
1998,3,1,1998.163,367.24,7,1998-03-01,0
1998,3,8,1998.1822,366.79,7,1998-03-08,0
1998,3,15,1998.2014,366.96,7,1998-03-15,0
1998,3,22,1998.2205,367.9,7,1998-03-22,0
1998,3,29,1998.2397,368.95,7,1998-03-29,0
1998,4,5,1998.2589,368.47,7,1998-04-05,0
1998,4,12,1998.2781,368.61,6,1998-04-12,0
1998,4,19,1998.2973,368.48,7,1998-04-19,0
1998,4,26,1998.3164,369.69,7,1998-04-26,0
1998,5,3,1998.3356,369.86,7,1998-05-03,0
1998,5,10,1998.3548,368.45,7,1998-05-10,0
1998,5,17,1998.374,369.72,6,1998-05-17,0
1998,5,24,1998.3932,370.08,7,1998-05-24,0
1998,5,31,1998.4123,369.74,6,1998-05-31,0
1998,6,7,1998.4315,369.27,7,1998-06-07,0
1998,6,14,1998.4507,368.94,6,1998-06-14,0
1998,6,21,1998.4699,368.91,7,1998-06-21,0
1998,6,28,1998.489,368.34,6,1998-06-28,0
1998,7,5,1998.5082,368.58,5,1998-07-05,0
1998,7,12,1998.5274,367.89,5,1998-07-12,0
1998,7,19,1998.5466,368.06,6,1998-07-19,0
1998,7,26,1998.5658,367.25,5,1998-07-26,0
1998,8,2,1998.5849,367.05,7,1998-08-02,0
1998,8,9,1998.6041,366.38,7,1998-08-09,0
1998,8,16,1998.6233,365.69,7,1998-08-16,0
1998,8,23,1998.6425,365.49,7,1998-08-23,0
1998,8,30,1998.6616,364.89,6,1998-08-30,0
1998,9,6,1998.6808,364.45,7,1998-09-06,0
1998,9,13,1998.7,363.79,6,1998-09-13,0
1998,9,20,1998.7192,363.65,7,1998-09-20,0
1998,9,27,1998.7384,364.19,6,1998-09-27,0
1998,10,4,1998.7575,364.24,7,1998-10-04,0
1998,10,11,1998.7767,364.44,7,1998-10-11,0
1998,10,18,1998.7959,364.67,6,1998-10-18,0
1998,10,25,1998.8151,364.94,7,1998-10-25,0
1998,11,1,1998.8342,365.08,7,1998-11-01,0
1998,11,8,1998.8534,365.54,5,1998-11-08,0
1998,11,15,1998.8726,366.1,3,1998-11-15,0
1998,11,22,1998.8918,365.97,6,1998-11-22,0
1998,11,29,1998.911,366.74,5,1998-11-29,0
1998,12,6,1998.9301,366.97,5,1998-12-06,0
1998,12,13,1998.9493,367.32,6,1998-12-13,0
1998,12,20,1998.9685,367.44,7,1998-12-20,0
1998,12,27,1998.9877,367.79,7,1998-12-27,0
1999,1,3,1999.0068,367.97,7,1999-01-03,0
1999,1,10,1999.026,368.27,7,1999-01-10,0
1999,1,17,1999.0452,367.97,5,1999-01-17,0
1999,1,24,1999.0644,369.26,6,1999-01-24,0
1999,1,31,1999.0836,369.43,5,1999-01-31,0
1999,2,7,1999.1027,369.27,7,1999-02-07,0
1999,2,14,1999.1219,368.79,4,1999-02-14,0
1999,2,21,1999.1411,369.24,6,1999-02-21,0
1999,2,28,1999.1603,368.19,4,1999-02-28,0
1999,3,7,1999.1795,369.39,7,1999-03-07,0
1999,3,14,1999.1986,370.34,5,1999-03-14,0
1999,3,21,1999.2178,370.73,5,1999-03-21,0
1999,3,28,1999.237,370.83,7,1999-03-28,0
1999,4,4,1999.2562,371.89,6,1999-04-04,0
1999,4,11,1999.2753,371.67,7,1999-04-11,0
1999,4,18,1999.2945,370.45,7,1999-04-18,0
1999,4,25,1999.3137,370.77,6,1999-04-25,0
1999,5,2,1999.3329,371.69,6,1999-05-02,0
1999,5,9,1999.3521,371.24,7,1999-05-09,0
1999,5,16,1999.3712,370.74,5,1999-05-16,0
1999,5,23,1999.3904,370.88,6,1999-05-23,0
1999,5,30,1999.4096,370.88,7,1999-05-30,0
1999,6,6,1999.4288,370.55,6,1999-06-06,0
1999,6,13,1999.4479,370.58,7,1999-06-13,0
1999,6,20,1999.4671,370.05,5,1999-06-20,0
1999,6,27,1999.4863,369.94,4,1999-06-27,0
1999,7,4,1999.5055,370.21,6,1999-07-04,0
1999,7,11,1999.5247,370.29,7,1999-07-11,0
1999,7,18,1999.5438,369.25,7,1999-07-18,0
1999,7,25,1999.563,368.43,6,1999-07-25,0
1999,8,1,1999.5822,367.85,5,1999-08-01,0
1999,8,8,1999.6014,367.51,6,1999-08-08,0
1999,8,15,1999.6205,366.75,7,1999-08-15,0
1999,8,22,1999.6397,366.42,5,1999-08-22,0
1999,8,29,1999.6589,365.32,6,1999-08-29,0
1999,9,5,1999.6781,364.48,6,1999-09-05,0
1999,9,12,1999.6973,365.31,6,1999-09-12,0
1999,9,19,1999.7164,365.2,7,1999-09-19,0
1999,9,26,1999.7356,364.82,7,1999-09-26,0
1999,10,3,1999.7548,365.3,7,1999-10-03,0
1999,10,10,1999.774,365.34,7,1999-10-10,0
1999,10,17,1999.7932,365.75,7,1999-10-17,0
1999,10,24,1999.8123,365.8,7,1999-10-24,0
1999,10,31,1999.8315,366.13,7,1999-10-31,0
1999,11,7,1999.8507,366.8,7,1999-11-07,0
1999,11,14,1999.8699,366.91,5,1999-11-14,0
1999,11,21,1999.889,367.24,7,1999-11-21,0
1999,11,28,1999.9082,367.6,5,1999-11-28,0
1999,12,5,1999.9274,368.03,7,1999-12-05,0
1999,12,12,1999.9466,368.05,6,1999-12-12,0
1999,12,19,1999.9658,368.43,6,1999-12-19,0
1999,12,26,1999.9849,368.89,6,1999-12-26,0
2000,1,2,2000.0041,368.89,7,2000-01-02,0
2000,1,9,2000.0232,369.03,7,2000-01-09,0
2000,1,16,2000.0423,370.19,4,2000-01-16,0
2000,1,23,2000.0615,370.24,5,2000-01-23,0
2000,1,30,2000.0806,369.41,5,2000-01-30,0
2000,2,6,2000.0997,369.77,3,2000-02-06,0
2000,2,13,2000.1189,370.14,4,2000-02-13,0
2000,2,20,2000.138,369.52,6,2000-02-20,0
2000,2,27,2000.1571,370.27,7,2000-02-27,0
2000,3,5,2000.1762,370.24,7,2000-03-05,0
2000,3,12,2000.1954,370.8,7,2000-03-12,0
2000,3,19,2000.2145,371.05,6,2000-03-19,0
2000,3,26,2000.2336,371.29,7,2000-03-26,0
2000,4,2,2000.2527,371.23,7,2000-04-02,0
2000,4,9,2000.2719,372.17,6,2000-04-09,0
2000,4,16,2000.291,372.5,6,2000-04-16,0
2000,4,23,2000.3101,372.08,6,2000-04-23,0
2000,4,30,2000.3292,371.07,7,2000-04-30,0
2000,5,7,2000.3484,372.04,6,2000-05-07,0
2000,5,14,2000.3675,371.67,7,2000-05-14,0
2000,5,21,2000.3866,372.24,7,2000-05-21,0
2000,5,28,2000.4057,372.04,5,2000-05-28,0
2000,6,4,2000.4249,372.08,6,2000-06-04,0
2000,6,11,2000.444,371.83,7,2000-06-11,0
2000,6,18,2000.4631,371.95,6,2000-06-18,0
2000,6,25,2000.4822,371.41,7,2000-06-25,0
2000,7,2,2000.5014,370.38,6,2000-07-02,0
2000,7,9,2000.5205,370.31,7,2000-07-09,0
2000,7,16,2000.5396,370.1,5,2000-07-16,0
2000,7,23,2000.5587,369.35,4,2000-07-23,0
2000,7,30,2000.5779,369.08,7,2000-07-30,0
2000,8,6,2000.597,368.62,7,2000-08-06,0
2000,8,13,2000.6161,368.4,7,2000-08-13,0
2000,8,20,2000.6352,367.68,5,2000-08-20,0
2000,8,27,2000.6544,367.7,5,2000-08-27,0
2000,9,3,2000.6735,367.32,6,2000-09-03,0
2000,9,10,2000.6926,367.33,6,2000-09-10,0
2000,9,17,2000.7117,366.86,7,2000-09-17,0
2000,9,24,2000.7309,366.86,5,2000-09-24,0
2000,10,1,2000.75,366.78,7,2000-10-01,0
2000,10,8,2000.7691,366.88,7,2000-10-08,0
2000,10,15,2000.7883,367.13,6,2000-10-15,0
2000,10,22,2000.8074,367.62,7,2000-10-22,0
2000,10,29,2000.8265,368,7,2000-10-29,0
2000,11,5,2000.8456,368.2,5,2000-11-05,0
2000,11,12,2000.8648,368.75,7,2000-11-12,0
2000,11,19,2000.8839,368.64,4,2000-11-19,0
2000,11,26,2000.903,368.86,6,2000-11-26,0
2000,12,3,2000.9221,369.84,7,2000-12-03,0
2000,12,10,2000.9413,369.83,7,2000-12-10,0
2000,12,17,2000.9604,369.81,7,2000-12-17,0
2000,12,24,2000.9795,370.02,7,2000-12-24,0
2000,12,31,2000.9986,370.34,7,2000-12-31,0
2001,1,7,2001.0178,370.46,7,2001-01-07,0
2001,1,14,2001.037,370.84,6,2001-01-14,0
2001,1,21,2001.0562,370.69,7,2001-01-21,0
2001,1,28,2001.0753,371.53,7,2001-01-28,0
2001,2,4,2001.0945,371.76,6,2001-02-04,0
2001,2,11,2001.1137,372.14,6,2001-02-11,0
2001,2,18,2001.1329,371.66,7,2001-02-18,0
2001,2,25,2001.1521,371.9,7,2001-02-25,0
2001,3,4,2001.1712,372.37,5,2001-03-04,0
2001,3,11,2001.1904,372.67,7,2001-03-11,0
2001,3,18,2001.2096,372.72,7,2001-03-18,0
2001,3,25,2001.2288,372.58,5,2001-03-25,0
2001,4,1,2001.2479,372.63,7,2001-04-01,0
2001,4,8,2001.2671,373.79,7,2001-04-08,0
2001,4,15,2001.2863,373.9,7,2001-04-15,0
2001,4,22,2001.3055,373.79,7,2001-04-22,0
2001,4,29,2001.3247,373.73,5,2001-04-29,0
2001,5,6,2001.3438,374.12,4,2001-05-06,0
2001,5,13,2001.363,373.88,4,2001-05-13,0
2001,5,20,2001.3822,374.09,7,2001-05-20,0
2001,5,27,2001.4014,374.07,7,2001-05-27,0
2001,6,3,2001.4205,373.65,5,2001-06-03,0
2001,6,10,2001.4397,373.23,5,2001-06-10,0
2001,6,17,2001.4589,373.3,7,2001-06-17,0
2001,6,24,2001.4781,373.2,7,2001-06-24,0
2001,7,1,2001.4973,372.66,7,2001-07-01,0
2001,7,8,2001.5164,371.51,4,2001-07-08,0
2001,7,15,2001.5356,371.48,7,2001-07-15,0
2001,7,22,2001.5548,371.04,5,2001-07-22,0
2001,7,29,2001.574,371.06,3,2001-07-29,0
2001,8,5,2001.5932,370.09,7,2001-08-05,0
2001,8,12,2001.6123,369.36,6,2001-08-12,0
2001,8,19,2001.6315,369.48,7,2001-08-19,0
2001,8,26,2001.6507,369.45,7,2001-08-26,0
2001,9,2,2001.6699,368.5,7,2001-09-02,0
2001,9,9,2001.689,368.72,6,2001-09-09,0
2001,9,16,2001.7082,368.21,7,2001-09-16,0
2001,9,23,2001.7274,367.97,6,2001-09-23,0
2001,9,30,2001.7466,368.21,7,2001-09-30,0
2001,10,7,2001.7658,368.46,7,2001-10-07,0
2001,10,14,2001.7849,368.33,7,2001-10-14,0
2001,10,21,2001.8041,368.87,7,2001-10-21,0
2001,10,28,2001.8233,369.29,7,2001-10-28,0
2001,11,4,2001.8425,369.29,6,2001-11-04,0
2001,11,11,2001.8616,370.01,3,2001-11-11,0
2001,11,18,2001.8808,370.39,6,2001-11-18,0
2001,11,25,2001.9,370.61,7,2001-11-25,0
2001,12,2,2001.9192,370.96,7,2001-12-02,0
2001,12,9,2001.9384,371.4,6,2001-12-09,0
2001,12,16,2001.9575,371.44,7,2001-12-16,0
2001,12,23,2001.9767,371.87,6,2001-12-23,0
2001,12,30,2001.9959,372.38,7,2001-12-30,0
2002,1,6,2002.0151,372.38,7,2002-01-06,0
2002,1,13,2002.0342,372.91,7,2002-01-13,0
2002,1,20,2002.0534,372.75,7,2002-01-20,0
2002,1,27,2002.0726,372.99,4,2002-01-27,0
2002,2,3,2002.0918,373.13,7,2002-02-03,0
2002,2,10,2002.111,373.18,7,2002-02-10,0
2002,2,17,2002.1301,373.26,7,2002-02-17,0
2002,2,24,2002.1493,373.91,7,2002-02-24,0
2002,3,3,2002.1685,374.06,6,2002-03-03,0
2002,3,10,2002.1877,374.31,7,2002-03-10,0
2002,3,17,2002.2068,374.81,5,2002-03-17,0
2002,3,24,2002.226,374.45,3,2002-03-24,0
2002,3,31,2002.2452,374.43,7,2002-03-31,0
2002,4,7,2002.2644,374.7,7,2002-04-07,0
2002,4,14,2002.2836,375.4,6,2002-04-14,0
2002,4,21,2002.3027,375.59,7,2002-04-21,0
2002,4,28,2002.3219,376.23,7,2002-04-28,0
2002,5,5,2002.3411,375.76,6,2002-05-05,0
2002,5,12,2002.3603,375.23,6,2002-05-12,0
2002,5,19,2002.3795,376.1,7,2002-05-19,0
2002,5,26,2002.3986,376.41,7,2002-05-26,0
2002,6,2,2002.4178,376.07,7,2002-06-02,0
2002,6,9,2002.437,375.62,7,2002-06-09,0
2002,6,16,2002.4562,375.4,5,2002-06-16,0
2002,6,23,2002.4753,375.66,7,2002-06-23,0
2002,6,30,2002.4945,374.99,7,2002-06-30,0
2002,7,7,2002.5137,374.63,7,2002-07-07,0
2002,7,14,2002.5329,374.09,4,2002-07-14,0
2002,7,21,2002.5521,373.51,5,2002-07-21,0
2002,7,28,2002.5712,373.49,6,2002-07-28,0
2002,8,4,2002.5904,372.75,6,2002-08-04,0
2002,8,11,2002.6096,371.98,6,2002-08-11,0
2002,8,18,2002.6288,371.5,7,2002-08-18,0
2002,8,25,2002.6479,371.11,6,2002-08-25,0
2002,9,1,2002.6671,370.43,5,2002-09-01,0
2002,9,8,2002.6863,371.81,5,2002-09-08,0
2002,9,15,2002.7055,371.01,6,2002-09-15,0
2002,9,22,2002.7247,370.67,5,2002-09-22,0
2002,9,29,2002.7438,370.05,7,2002-09-29,0
2002,10,6,2002.763,370.08,7,2002-10-06,0
2002,10,13,2002.7822,371.41,7,2002-10-13,0
2002,10,20,2002.8014,370.87,7,2002-10-20,0
2002,10,27,2002.8205,371.24,7,2002-10-27,0
2002,11,3,2002.8397,372.14,7,2002-11-03,0
2002,11,10,2002.8589,372.04,7,2002-11-10,0
2002,11,17,2002.8781,372.91,7,2002-11-17,0
2002,11,24,2002.8973,372.94,6,2002-11-24,0
2002,12,1,2002.9164,373.23,7,2002-12-01,0
2002,12,8,2002.9356,373.77,7,2002-12-08,0
2002,12,15,2002.9548,373.75,7,2002-12-15,0
2002,12,22,2002.974,374.66,7,2002-12-22,0
2002,12,29,2002.9932,374.88,7,2002-12-29,0
2003,1,5,2003.0123,374.73,7,2003-01-05,0
2003,1,12,2003.0315,375.21,7,2003-01-12,0
2003,1,19,2003.0507,375.11,6,2003-01-19,0
2003,1,26,2003.0699,375.48,7,2003-01-26,0
2003,2,2,2003.089,375.35,7,2003-02-02,0
2003,2,9,2003.1082,375.3,7,2003-02-09,0
2003,2,16,2003.1274,376.57,7,2003-02-16,0
2003,2,23,2003.1466,376.2,6,2003-02-23,0
2003,3,2,2003.1658,376.49,7,2003-03-02,0
2003,3,9,2003.1849,376.55,6,2003-03-09,0
2003,3,16,2003.2041,376.15,5,2003-03-16,0
2003,3,23,2003.2233,377.18,7,2003-03-23,0
2003,3,30,2003.2425,377.03,7,2003-03-30,0
2003,4,6,2003.2616,377.32,7,2003-04-06,0
2003,4,13,2003.2808,377.98,4,2003-04-13,0
2003,4,20,2003.3,378.54,7,2003-04-20,0
2003,4,27,2003.3192,378.81,7,2003-04-27,0
2003,5,4,2003.3384,378.25,6,2003-05-04,0
2003,5,11,2003.3575,378.25,7,2003-05-11,0
2003,5,18,2003.3767,379.62,7,2003-05-18,0
2003,5,25,2003.3959,378.91,7,2003-05-25,0
2003,6,1,2003.4151,378.59,6,2003-06-01,0
2003,6,8,2003.4342,378.68,4,2003-06-08,0
2003,6,15,2003.4534,378.3,7,2003-06-15,0
2003,6,22,2003.4726,378.49,6,2003-06-22,0
2003,6,29,2003.4918,377.75,6,2003-06-29,0
2003,7,6,2003.511,376.74,7,2003-07-06,0
2003,7,13,2003.5301,377.41,6,2003-07-13,0
2003,7,20,2003.5493,376.57,7,2003-07-20,0
2003,7,27,2003.5685,376.08,7,2003-07-27,0
2003,8,3,2003.5877,375.12,6,2003-08-03,0
2003,8,10,2003.6068,374.9,7,2003-08-10,0
2003,8,17,2003.626,374.06,6,2003-08-17,0
2003,8,24,2003.6452,373.61,2,2003-08-24,0
2003,8,31,2003.6644,373.37,3,2003-08-31,0
2003,9,7,2003.6836,373.3,7,2003-09-07,0
2003,9,14,2003.7027,373.05,6,2003-09-14,0
2003,9,21,2003.7219,373.51,6,2003-09-21,0
2003,9,28,2003.7411,373.45,7,2003-09-28,0
2003,10,5,2003.7603,373.09,7,2003-10-05,0
2003,10,12,2003.7795,372.95,7,2003-10-12,0
2003,10,19,2003.7986,373.6,6,2003-10-19,0
2003,10,26,2003.8178,373.57,6,2003-10-26,0
2003,11,2,2003.837,374.13,4,2003-11-02,0
2003,11,9,2003.8562,374.7,7,2003-11-09,0
2003,11,16,2003.8753,375.06,7,2003-11-16,0
2003,11,23,2003.8945,375.45,7,2003-11-23,0
2003,11,30,2003.9137,375.49,7,2003-11-30,0
2003,12,7,2003.9329,375.95,7,2003-12-07,0
2003,12,14,2003.9521,376.51,7,2003-12-14,0
2003,12,21,2003.9712,376.31,4,2003-12-21,0
2003,12,28,2003.9904,376.53,6,2003-12-28,0
2004,1,4,2004.0096,376.51,7,2004-01-04,0
2004,1,11,2004.0287,377.13,7,2004-01-11,0
2004,1,18,2004.0478,377.28,7,2004-01-18,0
2004,1,25,2004.0669,378.13,6,2004-01-25,0
2004,2,1,2004.0861,378.06,7,2004-02-01,0
2004,2,8,2004.1052,378.61,7,2004-02-08,0
2004,2,15,2004.1243,377.67,7,2004-02-15,0
2004,2,22,2004.1434,377.79,7,2004-02-22,0
2004,2,29,2004.1626,378.46,7,2004-02-29,0
2004,3,7,2004.1817,379.14,5,2004-03-07,0
2004,3,14,2004.2008,379.4,6,2004-03-14,0
2004,3,21,2004.2199,378.67,7,2004-03-21,0
2004,3,28,2004.2391,379.9,7,2004-03-28,0
2004,4,4,2004.2582,380.2,5,2004-04-04,0
2004,4,11,2004.2773,380.92,7,2004-04-11,0
2004,4,18,2004.2964,380.56,5,2004-04-18,0
2004,4,25,2004.3156,380.82,7,2004-04-25,0
2004,5,2,2004.3347,380.9,6,2004-05-02,0
2004,5,9,2004.3538,380.89,7,2004-05-09,0
2004,5,16,2004.373,380.43,7,2004-05-16,0
2004,5,23,2004.3921,381.25,5,2004-05-23,0
2004,5,30,2004.4112,380.11,7,2004-05-30,0
2004,6,6,2004.4303,380.27,6,2004-06-06,0
2004,6,13,2004.4495,380.34,3,2004-06-13,0
2004,6,20,2004.4686,379.55,5,2004-06-20,0
2004,6,27,2004.4877,379.32,5,2004-06-27,0
2004,7,4,2004.5068,378.5,4,2004-07-04,0
2004,7,11,2004.526,378.07,5,2004-07-11,0
2004,7,18,2004.5451,376.92,7,2004-07-18,0
2004,7,25,2004.5642,376.59,6,2004-07-25,0
2004,8,1,2004.5833,376.91,4,2004-08-01,0
2004,8,8,2004.6025,376.41,6,2004-08-08,0
2004,8,15,2004.6216,375.95,4,2004-08-15,0
2004,8,22,2004.6407,376.26,2,2004-08-22,0
2004,8,29,2004.6598,374.17,1,2004-08-29,0
2004,9,5,2004.679,374.62,6,2004-09-05,0
2004,9,12,2004.6981,374.23,4,2004-09-12,0
2004,9,19,2004.7172,374.57,3,2004-09-19,0
2004,9,26,2004.7363,374.48,3,2004-09-26,0
2004,10,3,2004.7555,374.16,5,2004-10-03,0
2004,10,10,2004.7746,374.4,7,2004-10-10,0
2004,10,17,2004.7937,374.74,7,2004-10-17,0
2004,10,24,2004.8128,375.13,7,2004-10-24,0
2004,10,31,2004.832,375.48,6,2004-10-31,0
2004,11,7,2004.8511,375.63,7,2004-11-07,0
2004,11,14,2004.8702,376.98,7,2004-11-14,0
2004,11,21,2004.8893,376.9,7,2004-11-21,0
2004,11,28,2004.9085,376.99,7,2004-11-28,0
2004,12,5,2004.9276,377.72,7,2004-12-05,0
2004,12,12,2004.9467,377.4,7,2004-12-12,0
2004,12,19,2004.9658,377.95,7,2004-12-19,0
2004,12,26,2004.985,377.99,6,2004-12-26,0
2005,1,2,2005.0041,378.36,7,2005-01-02,0
2005,1,9,2005.0233,378.61,7,2005-01-09,0
2005,1,16,2005.0425,378.52,7,2005-01-16,0
2005,1,23,2005.0616,378.8,7,2005-01-23,0
2005,1,30,2005.0808,379.59,6,2005-01-30,0
2005,2,6,2005.1,379.4,6,2005-02-06,0
2005,2,13,2005.1192,380.1,5,2005-02-13,0
2005,2,20,2005.1384,380.05,7,2005-02-20,0
2005,2,27,2005.1575,381.54,5,2005-02-27,0
2005,3,6,2005.1767,380.24,5,2005-03-06,0
2005,3,13,2005.1959,381.46,7,2005-03-13,0
2005,3,20,2005.2151,380.4,7,2005-03-20,0
2005,3,27,2005.2342,381.95,6,2005-03-27,0
2005,4,3,2005.2534,382.49,6,2005-04-03,0
2005,4,10,2005.2726,382.28,5,2005-04-10,0
2005,4,17,2005.2918,382.35,7,2005-04-17,0
2005,4,24,2005.311,382.76,6,2005-04-24,0
2005,5,1,2005.3301,382.13,7,2005-05-01,0
2005,5,8,2005.3493,382.15,7,2005-05-08,0
2005,5,15,2005.3685,382.82,7,2005-05-15,0
2005,5,22,2005.3877,383.2,7,2005-05-22,0
2005,5,29,2005.4068,382.98,7,2005-05-29,0
2005,6,5,2005.426,382.82,7,2005-06-05,0
2005,6,12,2005.4452,382.6,6,2005-06-12,0
2005,6,19,2005.4644,382.13,7,2005-06-19,0
2005,6,26,2005.4836,381.56,6,2005-06-26,0
2005,7,3,2005.5027,381.28,6,2005-07-03,0
2005,7,10,2005.5219,381.05,6,2005-07-10,0
2005,7,17,2005.5411,380.95,7,2005-07-17,0
2005,7,24,2005.5603,380.34,7,2005-07-24,0
2005,7,31,2005.5795,380.03,6,2005-07-31,0
2005,8,7,2005.5986,379.1,6,2005-08-07,0
2005,8,14,2005.6178,379.02,7,2005-08-14,0
2005,8,21,2005.637,378.18,6,2005-08-21,0
2005,8,28,2005.6562,378.14,4,2005-08-28,0
2005,9,4,2005.6753,377.55,6,2005-09-04,0
2005,9,11,2005.6945,376.41,7,2005-09-11,0
2005,9,18,2005.7137,376.53,6,2005-09-18,0
2005,9,25,2005.7329,376.64,7,2005-09-25,0
2005,10,2,2005.7521,376.83,7,2005-10-02,0
2005,10,9,2005.7712,377.1,4,2005-10-09,0
2005,10,16,2005.7904,377.4,0,2005-10-16,1
2005,10,23,2005.8096,377.7,2,2005-10-23,0
2005,10,30,2005.8288,378,3,2005-10-30,0
2005,11,6,2005.8479,378.14,7,2005-11-06,0
2005,11,13,2005.8671,379.05,5,2005-11-13,0
2005,11,20,2005.8863,378.68,4,2005-11-20,0
2005,11,27,2005.9055,379.22,7,2005-11-27,0
2005,12,4,2005.9247,380.12,6,2005-12-04,0
2005,12,11,2005.9438,380.37,7,2005-12-11,0
2005,12,18,2005.963,380.44,4,2005-12-18,0
2005,12,25,2005.9822,380.69,6,2005-12-25,0
2006,1,1,2006.0014,381.46,3,2006-01-01,0
2006,1,8,2006.0205,381.4,7,2006-01-08,0
2006,1,15,2006.0397,381.75,4,2006-01-15,0
2006,1,22,2006.0589,381.82,7,2006-01-22,0
2006,1,29,2006.0781,381.82,6,2006-01-29,0
2006,2,5,2006.0973,382.49,5,2006-02-05,0
2006,2,12,2006.1164,382.8,7,2006-02-12,0
2006,2,19,2006.1356,382.13,7,2006-02-19,0
2006,2,26,2006.1548,382.33,7,2006-02-26,0
2006,3,5,2006.174,383.08,6,2006-03-05,0
2006,3,12,2006.1932,383.06,7,2006-03-12,0
2006,3,19,2006.2123,383.09,6,2006-03-19,0
2006,3,26,2006.2315,382.62,6,2006-03-26,0
2006,4,2,2006.2507,384.37,4,2006-04-02,0
2006,4,9,2006.2699,384.96,6,2006-04-09,0
2006,4,16,2006.289,385.05,7,2006-04-16,0
2006,4,23,2006.3082,384.94,7,2006-04-23,0
2006,4,30,2006.3274,385.07,6,2006-04-30,0
2006,5,7,2006.3466,385.21,6,2006-05-07,0
2006,5,14,2006.3658,385.51,5,2006-05-14,0
2006,5,21,2006.3849,385.14,6,2006-05-21,0
2006,5,28,2006.4041,384.85,5,2006-05-28,0
2006,6,4,2006.4233,384.37,6,2006-06-04,0
2006,6,11,2006.4425,384.46,7,2006-06-11,0
2006,6,18,2006.4616,384.12,6,2006-06-18,0
2006,6,25,2006.4808,383.63,7,2006-06-25,0
2006,7,2,2006.5,383.3,6,2006-07-02,0
2006,7,9,2006.5192,383.01,5,2006-07-09,0
2006,7,16,2006.5384,381.99,4,2006-07-16,0
2006,7,23,2006.5575,382.3,6,2006-07-23,0
2006,7,30,2006.5767,381.7,7,2006-07-30,0
2006,8,6,2006.5959,380.78,5,2006-08-06,0
2006,8,13,2006.6151,380.59,6,2006-08-13,0
2006,8,20,2006.6342,379.98,6,2006-08-20,0
2006,8,27,2006.6534,379.74,6,2006-08-27,0
2006,9,3,2006.6726,378.81,5,2006-09-03,0
2006,9,10,2006.6918,379.36,5,2006-09-10,0
2006,9,17,2006.711,378.86,7,2006-09-17,0
2006,9,24,2006.7301,379.06,7,2006-09-24,0
2006,10,1,2006.7493,379.11,5,2006-10-01,0
2006,10,8,2006.7685,379.09,7,2006-10-08,0
2006,10,15,2006.7877,379.12,4,2006-10-15,0
2006,10,22,2006.8068,379.67,4,2006-10-22,0
2006,10,29,2006.826,379.84,7,2006-10-29,0
2006,11,5,2006.8452,379.96,7,2006-11-05,0
2006,11,12,2006.8644,380.19,7,2006-11-12,0
2006,11,19,2006.8836,380.57,7,2006-11-19,0
2006,11,26,2006.9027,381.44,6,2006-11-26,0
2006,12,3,2006.9219,381.67,7,2006-12-03,0
2006,12,10,2006.9411,381.9,7,2006-12-10,0
2006,12,17,2006.9603,382.39,5,2006-12-17,0
2006,12,24,2006.9795,382.18,5,2006-12-24,0
2006,12,31,2006.9986,382.29,7,2006-12-31,0
2007,1,7,2007.0178,383.14,3,2007-01-07,0
2007,1,14,2007.037,382.65,5,2007-01-14,0
2007,1,21,2007.0562,383.77,6,2007-01-21,0
2007,1,28,2007.0753,383.88,7,2007-01-28,0
2007,2,4,2007.0945,383.48,7,2007-02-04,0
2007,2,11,2007.1137,385.03,4,2007-02-11,0
2007,2,18,2007.1329,384.93,3,2007-02-18,0
2007,2,25,2007.1521,384.22,7,2007-02-25,0
2007,3,4,2007.1712,383.62,7,2007-03-04,0
2007,3,11,2007.1904,384.55,6,2007-03-11,0
2007,3,18,2007.2096,385.29,6,2007-03-18,0
2007,3,25,2007.2288,386.08,5,2007-03-25,0
2007,4,1,2007.2479,386.07,6,2007-04-01,0
2007,4,8,2007.2671,385.93,5,2007-04-08,0
2007,4,15,2007.2863,387.51,7,2007-04-15,0
2007,4,22,2007.3055,387.18,5,2007-04-22,0
2007,4,29,2007.3247,386.82,7,2007-04-29,0
2007,5,6,2007.3438,386.46,7,2007-05-06,0
2007,5,13,2007.363,386.88,6,2007-05-13,0
2007,5,20,2007.3822,386.74,7,2007-05-20,0
2007,5,27,2007.4014,387.14,6,2007-05-27,0
2007,6,3,2007.4205,387.13,7,2007-06-03,0
2007,6,10,2007.4397,386.65,6,2007-06-10,0
2007,6,17,2007.4589,385.93,6,2007-06-17,0
2007,6,24,2007.4781,385.27,5,2007-06-24,0
2007,7,1,2007.4973,385.61,7,2007-07-01,0
2007,7,8,2007.5164,385.35,7,2007-07-08,0
2007,7,15,2007.5356,384.32,6,2007-07-15,0
2007,7,22,2007.5548,384.03,4,2007-07-22,0
2007,7,29,2007.574,383.11,7,2007-07-29,0
2007,8,5,2007.5932,382.7,3,2007-08-05,0
2007,8,12,2007.6123,382.11,7,2007-08-12,0
2007,8,19,2007.6315,382.33,4,2007-08-19,0
2007,8,26,2007.6507,381.86,4,2007-08-26,0
2007,9,2,2007.6699,381.76,5,2007-09-02,0
2007,9,9,2007.689,380.88,5,2007-09-09,0
2007,9,16,2007.7082,381.03,3,2007-09-16,0
2007,9,23,2007.7274,380.91,7,2007-09-23,0
2007,9,30,2007.7466,381.12,7,2007-09-30,0
2007,10,7,2007.7658,381.19,6,2007-10-07,0
2007,10,14,2007.7849,381.27,6,2007-10-14,0
2007,10,21,2007.8041,381.59,7,2007-10-21,0
2007,10,28,2007.8233,382,7,2007-10-28,0
2007,11,4,2007.8425,382.26,7,2007-11-04,0
2007,11,11,2007.8616,382.46,7,2007-11-11,0
2007,11,18,2007.8808,383.29,7,2007-11-18,0
2007,11,25,2007.9,383.12,6,2007-11-25,0
2007,12,2,2007.9192,383.91,4,2007-12-02,0
2007,12,9,2007.9384,383.95,6,2007-12-09,0
2007,12,16,2007.9575,384.63,5,2007-12-16,0
2007,12,23,2007.9767,384.18,5,2007-12-23,0
2007,12,30,2007.9959,385.02,7,2007-12-30,0
2008,1,6,2008.015,384.67,7,2008-01-06,0
2008,1,13,2008.0342,386.05,7,2008-01-13,0
2008,1,20,2008.0533,386.25,7,2008-01-20,0
2008,1,27,2008.0724,387.02,7,2008-01-27,0
2008,2,3,2008.0915,386.25,7,2008-02-03,0
2008,2,10,2008.1107,386.2,7,2008-02-10,0
2008,2,17,2008.1298,385.54,5,2008-02-17,0
2008,2,24,2008.1489,385.62,6,2008-02-24,0
2008,3,2,2008.168,386.06,6,2008-03-02,0
2008,3,9,2008.1872,385.95,7,2008-03-09,0
2008,3,16,2008.2063,386.08,7,2008-03-16,0
2008,3,23,2008.2254,386.97,7,2008-03-23,0
2008,3,30,2008.2445,388.31,7,2008-03-30,0
2008,4,6,2008.2637,386.98,6,2008-04-06,0
2008,4,13,2008.2828,386.72,7,2008-04-13,0
2008,4,20,2008.3019,387.58,3,2008-04-20,0
2008,4,27,2008.321,387.52,6,2008-04-27,0
2008,5,4,2008.3402,388.77,6,2008-05-04,0
2008,5,11,2008.3593,389.11,5,2008-05-11,0
2008,5,18,2008.3784,389.13,5,2008-05-18,0
2008,5,25,2008.3975,388.82,6,2008-05-25,0
2008,6,1,2008.4167,388.76,7,2008-06-01,0
2008,6,8,2008.4358,387.74,6,2008-06-08,0
2008,6,15,2008.4549,388.11,6,2008-06-15,0
2008,6,22,2008.474,387.53,4,2008-06-22,0
2008,6,29,2008.4932,387.3,0,2008-06-29,1
2008,7,6,2008.5123,387.07,0,2008-07-06,1
2008,7,13,2008.5314,386.84,0,2008-07-13,1
2008,7,20,2008.5505,386.61,5,2008-07-20,0
2008,7,27,2008.5697,385.14,7,2008-07-27,0
2008,8,3,2008.5888,385.46,6,2008-08-03,0
2008,8,10,2008.6079,384.17,5,2008-08-10,0
2008,8,17,2008.627,383.91,6,2008-08-17,0
2008,8,24,2008.6462,383.52,6,2008-08-24,0
2008,8,31,2008.6653,383.73,6,2008-08-31,0
2008,9,7,2008.6844,383.27,6,2008-09-07,0
2008,9,14,2008.7036,383.6,5,2008-09-14,0
2008,9,21,2008.7227,383.28,7,2008-09-21,0
2008,9,28,2008.7418,382.97,7,2008-09-28,0
2008,10,5,2008.7609,383.1,5,2008-10-05,0
2008,10,12,2008.7801,383.07,7,2008-10-12,0
2008,10,19,2008.7992,383.29,6,2008-10-19,0
2008,10,26,2008.8183,384.21,2,2008-10-26,0
2008,11,2,2008.8374,384.01,6,2008-11-02,0
2008,11,9,2008.8566,384.33,7,2008-11-09,0
2008,11,16,2008.8757,384.57,6,2008-11-16,0
2008,11,23,2008.8948,384.72,7,2008-11-23,0
2008,11,30,2008.9139,385.28,7,2008-11-30,0
2008,12,7,2008.9331,385.52,7,2008-12-07,0
2008,12,14,2008.9522,385.77,7,2008-12-14,0
2008,12,21,2008.9713,386.15,7,2008-12-21,0
2008,12,28,2008.9904,386.46,5,2008-12-28,0
2009,1,4,2009.0096,386.63,7,2009-01-04,0
2009,1,11,2009.0288,387.24,7,2009-01-11,0
2009,1,18,2009.0479,387.37,7,2009-01-18,0
2009,1,25,2009.0671,387.74,6,2009-01-25,0
2009,2,1,2009.0863,387.25,6,2009-02-01,0
2009,2,8,2009.1055,387.16,6,2009-02-08,0
2009,2,15,2009.1247,387.84,7,2009-02-15,0
2009,2,22,2009.1438,388.45,7,2009-02-22,0
2009,3,1,2009.163,389.3,6,2009-03-01,0
2009,3,8,2009.1822,389.03,6,2009-03-08,0
2009,3,15,2009.2014,388.42,7,2009-03-15,0
2009,3,22,2009.2205,389.51,6,2009-03-22,0
2009,3,29,2009.2397,389.26,7,2009-03-29,0
2009,4,5,2009.2589,389.65,7,2009-04-05,0
2009,4,12,2009.2781,389.15,6,2009-04-12,0
2009,4,19,2009.2973,389.78,7,2009-04-19,0
2009,4,26,2009.3164,390.74,7,2009-04-26,0
2009,5,3,2009.3356,389.98,6,2009-05-03,0
2009,5,10,2009.3548,390.39,7,2009-05-10,0
2009,5,17,2009.374,390.6,7,2009-05-17,0
2009,5,24,2009.3932,390.62,7,2009-05-24,0
2009,5,31,2009.4123,390.07,7,2009-05-31,0
2009,6,7,2009.4315,390.42,7,2009-06-07,0
2009,6,14,2009.4507,389.64,7,2009-06-14,0
2009,6,21,2009.4699,388.72,6,2009-06-21,0
2009,6,28,2009.489,388.9,6,2009-06-28,0
2009,7,5,2009.5082,388.7,5,2009-07-05,0
2009,7,12,2009.5274,388.57,4,2009-07-12,0
2009,7,19,2009.5466,387.89,6,2009-07-19,0
2009,7,26,2009.5658,387.58,5,2009-07-26,0
2009,8,2,2009.5849,387.28,7,2009-08-02,0
2009,8,9,2009.6041,386.22,5,2009-08-09,0
2009,8,16,2009.6233,385.91,7,2009-08-16,0
2009,8,23,2009.6425,385.83,6,2009-08-23,0
2009,8,30,2009.6616,385.36,7,2009-08-30,0
2009,9,6,2009.6808,384.89,6,2009-09-06,0
2009,9,13,2009.7,384.96,6,2009-09-13,0
2009,9,20,2009.7192,384.84,7,2009-09-20,0
2009,9,27,2009.7384,384.23,7,2009-09-27,0
2009,10,4,2009.7575,384.08,6,2009-10-04,0
2009,10,11,2009.7767,384.58,7,2009-10-11,0
2009,10,18,2009.7959,384.92,7,2009-10-18,0
2009,10,25,2009.8151,385.22,7,2009-10-25,0
2009,11,1,2009.8342,385.58,7,2009-11-01,0
2009,11,8,2009.8534,385.9,7,2009-11-08,0
2009,11,15,2009.8726,386.55,7,2009-11-15,0
2009,11,22,2009.8918,386.59,7,2009-11-22,0
2009,11,29,2009.911,387.28,7,2009-11-29,0
2009,12,6,2009.9301,387.18,6,2009-12-06,0
2009,12,13,2009.9493,387.07,1,2009-12-13,0
2009,12,20,2009.9685,388.61,3,2009-12-20,0
2009,12,27,2009.9877,388.8,7,2009-12-27,0
2010,1,3,2010.0068,388.37,7,2010-01-03,0
2010,1,10,2010.026,388.54,6,2010-01-10,0
2010,1,17,2010.0452,388.54,7,2010-01-17,0
2010,1,24,2010.0644,389.21,7,2010-01-24,0
2010,1,31,2010.0836,390.91,5,2010-01-31,0
2010,2,7,2010.1027,390.55,6,2010-02-07,0
2010,2,14,2010.1219,390.43,6,2010-02-14,0
2010,2,21,2010.1411,389.79,3,2010-02-21,0
2010,2,28,2010.1603,391.14,6,2010-02-28,0
2010,3,7,2010.1795,391.59,6,2010-03-07,0
2010,3,14,2010.1986,391.38,4,2010-03-14,0
2010,3,21,2010.2178,390.5,6,2010-03-21,0
2010,3,28,2010.237,391.96,7,2010-03-28,0
2010,4,4,2010.2562,391.39,6,2010-04-04,0
2010,4,11,2010.2753,392.93,5,2010-04-11,0
2010,4,18,2010.2945,393.53,7,2010-04-18,0
2010,4,25,2010.3137,393.42,6,2010-04-25,0
2010,5,2,2010.3329,393.2,6,2010-05-02,0
2010,5,9,2010.3521,392.81,7,2010-05-09,0
2010,5,16,2010.3712,393.64,7,2010-05-16,0
2010,5,23,2010.3904,392.93,6,2010-05-23,0
2010,5,30,2010.4096,393.51,7,2010-05-30,0
2010,6,6,2010.4288,392.99,7,2010-06-06,0
2010,6,13,2010.4479,392.1,6,2010-06-13,0
2010,6,20,2010.4671,391.86,6,2010-06-20,0
2010,6,27,2010.4863,391.36,7,2010-06-27,0
2010,7,4,2010.5055,390.77,7,2010-07-04,0
2010,7,11,2010.5247,390.06,7,2010-07-11,0
2010,7,18,2010.5438,390.47,5,2010-07-18,0
2010,7,25,2010.563,390.04,7,2010-07-25,0
2010,8,1,2010.5822,389.07,6,2010-08-01,0
2010,8,8,2010.6014,389.02,7,2010-08-08,0
2010,8,15,2010.6205,388.67,5,2010-08-15,0
2010,8,22,2010.6397,387.8,5,2010-08-22,0
2010,8,29,2010.6589,387.72,7,2010-08-29,0
2010,9,5,2010.6781,386.32,6,2010-09-05,0
2010,9,12,2010.6973,387.24,7,2010-09-12,0
2010,9,19,2010.7164,386.96,7,2010-09-19,0
2010,9,26,2010.7356,386.97,7,2010-09-26,0
2010,10,3,2010.7548,387.14,7,2010-10-03,0
2010,10,10,2010.774,387.02,7,2010-10-10,0
2010,10,17,2010.7932,387.62,7,2010-10-17,0
2010,10,24,2010.8123,388.02,7,2010-10-24,0
2010,10,31,2010.8315,388.24,7,2010-10-31,0
2010,11,7,2010.8507,388.25,7,2010-11-07,0
2010,11,14,2010.8699,388.82,7,2010-11-14,0
2010,11,21,2010.889,389.69,7,2010-11-21,0
2010,11,28,2010.9082,389.86,6,2010-11-28,0
2010,12,5,2010.9274,389.97,6,2010-12-05,0
2010,12,12,2010.9466,389.64,7,2010-12-12,0
2010,12,19,2010.9658,390.34,7,2010-12-19,0
2010,12,26,2010.9849,390.13,6,2010-12-26,0
2011,1,2,2011.0041,391.74,7,2011-01-02,0
2011,1,9,2011.0233,390.96,6,2011-01-09,0
2011,1,16,2011.0425,391.7,6,2011-01-16,0
2011,1,23,2011.0616,391.56,7,2011-01-23,0
2011,1,30,2011.0808,392.26,7,2011-01-30,0
2011,2,6,2011.1,391.63,7,2011-02-06,0
2011,2,13,2011.1192,391.84,7,2011-02-13,0
2011,2,20,2011.1384,392.24,7,2011-02-20,0
2011,2,27,2011.1575,392.26,7,2011-02-27,0
2011,3,6,2011.1767,392.07,7,2011-03-06,0
2011,3,13,2011.1959,392.69,7,2011-03-13,0
2011,3,20,2011.2151,393.09,6,2011-03-20,0
2011,3,27,2011.2342,394.21,6,2011-03-27,0
2011,4,3,2011.2534,393.19,7,2011-04-03,0
2011,4,10,2011.2726,393.28,7,2011-04-10,0
2011,4,17,2011.2918,393.73,6,2011-04-17,0
2011,4,24,2011.311,393.5,6,2011-04-24,0
2011,5,1,2011.3301,394.33,6,2011-05-01,0
2011,5,8,2011.3493,393.08,7,2011-05-08,0
2011,5,15,2011.3685,395.1,7,2011-05-15,0
2011,5,22,2011.3877,395.29,6,2011-05-22,0
2011,5,29,2011.4068,394.41,7,2011-05-29,0
2011,6,5,2011.426,393.7,5,2011-06-05,0
2011,6,12,2011.4452,394,7,2011-06-12,0
2011,6,19,2011.4644,393.75,7,2011-06-19,0
2011,6,26,2011.4836,393.65,7,2011-06-26,0
2011,7,3,2011.5027,393.71,7,2011-07-03,0
2011,7,10,2011.5219,393.49,4,2011-07-10,0
2011,7,17,2011.5411,391.52,6,2011-07-17,0
2011,7,24,2011.5603,392.19,6,2011-07-24,0
2011,7,31,2011.5795,391.4,7,2011-07-31,0
2011,8,7,2011.5986,390.8,5,2011-08-07,0
2011,8,14,2011.6178,390.34,7,2011-08-14,0
2011,8,21,2011.637,389.59,7,2011-08-21,0
2011,8,28,2011.6562,389.7,5,2011-08-28,0
2011,9,4,2011.6753,389.24,4,2011-09-04,0
2011,9,11,2011.6945,389.35,6,2011-09-11,0
2011,9,18,2011.7137,389.29,7,2011-09-18,0
2011,9,25,2011.7329,388.87,7,2011-09-25,0
2011,10,2,2011.7521,388.98,7,2011-10-02,0
2011,10,9,2011.7712,389.01,7,2011-10-09,0
2011,10,16,2011.7904,389.23,7,2011-10-16,0
2011,10,23,2011.8096,389.44,7,2011-10-23,0
2011,10,30,2011.8288,389.81,7,2011-10-30,0
2011,11,6,2011.8479,389.97,6,2011-11-06,0
2011,11,13,2011.8671,390.66,6,2011-11-13,0
2011,11,20,2011.8863,390.7,7,2011-11-20,0
2011,11,27,2011.9055,391.34,7,2011-11-27,0
2011,12,4,2011.9247,391.56,7,2011-12-04,0
2011,12,11,2011.9438,392.21,6,2011-12-11,0
2011,12,18,2011.963,392.65,4,2011-12-18,0
2011,12,25,2011.9822,392.4,7,2011-12-25,0
2012,1,1,2012.0014,393.15,7,2012-01-01,0
2012,1,8,2012.0205,393.57,6,2012-01-08,0
2012,1,15,2012.0396,393.17,7,2012-01-15,0
2012,1,22,2012.0587,393.53,7,2012-01-22,0
2012,1,29,2012.0779,393.43,6,2012-01-29,0
2012,2,5,2012.097,393.9,7,2012-02-05,0
2012,2,12,2012.1161,393.68,7,2012-02-12,0
2012,2,19,2012.1352,394.61,5,2012-02-19,0
2012,2,26,2012.1544,394.45,7,2012-02-26,0
2012,3,4,2012.1735,393.73,7,2012-03-04,0
2012,3,11,2012.1926,394.46,7,2012-03-11,0
2012,3,18,2012.2117,394.98,7,2012-03-18,0
2012,3,25,2012.2309,395.32,6,2012-03-25,0
2012,4,1,2012.25,395.51,7,2012-04-01,0
2012,4,8,2012.2691,396.81,6,2012-04-08,0
2012,4,15,2012.2883,396.35,7,2012-04-15,0
2012,4,22,2012.3074,396.8,7,2012-04-22,0
2012,4,29,2012.3265,397.11,7,2012-04-29,0
2012,5,6,2012.3456,397.32,7,2012-05-06,0
2012,5,13,2012.3648,397.18,7,2012-05-13,0
2012,5,20,2012.3839,396.31,7,2012-05-20,0
2012,5,27,2012.403,396.48,6,2012-05-27,0
2012,6,3,2012.4221,395.93,7,2012-06-03,0
2012,6,10,2012.4413,396.43,6,2012-06-10,0
2012,6,17,2012.4604,395.77,7,2012-06-17,0
2012,6,24,2012.4795,395.45,6,2012-06-24,0
2012,7,1,2012.4986,395.15,6,2012-07-01,0
2012,7,8,2012.5178,394.56,6,2012-07-08,0
2012,7,15,2012.5369,394.66,7,2012-07-15,0
2012,7,22,2012.556,394.28,4,2012-07-22,0
2012,7,29,2012.5751,393.62,7,2012-07-29,0
2012,8,5,2012.5943,393.43,6,2012-08-05,0
2012,8,12,2012.6134,392.71,7,2012-08-12,0
2012,8,19,2012.6325,391.57,7,2012-08-19,0
2012,8,26,2012.6516,391.99,7,2012-08-26,0
2012,9,2,2012.6708,392.06,6,2012-09-02,0
2012,9,9,2012.6899,391.1,6,2012-09-09,0
2012,9,16,2012.709,390.99,7,2012-09-16,0
2012,9,23,2012.7281,391.09,6,2012-09-23,0
2012,9,30,2012.7473,391.02,7,2012-09-30,0
2012,10,7,2012.7664,391.18,6,2012-10-07,0
2012,10,14,2012.7855,391.12,6,2012-10-14,0
2012,10,21,2012.8046,391.56,6,2012-10-21,0
2012,10,28,2012.8238,391.78,6,2012-10-28,0
2012,11,4,2012.8429,392.52,7,2012-11-04,0
2012,11,11,2012.862,393.48,7,2012-11-11,0
2012,11,18,2012.8811,393.39,7,2012-11-18,0
2012,11,25,2012.9003,393.93,7,2012-11-25,0
2012,12,2,2012.9194,393.88,6,2012-12-02,0
2012,12,9,2012.9385,394.62,7,2012-12-09,0
2012,12,16,2012.9577,394.75,7,2012-12-16,0
2012,12,23,2012.9768,395.06,6,2012-12-23,0
2012,12,30,2012.9959,394.72,6,2012-12-30,0
2013,1,6,2013.0151,395.6,6,2013-01-06,0
2013,1,13,2013.0342,396.21,6,2013-01-13,0
2013,1,20,2013.0534,396.01,7,2013-01-20,0
2013,1,27,2013.0726,395.99,7,2013-01-27,0
2013,2,3,2013.0918,396.86,6,2013-02-03,0
2013,2,10,2013.111,397.2,6,2013-02-10,0
2013,2,17,2013.1301,397.37,7,2013-02-17,0
2013,2,24,2013.1493,396.96,6,2013-02-24,0
2013,3,3,2013.1685,397.88,6,2013-03-03,0
2013,3,10,2013.1877,397.17,7,2013-03-10,0
2013,3,17,2013.2068,397.58,7,2013-03-17,0
2013,3,24,2013.226,398.19,7,2013-03-24,0
2013,3,31,2013.2452,398.3,6,2013-03-31,0
2013,4,7,2013.2644,398,7,2013-04-07,0
2013,4,14,2013.2836,398.19,2,2013-04-14,0
2013,4,21,2013.3027,399.44,6,2013-04-21,0
2013,4,28,2013.3219,399.76,6,2013-04-28,0
2013,5,5,2013.3411,399.75,6,2013-05-05,0
2013,5,12,2013.3603,399.98,5,2013-05-12,0
2013,5,19,2013.3795,400.17,7,2013-05-19,0
2013,5,26,2013.3986,400.12,7,2013-05-26,0
2013,6,2,2013.4178,399.4,7,2013-06-02,0
2013,6,9,2013.437,398.8,6,2013-06-09,0
2013,6,16,2013.4562,398.33,7,2013-06-16,0
2013,6,23,2013.4753,398.84,4,2013-06-23,0
2013,6,30,2013.4945,398.43,5,2013-06-30,0
2013,7,7,2013.5137,397.93,4,2013-07-07,0
2013,7,14,2013.5329,397.27,4,2013-07-14,0
2013,7,21,2013.5521,397.01,6,2013-07-21,0
2013,7,28,2013.5712,396.87,6,2013-07-28,0
2013,8,4,2013.5904,395.86,6,2013-08-04,0
2013,8,11,2013.6096,395.32,6,2013-08-11,0
2013,8,18,2013.6288,395.34,5,2013-08-18,0
2013,8,25,2013.6479,394.42,7,2013-08-25,0
2013,9,1,2013.6671,394.05,7,2013-09-01,0
2013,9,8,2013.6863,393.59,6,2013-09-08,0
2013,9,15,2013.7055,393.73,5,2013-09-15,0
2013,9,22,2013.7247,393.58,6,2013-09-22,0
2013,9,29,2013.7438,393.52,7,2013-09-29,0
2013,10,6,2013.763,393.55,7,2013-10-06,0
2013,10,13,2013.7822,393.88,4,2013-10-13,0
2013,10,20,2013.8014,394.19,7,2013-10-20,0
2013,10,27,2013.8205,394.44,7,2013-10-27,0
2013,11,3,2013.8397,394.67,7,2013-11-03,0
2013,11,10,2013.8589,395.73,7,2013-11-10,0
2013,11,17,2013.8781,395.07,7,2013-11-17,0
2013,11,24,2013.8973,396.2,7,2013-11-24,0
2013,12,1,2013.9164,396.46,7,2013-12-01,0
2013,12,8,2013.9356,396.33,7,2013-12-08,0
2013,12,15,2013.9548,397.61,6,2013-12-15,0
2013,12,22,2013.974,397.46,7,2013-12-22,0
2013,12,29,2013.9932,397.6,7,2013-12-29,0
2014,1,5,2014.0123,398.41,7,2014-01-05,0
2014,1,12,2014.0315,397.93,7,2014-01-12,0
2014,1,19,2014.0507,398.15,7,2014-01-19,0
2014,1,26,2014.0699,398.02,7,2014-01-26,0
2014,2,2,2014.089,398.16,7,2014-02-02,0
2014,2,9,2014.1082,398.06,7,2014-02-09,0
2014,2,16,2014.1274,398.27,6,2014-02-16,0
2014,2,23,2014.1466,398.47,7,2014-02-23,0
2014,3,2,2014.1658,398.64,5,2014-03-02,0
2014,3,9,2014.1849,400.07,6,2014-03-09,0
2014,3,16,2014.2041,401.36,3,2014-03-16,0
2014,3,23,2014.2233,400.3,5,2014-03-23,0
2014,3,30,2014.2425,400.8,7,2014-03-30,0
2014,4,6,2014.2616,401.29,7,2014-04-06,0
2014,4,13,2014.2808,401.72,5,2014-04-13,0
2014,4,20,2014.3,401.77,7,2014-04-20,0
2014,4,27,2014.3192,401.92,6,2014-04-27,0
2014,5,4,2014.3384,401.9,3,2014-05-04,0
2014,5,11,2014.3575,401.91,2,2014-05-11,0
2014,5,18,2014.3767,401.93,7,2014-05-18,0
2014,5,25,2014.3959,402,7,2014-05-25,0
2014,6,1,2014.4151,401.99,7,2014-06-01,0
2014,6,8,2014.4342,401.68,6,2014-06-08,0
2014,6,15,2014.4534,401.21,7,2014-06-15,0
2014,6,22,2014.4726,401.12,6,2014-06-22,0
2014,6,29,2014.4918,400.4,7,2014-06-29,0
2014,7,6,2014.511,400,7,2014-07-06,0
2014,7,13,2014.5301,398.98,5,2014-07-13,0
2014,7,20,2014.5493,398.97,5,2014-07-20,0
2014,7,27,2014.5685,397.58,5,2014-07-27,0
2014,8,3,2014.5877,397.94,4,2014-08-03,0
2014,8,10,2014.6068,397.38,5,2014-08-10,0
2014,8,17,2014.626,397.03,5,2014-08-17,0
2014,8,24,2014.6452,396.38,5,2014-08-24,0
2014,8,31,2014.6644,396.5,4,2014-08-31,0
2014,9,7,2014.6836,395.19,6,2014-09-07,0
2014,9,14,2014.7027,395.26,3,2014-09-14,0
2014,9,21,2014.7219,395.6,6,2014-09-21,0
2014,9,28,2014.7411,395.47,6,2014-09-28,0
2014,10,5,2014.7603,395.72,7,2014-10-05,0
2014,10,12,2014.7795,395.79,5,2014-10-12,0
2014,10,19,2014.7986,396,5,2014-10-19,0
2014,10,26,2014.8178,397.6,5,2014-10-26,0
2014,11,2,2014.837,396.9,7,2014-11-02,0
2014,11,9,2014.8562,397.33,6,2014-11-09,0
2014,11,16,2014.8753,397.43,7,2014-11-16,0
2014,11,23,2014.8945,398.02,5,2014-11-23,0
2014,11,30,2014.9137,398.34,7,2014-11-30,0
2014,12,7,2014.9329,399.28,5,2014-12-07,0
2014,12,14,2014.9521,399.28,7,2014-12-14,0
2014,12,21,2014.9712,399.11,7,2014-12-21,0
2014,12,28,2014.9904,400.03,7,2014-12-28,0
2015,1,4,2015.0096,400.05,7,2015-01-04,0
2015,1,11,2015.0288,400.36,6,2015-01-11,0
2015,1,18,2015.0479,399.7,7,2015-01-18,0
2015,1,25,2015.0671,400.39,7,2015-01-25,0
2015,2,1,2015.0863,400.44,7,2015-02-01,0
2015,2,8,2015.1055,400.14,7,2015-02-08,0
2015,2,15,2015.1247,400.11,7,2015-02-15,0
2015,2,22,2015.1438,401.53,7,2015-02-22,0
2015,3,1,2015.163,401.48,4,2015-03-01,0
2015,3,8,2015.1822,402.23,6,2015-03-08,0
2015,3,15,2015.2014,400.97,6,2015-03-15,0
2015,3,22,2015.2205,401.97,7,2015-03-22,0
2015,3,29,2015.2397,402,5,2015-03-29,0
2015,4,5,2015.2589,403.39,4,2015-04-05,0
2015,4,12,2015.2781,404.23,6,2015-04-12,0
2015,4,19,2015.2973,403.27,7,2015-04-19,0
2015,4,26,2015.3164,403.99,7,2015-04-26,0
2015,5,3,2015.3356,404.33,6,2015-05-03,0
2015,5,10,2015.3548,404.16,7,2015-05-10,0
2015,5,17,2015.374,404.16,7,2015-05-17,0
2015,5,24,2015.3932,403.99,7,2015-05-24,0
2015,5,31,2015.4123,403.37,6,2015-05-31,0
2015,6,7,2015.4315,403.41,7,2015-06-07,0
2015,6,14,2015.4507,402.56,7,2015-06-14,0
2015,6,21,2015.4699,402.88,7,2015-06-21,0
2015,6,28,2015.489,402.33,7,2015-06-28,0
2015,7,5,2015.5082,401.9,6,2015-07-05,0
2015,7,12,2015.5274,401.57,5,2015-07-12,0
2015,7,19,2015.5466,401.43,3,2015-07-19,0
2015,7,26,2015.5658,400.38,7,2015-07-26,0
2015,8,2,2015.5849,398.54,6,2015-08-02,0
2015,8,9,2015.6041,399.37,6,2015-08-09,0
2015,8,16,2015.6233,399.32,6,2015-08-16,0
2015,8,23,2015.6425,399.04,7,2015-08-23,0
2015,8,30,2015.6616,398.68,7,2015-08-30,0
2015,9,6,2015.6808,397.96,6,2015-09-06,0
2015,9,13,2015.7,397.43,4,2015-09-13,0
2015,9,20,2015.7192,397.52,7,2015-09-20,0
2015,9,27,2015.7384,397.41,5,2015-09-27,0
2015,10,4,2015.7575,398.56,7,2015-10-04,0
2015,10,11,2015.7767,398.37,6,2015-10-11,0
2015,10,18,2015.7959,398.71,6,2015-10-18,0
2015,10,25,2015.8151,398.68,7,2015-10-25,0
2015,11,1,2015.8342,399.26,6,2015-11-01,0
2015,11,8,2015.8534,400.22,5,2015-11-08,0
2015,11,15,2015.8726,400.55,6,2015-11-15,0
2015,11,22,2015.8918,400.58,7,2015-11-22,0
2015,11,29,2015.911,401,7,2015-11-29,0
2015,12,6,2015.9301,401.52,6,2015-12-06,0
2015,12,13,2015.9493,402.55,7,2015-12-13,0
2015,12,20,2015.9685,402.81,7,2015-12-20,0
2015,12,27,2015.9877,402.28,7,2015-12-27,0
2016,1,3,2016.0068,402.32,5,2016-01-03,0
2016,1,10,2016.026,402.65,5,2016-01-10,0
2016,1,17,2016.0451,402.78,7,2016-01-17,0
2016,1,24,2016.0642,403.33,7,2016-01-24,0
2016,1,31,2016.0833,404.75,5,2016-01-31,0
2016,2,7,2016.1025,403.98,5,2016-02-07,0
2016,2,14,2016.1216,403.85,7,2016-02-14,0
2016,2,21,2016.1407,404.59,7,2016-02-21,0
2016,2,28,2016.1598,404.24,7,2016-02-28,0
2016,3,6,2016.179,404.18,6,2016-03-06,0
2016,3,13,2016.1981,404.97,7,2016-03-13,0
2016,3,20,2016.2172,405.85,5,2016-03-20,0
2016,3,27,2016.2363,405.64,7,2016-03-27,0
2016,4,3,2016.2555,406.78,4,2016-04-03,0
2016,4,10,2016.2746,408.91,6,2016-04-10,0
2016,4,17,2016.2937,407.64,7,2016-04-17,0
2016,4,24,2016.3128,407.9,5,2016-04-24,0
2016,5,1,2016.332,407.73,7,2016-05-01,0
2016,5,8,2016.3511,408.05,7,2016-05-08,0
2016,5,15,2016.3702,407.49,7,2016-05-15,0
2016,5,22,2016.3893,408.51,6,2016-05-22,0
2016,5,29,2016.4085,407.64,5,2016-05-29,0
2016,6,5,2016.4276,407.04,7,2016-06-05,0
2016,6,12,2016.4467,407.39,6,2016-06-12,0
2016,6,19,2016.4658,406.85,6,2016-06-19,0
2016,6,26,2016.485,406.17,5,2016-06-26,0
2016,7,3,2016.5041,405.75,6,2016-07-03,0
2016,7,10,2016.5232,404.68,6,2016-07-10,0
2016,7,17,2016.5423,403.59,7,2016-07-17,0
2016,7,24,2016.5615,404.04,7,2016-07-24,0
2016,7,31,2016.5806,403.68,6,2016-07-31,0
2016,8,7,2016.5997,403.08,5,2016-08-07,0
2016,8,14,2016.6189,402.05,4,2016-08-14,0
2016,8,21,2016.638,402.11,7,2016-08-21,0
2016,8,28,2016.6571,401.16,5,2016-08-28,0
2016,9,4,2016.6762,401.18,6,2016-09-04,0
2016,9,11,2016.6954,401.47,6,2016-09-11,0
2016,9,18,2016.7145,401.08,7,2016-09-18,0
2016,9,25,2016.7336,400.94,5,2016-09-25,0
2016,10,2,2016.7527,401.13,7,2016-10-02,0
2016,10,9,2016.7719,401.78,6,2016-10-09,0
2016,10,16,2016.791,401.86,7,2016-10-16,0
2016,10,23,2016.8101,402.35,6,2016-10-23,0
2016,10,30,2016.8292,403,7,2016-10-30,0
2016,11,6,2016.8484,403,6,2016-11-06,0
2016,11,13,2016.8675,403.79,6,2016-11-13,0
2016,11,20,2016.8866,404.19,7,2016-11-20,0
2016,11,27,2016.9057,404.75,5,2016-11-27,0
2016,12,4,2016.9249,404.09,7,2016-12-04,0
2016,12,11,2016.944,405.03,6,2016-12-11,0
2016,12,18,2016.9631,404.62,7,2016-12-18,0
2016,12,25,2016.9822,404.96,7,2016-12-25,0
2017,1,1,2017.0014,406.14,7,2017-01-01,0
2017,1,8,2017.0205,406.2,7,2017-01-08,0
2017,1,15,2017.0397,406.41,7,2017-01-15,0
2017,1,22,2017.0589,406.71,4,2017-01-22,0
2017,1,29,2017.0781,406.43,6,2017-01-29,0
2017,2,5,2017.0973,406.26,7,2017-02-05,0
2017,2,12,2017.1164,406.14,7,2017-02-12,0
2017,2,19,2017.1356,407.17,5,2017-02-19,0
2017,2,26,2017.1548,407.6,7,2017-02-26,0
2017,3,5,2017.174,406.34,2,2017-03-05,0
2017,3,12,2017.1932,407.77,6,2017-03-12,0
2017,3,19,2017.2123,407.02,6,2017-03-19,0
2017,3,26,2017.2315,408.6,7,2017-03-26,0
2017,4,2,2017.2507,407.84,6,2017-04-02,0
2017,4,9,2017.2699,409.03,6,2017-04-09,0
2017,4,16,2017.289,409.84,6,2017-04-16,0
2017,4,23,2017.3082,410.16,6,2017-04-23,0
2017,4,30,2017.3274,409.39,5,2017-04-30,0
2017,5,7,2017.3466,409.52,7,2017-05-07,0
2017,5,14,2017.3658,410.6,5,2017-05-14,0
2017,5,21,2017.3849,410.2,7,2017-05-21,0
2017,5,28,2017.4041,409.77,7,2017-05-28,0
2017,6,4,2017.4233,409.89,7,2017-06-04,0
2017,6,11,2017.4425,409.63,4,2017-06-11,0
2017,6,18,2017.4616,408.51,6,2017-06-18,0
2017,6,25,2017.4808,407.95,7,2017-06-25,0
2017,7,2,2017.5,408.28,5,2017-07-02,0
2017,7,9,2017.5192,407.26,7,2017-07-09,0
2017,7,16,2017.5384,407.01,7,2017-07-16,0
2017,7,23,2017.5575,406.93,6,2017-07-23,0
2017,7,30,2017.5767,406.66,6,2017-07-30,0
2017,8,6,2017.5959,405.73,7,2017-08-06,0
2017,8,13,2017.6151,405.39,6,2017-08-13,0
2017,8,20,2017.6342,404.74,7,2017-08-20,0
2017,8,27,2017.6534,404.39,7,2017-08-27,0
2017,9,3,2017.6726,403.89,6,2017-09-03,0
2017,9,10,2017.6918,403.87,7,2017-09-10,0
2017,9,17,2017.711,403.25,5,2017-09-17,0
2017,9,24,2017.7301,402.95,6,2017-09-24,0
2017,10,1,2017.7493,403.14,6,2017-10-01,0
2017,10,8,2017.7685,403.61,7,2017-10-08,0
2017,10,15,2017.7877,404.14,6,2017-10-15,0
2017,10,22,2017.8068,404.19,6,2017-10-22,0
2017,10,29,2017.826,404.34,6,2017-10-29,0
2017,11,5,2017.8452,404.44,7,2017-11-05,0
2017,11,12,2017.8644,405.26,7,2017-11-12,0
2017,11,19,2017.8836,406.31,5,2017-11-19,0
2017,11,26,2017.9027,406.52,5,2017-11-26,0
2017,12,3,2017.9219,406.94,7,2017-12-03,0
2017,12,10,2017.9411,406.74,7,2017-12-10,0
2017,12,17,2017.9603,406.99,7,2017-12-17,0
2017,12,24,2017.9795,407.41,7,2017-12-24,0
2017,12,31,2017.9986,407.57,7,2017-12-31,0
2018,1,7,2018.0178,408.33,6,2018-01-07,0
2018,1,14,2018.037,408.08,7,2018-01-14,0
2018,1,21,2018.0562,408.47,6,2018-01-21,0
2018,1,28,2018.0753,408.07,7,2018-01-28,0
2018,2,4,2018.0945,408.4,7,2018-02-04,0
2018,2,11,2018.1137,408.56,7,2018-02-11,0
2018,2,18,2018.1329,408.65,7,2018-02-18,0
2018,2,25,2018.1521,409.09,7,2018-02-25,0
2018,3,4,2018.1712,410.03,7,2018-03-04,0
2018,3,11,2018.1904,408.91,6,2018-03-11,0
2018,3,18,2018.2096,409.32,7,2018-03-18,0
2018,3,25,2018.2288,410.22,6,2018-03-25,0
2018,4,1,2018.2479,409.39,7,2018-04-01,0
2018,4,8,2018.2671,409.65,4,2018-04-08,0
2018,4,15,2018.2863,411.25,2,2018-04-15,0
2018,4,22,2018.3055,411.88,6,2018-04-22,0
2018,4,29,2018.3247,409.86,5,2018-04-29,0
2018,5,6,2018.3438,411.25,4,2018-05-06,0
2018,5,13,2018.363,412.07,7,2018-05-13,0
2018,5,20,2018.3822,411.65,5,2018-05-20,0
2018,5,27,2018.4014,411.61,7,2018-05-27,0
2018,6,3,2018.4205,411.14,7,2018-06-03,0
2018,6,10,2018.4397,411.36,7,2018-06-10,0
2018,6,17,2018.4589,410.56,6,2018-06-17,0
2018,6,24,2018.4781,410.76,7,2018-06-24,0
2018,7,1,2018.4973,409.6,5,2018-07-01,0
2018,7,8,2018.5164,409.35,6,2018-07-08,0
2018,7,15,2018.5356,408.74,7,2018-07-15,0
2018,7,22,2018.5548,408.48,7,2018-07-22,0
2018,7,29,2018.574,407.65,6,2018-07-29,0
2018,8,5,2018.5932,407.42,7,2018-08-05,0
2018,8,12,2018.6123,407.26,7,2018-08-12,0
2018,8,19,2018.6315,407.03,7,2018-08-19,0
2018,8,26,2018.6507,406.3,7,2018-08-26,0
2018,9,2,2018.6699,405.68,7,2018-09-02,0
2018,9,9,2018.689,405.58,7,2018-09-09,0
2018,9,16,2018.7082,405.88,7,2018-09-16,0
2018,9,23,2018.7274,405.73,6,2018-09-23,0
2018,9,30,2018.7466,405.69,7,2018-09-30,0
2018,10,7,2018.7658,405.77,7,2018-10-07,0
2018,10,14,2018.7849,406.2,6,2018-10-14,0
2018,10,21,2018.8041,406.81,7,2018-10-21,0
2018,10,28,2018.8233,406.67,6,2018-10-28,0
2018,11,4,2018.8425,407.18,5,2018-11-04,0
2018,11,11,2018.8616,408.94,5,2018-11-11,0
2018,11,18,2018.8808,408.78,6,2018-11-18,0
2018,11,25,2018.9,408.58,7,2018-11-25,0
2018,12,2,2018.9192,408.69,6,2018-12-02,0
2018,12,9,2018.9384,409.6,7,2018-12-09,0
2018,12,16,2018.9575,409.51,7,2018-12-16,0
2018,12,23,2018.9767,409.33,7,2018-12-23,0
2018,12,30,2018.9959,409.8,7,2018-12-30,0
2019,1,6,2019.0151,410.86,6,2019-01-06,0
2019,1,13,2019.0342,410.55,4,2019-01-13,0
2019,1,20,2019.0534,412.19,6,2019-01-20,0
2019,1,27,2019.0726,411.23,7,2019-01-27,0
2019,2,3,2019.0918,411.83,7,2019-02-03,0
2019,2,10,2019.111,412.63,6,2019-02-10,0
2019,2,17,2019.1301,411.19,7,2019-02-17,0
2019,2,24,2019.1493,412.62,7,2019-02-24,0
2019,3,3,2019.1685,412.37,7,2019-03-03,0
2019,3,10,2019.1877,412.37,7,2019-03-10,0
2019,3,17,2019.2068,412.02,7,2019-03-17,0
2019,3,24,2019.226,411.53,4,2019-03-24,0
2019,3,31,2019.2452,412.4,6,2019-03-31,0
2019,4,7,2019.2644,413.35,6,2019-04-07,0
2019,4,14,2019.2836,413.82,7,2019-04-14,0
2019,4,21,2019.3027,413.99,6,2019-04-21,0
2019,4,28,2019.3219,414.52,6,2019-04-28,0
2019,5,5,2019.3411,414.54,7,2019-05-05,0
2019,5,12,2019.3603,415.62,6,2019-05-12,0
2019,5,19,2019.3795,414.97,6,2019-05-19,0
2019,5,26,2019.3986,414.52,7,2019-05-26,0
2019,6,2,2019.4178,414.6,6,2019-06-02,0
2019,6,9,2019.437,414.3,6,2019-06-09,0
2019,6,16,2019.4562,414.08,7,2019-06-16,0
2019,6,23,2019.4753,413.63,6,2019-06-23,0
2019,6,30,2019.4945,413.64,7,2019-06-30,0
2019,7,7,2019.5137,412.3,7,2019-07-07,0
2019,7,14,2019.5329,412.37,3,2019-07-14,0
2019,7,21,2019.5521,411.07,5,2019-07-21,0
2019,7,28,2019.5712,410.28,7,2019-07-28,0
2019,8,4,2019.5904,410.56,7,2019-08-04,0
2019,8,11,2019.6096,410.48,7,2019-08-11,0
2019,8,18,2019.6288,409.79,6,2019-08-18,0
2019,8,25,2019.6479,409.66,6,2019-08-25,0
2019,9,1,2019.6671,409.03,7,2019-09-01,0
2019,9,8,2019.6863,408.81,7,2019-09-08,0
2019,9,15,2019.7055,408.72,6,2019-09-15,0
2019,9,22,2019.7247,408.54,7,2019-09-22,0
2019,9,29,2019.7438,408.18,7,2019-09-29,0
2019,10,6,2019.763,408.6,7,2019-10-06,0
2019,10,13,2019.7822,408.84,7,2019-10-13,0
2019,10,20,2019.8014,408.94,5,2019-10-20,0
2019,10,27,2019.8205,409.51,6,2019-10-27,0
2019,11,3,2019.8397,410.12,6,2019-11-03,0
2019,11,10,2019.8589,410.41,6,2019-11-10,0
2019,11,17,2019.8781,410.4,6,2019-11-17,0
2019,11,24,2019.8973,410.93,7,2019-11-24,0
2019,12,1,2019.9164,411.28,7,2019-12-01,0
2019,12,8,2019.9356,411.53,7,2019-12-08,0
2019,12,15,2019.9548,412.1,7,2019-12-15,0
2019,12,22,2019.974,412.42,7,2019-12-22,0
2019,12,29,2019.9932,413.19,6,2019-12-29,0
2020,1,5,2020.0123,413.58,7,2020-01-05,0
2020,1,12,2020.0314,413,6,2020-01-12,0
2020,1,19,2020.0505,413.85,7,2020-01-19,0
2020,1,26,2020.0697,414.24,7,2020-01-26,0
2020,2,2,2020.0888,414.51,7,2020-02-02,0
2020,2,9,2020.1079,414.62,6,2020-02-09,0
2020,2,16,2020.127,414.27,7,2020-02-16,0
2020,2,23,2020.1462,413.92,7,2020-02-23,0
2020,3,1,2020.1653,414.07,7,2020-03-01,0
2020,3,8,2020.1844,414.32,6,2020-03-08,0
2020,3,15,2020.2036,414.5,6,2020-03-15,0
2020,3,22,2020.2227,415.75,4,2020-03-22,0
2020,3,29,2020.2418,415.95,6,2020-03-29,0
2020,4,5,2020.2609,416.65,7,2020-04-05,0
2020,4,12,2020.2801,416.48,7,2020-04-12,0
2020,4,19,2020.2992,416.09,6,2020-04-19,0
2020,4,26,2020.3183,417.02,7,2020-04-26,0
2020,5,3,2020.3374,417.04,6,2020-05-03,0
2020,5,10,2020.3566,417,6,2020-05-10,0
2020,5,17,2020.3757,417.18,5,2020-05-17,0
2020,5,24,2020.3948,417.64,7,2020-05-24,0
2020,5,31,2020.4139,417.41,6,2020-05-31,0
2020,6,7,2020.4331,416.55,5,2020-06-07,0
2020,6,14,2020.4522,416.42,7,2020-06-14,0
2020,6,21,2020.4713,416.27,7,2020-06-21,0
2020,6,28,2020.4904,415.64,7,2020-06-28,0
2020,7,5,2020.5096,415.45,7,2020-07-05,0
2020,7,12,2020.5287,414.73,7,2020-07-12,0
2020,7,19,2020.5478,414.08,6,2020-07-19,0
2020,7,26,2020.5669,413.42,7,2020-07-26,0
2020,8,2,2020.5861,413.37,4,2020-08-02,0
2020,8,9,2020.6052,412.95,6,2020-08-09,0
2020,8,16,2020.6243,412.59,5,2020-08-16,0
2020,8,23,2020.6434,412.17,7,2020-08-23,0
2020,8,30,2020.6626,411.79,7,2020-08-30,0
2020,9,6,2020.6817,411.58,7,2020-09-06,0
2020,9,13,2020.7008,411.67,7,2020-09-13,0
2020,9,20,2020.7199,411.2,6,2020-09-20,0
2020,9,27,2020.7391,411.27,7,2020-09-27,0
2020,10,4,2020.7582,411.26,7,2020-10-04,0
2020,10,11,2020.7773,411.32,7,2020-10-11,0
2020,10,18,2020.7964,411.72,6,2020-10-18,0
2020,10,25,2020.8156,411.69,7,2020-10-25,0
2020,11,1,2020.8347,411.96,6,2020-11-01,0
2020,11,8,2020.8538,412.98,7,2020-11-08,0
2020,11,15,2020.873,412.74,6,2020-11-15,0
2020,11,22,2020.8921,414.04,6,2020-11-22,0
2020,11,29,2020.9112,413.97,7,2020-11-29,0
2020,12,6,2020.9303,413.6,7,2020-12-06,0
2020,12,13,2020.9495,414.13,7,2020-12-13,0
2020,12,20,2020.9686,414.82,6,2020-12-20,0
2020,12,27,2020.9877,415.3,7,2020-12-27,0
2021,1,3,2021.0068,415.36,7,2021-01-03,0
2021,1,10,2021.026,415.04,5,2021-01-10,0
2021,1,17,2021.0452,415.39,7,2021-01-17,0
2021,1,24,2021.0644,415.98,7,2021-01-24,0
2021,1,31,2021.0836,417.09,7,2021-01-31,0
2021,2,7,2021.1027,416.89,7,2021-02-07,0
2021,2,14,2021.1219,416.48,7,2021-02-14,0
2021,2,21,2021.1411,416.28,7,2021-02-21,0
2021,2,28,2021.1603,417.93,7,2021-02-28,0
2021,3,7,2021.1795,416.91,7,2021-03-07,0
2021,3,14,2021.1986,417.76,7,2021-03-14,0
2021,3,21,2021.2178,417.68,6,2021-03-21,0
2021,3,28,2021.237,417.98,5,2021-03-28,0
2021,4,4,2021.2562,419.24,6,2021-04-04,0
2021,4,11,2021.2753,418.95,5,2021-04-11,0
2021,4,18,2021.2945,418.16,5,2021-04-18,0
2021,4,25,2021.3137,419.97,6,2021-04-25,0
2021,5,2,2021.3329,419.49,6,2021-05-02,0
2021,5,9,2021.3521,418.45,6,2021-05-09,0
2021,5,16,2021.3712,419.05,7,2021-05-16,0
2021,5,23,2021.3904,418.89,6,2021-05-23,0
2021,5,30,2021.4096,419.51,7,2021-05-30,0
2021,6,6,2021.4288,419.47,7,2021-06-06,0
2021,6,13,2021.4479,419.03,7,2021-06-13,0
2021,6,20,2021.4671,418.44,6,2021-06-20,0
2021,6,27,2021.4863,418.04,7,2021-06-27,0
2021,7,4,2021.5055,417.43,7,2021-07-04,0
2021,7,11,2021.5247,417.48,7,2021-07-11,0
2021,7,18,2021.5438,416.71,7,2021-07-18,0
2021,7,25,2021.563,415.55,7,2021-07-25,0
2021,8,1,2021.5822,414.96,7,2021-08-01,0
2021,8,8,2021.6014,414.52,5,2021-08-08,0
2021,8,15,2021.6205,414.88,7,2021-08-15,0
2021,8,22,2021.6397,413.79,5,2021-08-22,0
2021,8,29,2021.6589,413.19,4,2021-08-29,0
2021,9,5,2021.6781,413.33,7,2021-09-05,0
2021,9,12,2021.6973,413.06,6,2021-09-12,0
2021,9,19,2021.7164,413.27,7,2021-09-19,0
2021,9,26,2021.7356,413.33,6,2021-09-26,0
2021,10,3,2021.7548,413.61,7,2021-10-03,0
2021,10,10,2021.774,413.86,7,2021-10-10,0
2021,10,17,2021.7932,414.32,7,2021-10-17,0
2021,10,24,2021.8123,413.87,6,2021-10-24,0
2021,10,31,2021.8315,414.14,6,2021-10-31,0
2021,11,7,2021.8507,414.93,7,2021-11-07,0
2021,11,14,2021.8699,414.84,7,2021-11-14,0
2021,11,21,2021.889,415.33,7,2021-11-21,0
2021,11,28,2021.9082,416.12,7,2021-11-28,0
2021,12,5,2021.9274,415.83,5,2021-12-05,0
2021,12,12,2021.9466,416.41,7,2021-12-12,0
2021,12,19,2021.9658,417.45,6,2021-12-19,0
2021,12,26,2021.9849,417.42,7,2021-12-26,0
2022,1,2,2022.0041,417.37,7,2022-01-02,0
2022,1,9,2022.0233,418.28,7,2022-01-09,0
2022,1,16,2022.0425,417.58,7,2022-01-16,0
2022,1,23,2022.0616,419.09,6,2022-01-23,0
2022,1,30,2022.0808,419.15,7,2022-01-30,0
2022,2,6,2022.1,418.34,6,2022-02-06,0
2022,2,13,2022.1192,419.74,7,2022-02-13,0
2022,2,20,2022.1384,419.57,7,2022-02-20,0
2022,2,27,2022.1575,419.16,7,2022-02-27,0
2022,3,6,2022.1767,418.47,7,2022-03-06,0
2022,3,13,2022.1959,418.3,6,2022-03-13,0
2022,3,20,2022.2151,418.13,7,2022-03-20,0
2022,3,27,2022.2342,420.32,7,2022-03-27,0
2022,4,3,2022.2534,420.15,6,2022-04-03,0
2022,4,10,2022.2726,420.11,6,2022-04-10,0
2022,4,17,2022.2918,420.33,7,2022-04-17,0
2022,4,24,2022.311,420.14,7,2022-04-24,0
2022,5,1,2022.3301,420.13,7,2022-05-01,0
2022,5,8,2022.3493,421.07,7,2022-05-08,0
2022,5,15,2022.3685,420.92,7,2022-05-15,0
2022,5,22,2022.3877,421.44,7,2022-05-22,0
2022,5,29,2022.4068,421.58,7,2022-05-29,0
2022,6,5,2022.426,421.26,6,2022-06-05,0
2022,6,12,2022.4452,420.98,6,2022-06-12,0
2022,6,19,2022.4644,420.82,7,2022-06-19,0
2022,6,26,2022.4836,420.26,7,2022-06-26,0
2022,7,3,2022.5027,419.69,6,2022-07-03,0
2022,7,10,2022.5219,419.03,6,2022-07-10,0
2022,7,17,2022.5411,418.38,6,2022-07-17,0
2022,7,24,2022.5603,417.8,6,2022-07-24,0
2022,7,31,2022.5795,418.15,7,2022-07-31,0
2022,8,7,2022.5986,417.29,6,2022-08-07,0
2022,8,14,2022.6178,417.22,6,2022-08-14,0
2022,8,21,2022.637,416.52,6,2022-08-21,0
2022,8,28,2022.6562,416.5,5,2022-08-28,0
2022,9,4,2022.6753,416.29,7,2022-09-04,0
2022,9,11,2022.6945,416,6,2022-09-11,0
2022,9,18,2022.7137,415.52,7,2022-09-18,0
2022,9,25,2022.7329,415.53,7,2022-09-25,0
2022,10,2,2022.7521,415.22,7,2022-10-02,0
2022,10,9,2022.7712,415.46,7,2022-10-09,0
2022,10,16,2022.7904,415.84,7,2022-10-16,0
2022,10,23,2022.8096,416.26,7,2022-10-23,0
2022,10,30,2022.8288,416.39,5,2022-10-30,0
2022,11,6,2022.8479,417.14,5,2022-11-06,0
2022,11,13,2022.8671,417.25,7,2022-11-13,0
2022,11,20,2022.8863,418.48,7,2022-11-20,0
2022,11,27,2022.9055,417.69,2,2022-11-27,0
2022,12,4,2022.9247,419.01,3,2022-12-04,0
2022,12,11,2022.9438,418.79,7,2022-12-11,0
2022,12,18,2022.963,419.19,7,2022-12-18,0
2022,12,25,2022.9822,419.43,7,2022-12-25,0
2023,1,1,2023.0014,419.3,7,2023-01-01,0
2023,1,8,2023.0205,419.64,7,2023-01-08,0
2023,1,15,2023.0397,419.18,7,2023-01-15,0
2023,1,22,2023.0589,419.73,7,2023-01-22,0
2023,1,29,2023.0781,419.81,7,2023-01-29,0
2023,2,5,2023.0973,420.2,7,2023-02-05,0
2023,2,12,2023.1164,420.81,7,2023-02-12,0
2023,2,19,2023.1356,419.56,4,2023-02-19,0
2023,2,26,2023.1548,421.56,4,2023-02-26,0
2023,3,5,2023.174,421.21,7,2023-03-05,0
2023,3,12,2023.1932,420.2,7,2023-03-12,0
2023,3,19,2023.2123,420.78,7,2023-03-19,0
2023,3,26,2023.2315,421.68,7,2023-03-26,0
2023,4,2,2023.2507,422.76,6,2023-04-02,0
2023,4,9,2023.2699,422.95,6,2023-04-09,0
2023,4,16,2023.289,423.68,7,2023-04-16,0
2023,4,23,2023.3082,424.07,7,2023-04-23,0
2023,4,30,2023.3274,423.98,7,2023-04-30,0
2023,5,7,2023.3466,424.29,7,2023-05-07,0
2023,5,14,2023.3658,423.39,7,2023-05-14,0
2023,5,21,2023.3849,423.91,7,2023-05-21,0
2023,5,28,2023.4041,424.65,7,2023-05-28,0
2023,6,4,2023.4233,424.38,7,2023-06-04,0
2023,6,11,2023.4425,424.13,6,2023-06-11,0
2023,6,18,2023.4616,423.49,7,2023-06-18,0
2023,6,25,2023.4808,422.2,7,2023-06-25,0
2023,7,2,2023.5,422.62,4,2023-07-02,0
2023,7,9,2023.5192,422.35,5,2023-07-09,0
2023,7,16,2023.5384,421.34,5,2023-07-16,0
2023,7,23,2023.5575,421.28,4,2023-07-23,0
2023,7,30,2023.5767,420.83,6,2023-07-30,0
2023,8,6,2023.5959,420.02,6,2023-08-06,0
2023,8,13,2023.6151,418.98,4,2023-08-13,0
2023,8,20,2023.6342,419.31,2,2023-08-20,0
2023,8,27,2023.6534,419.27,5,2023-08-27,0
2023,9,3,2023.6726,418.64,4,2023-09-03,0
2023,9,10,2023.6918,418.52,2,2023-09-10,0
2023,9,17,2023.711,418.33,5,2023-09-17,0
2023,9,24,2023.7301,418.29,7,2023-09-24,0
2023,10,1,2023.7493,418.31,6,2023-10-01,0
2023,10,8,2023.7685,418.53,5,2023-10-08,0
2023,10,15,2023.7877,419.46,7,2023-10-15,0
2023,10,22,2023.8068,418.91,6,2023-10-22,0
2023,10,29,2023.826,419.05,7,2023-10-29,0
2023,11,5,2023.8452,419.28,5,2023-11-05,0
2023,11,12,2023.8644,421.22,6,2023-11-12,0
2023,11,19,2023.8836,421.21,5,2023-11-19,0
2023,11,26,2023.9027,420.31,2,2023-11-26,0
2023,12,3,2023.9219,421.02,2,2023-12-03,0
2023,12,10,2023.9411,422.2,7,2023-12-10,0
2023,12,17,2023.9603,422.24,5,2023-12-17,0
2023,12,24,2023.9795,421.86,5,2023-12-24,0
2023,12,31,2023.9986,422.52,4,2023-12-31,0
2024,1,7,2024.0178,423.49,5,2024-01-07,0
2024,1,14,2024.0369,422.84,7,2024-01-14,0
2024,1,21,2024.056,422.86,7,2024-01-21,0
2024,1,28,2024.0751,422.28,6,2024-01-28,0
2024,2,4,2024.0943,425.83,5,2024-02-04,0
2024,2,11,2024.1134,423.54,7,2024-02-11,0
2024,2,18,2024.1325,425.21,3,2024-02-18,0
2024,2,25,2024.1516,425.13,7,2024-02-25,0
2024,3,3,2024.1708,425.45,4,2024-03-03,0
2024,3,10,2024.1899,425.74,6,2024-03-10,0
2024,3,17,2024.209,425.37,6,2024-03-17,0
2024,3,24,2024.2281,425.04,4,2024-03-24,0
2024,3,31,2024.2473,426.35,2,2024-03-31,0
2024,4,7,2024.2664,425.86,6,2024-04-07,0
2024,4,14,2024.2855,426.34,6,2024-04-14,0
2024,4,21,2024.3046,427.94,5,2024-04-21,0
2024,4,28,2024.3238,426.8,6,2024-04-28,0
2024,5,5,2024.3429,426.92,7,2024-05-05,0
2024,5,12,2024.362,427.03,7,2024-05-12,0
2024,5,19,2024.3811,426.64,6,2024-05-19,0
2024,5,26,2024.4003,426.88,7,2024-05-26,0
2024,6,2,2024.4194,427.06,3,2024-06-02,0
2024,6,9,2024.4385,427.33,6,2024-06-09,0
2024,6,16,2024.4577,426.73,4,2024-06-16,0
2024,6,23,2024.4768,426.47,5,2024-06-23,0
2024,6,30,2024.4959,425.61,6,2024-06-30,0
2024,7,7,2024.515,426.25,7,2024-07-07,0
2024,7,14,2024.5342,425.95,5,2024-07-14,0
2024,7,21,2024.5533,424.8,5,2024-07-21,0
2024,7,28,2024.5724,424.88,4,2024-07-28,0
2024,8,4,2024.5915,424.18,6,2024-08-04,0
2024,8,11,2024.6107,422.42,3,2024-08-11,0
2024,8,18,2024.6298,422.83,6,2024-08-18,0
2024,8,25,2024.6489,421.36,5,2024-08-25,0
2024,9,1,2024.668,422.33,5,2024-09-01,0
2024,9,8,2024.6872,422.06,3,2024-09-08,0
2024,9,15,2024.7063,421.98,7,2024-09-15,0
2024,9,22,2024.7254,421.71,2,2024-09-22,0
2024,9,29,2024.7445,421.95,4,2024-09-29,0
2024,10,6,2024.7637,422.16,4,2024-10-06,0
2024,10,13,2024.7828,422.62,5,2024-10-13,0
2024,10,20,2024.8019,422.17,5,2024-10-20,0
2024,10,27,2024.821,423.15,7,2024-10-27,0
2024,11,3,2024.8402,423.34,5,2024-11-03,0
2024,11,10,2024.8593,423.6,6,2024-11-10,0
2024,11,17,2024.8784,423.96,5,2024-11-17,0
2024,11,24,2024.8975,424.59,6,2024-11-24,0
2024,12,1,2024.9167,424.95,6,2024-12-01,0
2024,12,8,2024.9358,425.67,7,2024-12-08,0
2024,12,15,2024.9549,424.96,5,2024-12-15,0
2024,12,22,2024.974,425.59,7,2024-12-22,0
2024,12,29,2024.9932,426.08,7,2024-12-29,0
2025,1,5,2025.0123,426.31,7,2025-01-05,0
2025,1,12,2025.0315,426.78,6,2025-01-12,0
2025,1,19,2025.0507,426.86,7,2025-01-19,0
2025,1,26,2025.0699,426.92,6,2025-01-26,0
2025,2,2,2025.089,427.05,7,2025-02-02,0
2025,2,9,2025.1082,426.86,5,2025-02-09,0
2025,2,16,2025.1274,427.67,5,2025-02-16,0
2025,2,23,2025.1466,427.02,7,2025-02-23,0
2025,3,2,2025.1658,428.15,7,2025-03-02,0
2025,3,9,2025.1849,428.74,5,2025-03-09,0
2025,3,16,2025.2041,428.33,5,2025-03-16,0
2025,3,23,2025.2233,428.01,7,2025-03-23,0
2025,3,30,2025.2425,427.65,5,2025-03-30,0
2025,4,6,2025.2616,429.24,6,2025-04-06,0
2025,4,13,2025.2808,430.03,6,2025-04-13,0
2025,4,20,2025.3,430.01,4,2025-04-20,0
2025,4,27,2025.3192,430.59,7,2025-04-27,0
2025,5,4,2025.3384,430.86,6,2025-05-04,0
2025,5,11,2025.3575,430.58,3,2025-05-11,0
2025,5,18,2025.3767,430.35,6,2025-05-18,0
2025,5,25,2025.3959,430.18,5,2025-05-25,0
2025,6,1,2025.4151,429.96,7,2025-06-01,0
2025,6,8,2025.4342,429.93,7,2025-06-08,0
2025,6,15,2025.4534,429.39,6,2025-06-15,0
2025,6,22,2025.4726,429.48,6,2025-06-22,0
2025,6,29,2025.4918,428.7,6,2025-06-29,0
2025,7,6,2025.511,428.41,6,2025-07-06,0
2025,7,13,2025.5301,427.9,4,2025-07-13,0
2025,7,20,2025.5493,427.52,5,2025-07-20,0
2025,7,27,2025.5685,426.57,6,2025-07-27,0
2025,8,3,2025.5877,425.87,7,2025-08-03,0
2025,8,10,2025.6068,425.44,5,2025-08-10,0
2025,8,17,2025.626,425.65,7,2025-08-17,0
2025,8,24,2025.6452,425.02,3,2025-08-24,0
2025,8,31,2025.6644,425.23,5,2025-08-31,0
2025,9,7,2025.6836,424.25,4,2025-09-07,0
2025,9,14,2025.7027,423.98,5,2025-09-14,0
2025,9,21,2025.7219,424.16,5,2025-09-21,0
2025,9,28,2025.7411,424.28,0,2025-09-28,1
2025,10,5,2025.7603,424.39,2,2025-10-05,0
2025,10,12,2025.7795,424.81,6,2025-10-12,0
2025,10,19,2025.7986,425.2,7,2025-10-19,0
2025,10,26,2025.8178,425.25,5,2025-10-26,0
2025,11,2,2025.837,424.78,2,2025-11-02,0
2025,11,9,2025.8562,426.8,7,2025-11-09,0
2025,11,16,2025.8753,426.55,5,2025-11-16,0
2025,11,23,2025.8945,426.84,5,2025-11-23,0
2025,11,30,2025.9137,427.21,3,2025-11-30,0
2025,12,7,2025.9329,427.25,7,2025-12-07,0
2025,12,14,2025.9521,427.22,6,2025-12-14,0
2025,12,21,2025.9712,427.87,6,2025-12-21,0
2025,12,28,2025.9904,428.26,6,2025-12-28,0
2026,1,4,2026.0096,428.7,4,2026-01-04,0
2026,1,11,2026.0288,429.15,6,2026-01-11,0
2026,1,18,2026.0479,428.62,5,2026-01-18,0
2026,1,25,2026.0671,428.39,7,2026-01-25,0
2026,2,1,2026.0863,428.1,5,2026-02-01,0
2026,2,8,2026.1055,429.06,2,2026-02-08,0
2026,2,15,2026.1247,429.95,5,2026-02-15,0
2026,2,22,2026.1438,430.17,5,2026-02-22,0
2026,3,1,2026.163,429.62,5,2026-03-01,0
2026,3,8,2026.1822,429.91,6,2026-03-08,0
2026,3,15,2026.2014,429.46,7,2026-03-15,0
2026,3,22,2026.2205,430.93,5,2026-03-22,0
2026,3,29,2026.2397,431.73,7,2026-03-29,0
2026,4,5,2026.2589,431.88,3,2026-04-05,0
2026,4,12,2026.2781,429.8,6,2026-04-12,0
2026,4,19,2026.2973,431.15,6,2026-04-19,0
2026,4,26,2026.3164,432.44,5,2026-04-26,0
2026,5,3,2026.3356,432.36,0,2026-05-03,1
2026,5,10,2026.3548,432.28,6,2026-05-10,0
2026,5,17,2026.374,432.18,6,2026-05-17,0
2026,5,24,2026.3932,432.38,5,2026-05-24,0
2026,5,31,2026.4123,432.02,6,2026-05-31,0
2026,6,7,2026.4315,432.14,4,2026-06-07,0
2026,6,14,2026.4507,431.18,2,2026-06-14,0
2026,6,21,2026.4699,430.84,6,2026-06-21,0
2026,6,28,2026.489,430.19,6,2026-06-28,0
2026,7,5,2026.5082,429.06,5,2026-07-05,0
2026,7,12,2026.5274,428.48,2,2026-07-12,0
2026,7,19,2026.5466,428.72,5,2026-07-19,0
2026,7,26,2026.5658,429,5,2026-07-26,0
2026,8,2,2026.5849,428.18,3,2026-08-02,0
2026,8,9,2026.6041,427.59,3,2026-08-09,0
2026,8,16,2026.6233,426.98,4,2026-08-16,0
2026,8,23,2026.6425,426.94,5,2026-08-23,0
2026,8,30,2026.6616,427.15,4,2026-08-30,0
