year,month,day,extent,missing,date
1978,10,26,10.231,0,1978-10-26
1978,10,28,10.42,0,1978-10-28
1978,10,30,10.557,0,1978-10-30
1978,11,1,10.67,0,1978-11-01
1978,11,3,10.777,0,1978-11-03
1978,11,5,10.968,0,1978-11-05
1978,11,7,11.08,0,1978-11-07
1978,11,9,11.189,0,1978-11-09
1978,11,11,11.314,0,1978-11-11
1978,11,13,11.46,0,1978-11-13
1978,11,15,11.539,0,1978-11-15
1978,11,17,11.696,0,1978-11-17
1978,11,19,11.87,0,1978-11-19
1978,11,21,12.053,0,1978-11-21
1978,11,23,12.274,0,1978-11-23
1978,11,25,12.441,0,1978-11-25
1978,11,27,12.662,0,1978-11-27
1978,11,29,12.684,0,1978-11-29
1978,12,1,12.725,0,1978-12-01
1978,12,3,12.66,0,1978-12-03
1978,12,5,12.785,0,1978-12-05
1978,12,7,13.051,0,1978-12-07
1978,12,9,13.143,0,1978-12-09
1978,12,11,13.437,0,1978-12-11
1978,12,13,13.603,0,1978-12-13
1978,12,15,13.649,0,1978-12-15
1978,12,17,13.807,0,1978-12-17
1978,12,19,13.892,0,1978-12-19
1978,12,21,13.996,0,1978-12-21
1978,12,23,14.189,0,1978-12-23
1978,12,25,14.268,0,1978-12-25
1978,12,27,14.383,0,1978-12-27
1978,12,29,14.5,0,1978-12-29
1978,12,31,14.585,0,1978-12-31
1979,1,2,14.997,0,1979-01-02
1979,1,4,14.922,0,1979-01-04
1979,1,6,14.929,0,1979-01-06
1979,1,8,14.968,0,1979-01-08
1979,1,10,15.19,0,1979-01-10
1979,1,12,15.327,0,1979-01-12
1979,1,14,15.352,0,1979-01-14
1979,1,16,15.5,0,1979-01-16
1979,1,18,15.517,0,1979-01-18
1979,1,20,15.709,0,1979-01-20
1979,1,22,15.679,0,1979-01-22
1979,1,24,15.745,0,1979-01-24
1979,1,26,15.686,0,1979-01-26
1979,1,28,15.777,0,1979-01-28
1979,1,30,15.912,0,1979-01-30
1979,2,1,15.857,0,1979-02-01
1979,2,3,15.839,0,1979-02-03
1979,2,5,15.831,0,1979-02-05
1979,2,7,15.801,0,1979-02-07
1979,2,9,15.99,0,1979-02-09
1979,2,11,16.099,0,1979-02-11
1979,2,13,16.289,0,1979-02-13
1979,2,15,16.323,0,1979-02-15
1979,2,17,16.343,0,1979-02-17
1979,2,19,16.291,0,1979-02-19
1979,2,21,16.26,0,1979-02-21
1979,2,23,16.401,0,1979-02-23
1979,2,25,16.579,0,1979-02-25
1979,2,27,16.551,0,1979-02-27
1979,3,1,16.635,0,1979-03-01
1979,3,3,16.457,0,1979-03-03
1979,3,5,16.568,0,1979-03-05
1979,3,7,16.547,0,1979-03-07
1979,3,9,16.536,0,1979-03-09
1979,3,11,16.513,0,1979-03-11
1979,3,13,16.414,0,1979-03-13
1979,3,15,16.31,0,1979-03-15
1979,3,17,16.467,0,1979-03-17
1979,3,19,16.505,0,1979-03-19
1979,3,21,16.349,0,1979-03-21
1979,3,23,16.279,0,1979-03-23
1979,3,25,16.264,0,1979-03-25
1979,3,27,16.06,0,1979-03-27
1979,3,29,15.763,0,1979-03-29
1979,3,31,15.804,0,1979-03-31
1979,4,2,15.66,0,1979-04-02
1979,4,4,15.641,0,1979-04-04
1979,4,6,15.695,0,1979-04-06
1979,4,8,15.794,0,1979-04-08
1979,4,10,15.761,0,1979-04-10
1979,4,12,15.655,0,1979-04-12
1979,4,14,15.5,0,1979-04-14
1979,4,16,15.454,0,1979-04-16
1979,4,18,15.51,0,1979-04-18
1979,4,20,15.343,0,1979-04-20
1979,4,22,15.255,0,1979-04-22
1979,4,24,15.224,0,1979-04-24
1979,4,26,15.141,0,1979-04-26
1979,4,28,15.108,0,1979-04-28
1979,4,30,14.961,0,1979-04-30
1979,5,2,14.626,0,1979-05-02
1979,5,4,14.498,0,1979-05-04
1979,5,6,14.45,0,1979-05-06
1979,5,8,14.325,0,1979-05-08
1979,5,10,14.149,0,1979-05-10
1979,5,12,14.012,0,1979-05-12
1979,5,14,13.836,0,1979-05-14
1979,5,16,13.862,0,1979-05-16
1979,5,18,13.691,0,1979-05-18
1979,5,20,13.56,0,1979-05-20
1979,5,22,13.529,0,1979-05-22
1979,5,24,13.364,0,1979-05-24
1979,5,26,13.399,0,1979-05-26
1979,5,28,13.292,0,1979-05-28
1979,5,30,13.26,0,1979-05-30
1979,6,1,13.076,0,1979-06-01
1979,6,3,12.977,0,1979-06-03
1979,6,5,12.832,0,1979-06-05
1979,6,7,12.791,0,1979-06-07
1979,6,9,12.854,0,1979-06-09
1979,6,11,12.733,0,1979-06-11
1979,6,13,12.673,0,1979-06-13
1979,6,15,12.548,0,1979-06-15
1979,6,17,12.517,0,1979-06-17
1979,6,19,12.415,0,1979-06-19
1979,6,21,12.373,0,1979-06-21
1979,6,23,12.243,0,1979-06-23
1979,6,25,12.112,0,1979-06-25
1979,6,27,11.977,0,1979-06-27
1979,6,29,11.829,0,1979-06-29
1979,7,1,11.562,0,1979-07-01
1979,7,3,11.363,0,1979-07-03
1979,7,5,11.255,0,1979-07-05
1979,7,7,10.936,0,1979-07-07
1979,7,9,10.793,0,1979-07-09
1979,7,11,10.662,0,1979-07-11
1979,7,13,10.503,0,1979-07-13
1979,7,15,10.401,0,1979-07-15
1979,7,17,10.256,0,1979-07-17
1979,7,19,9.927,0,1979-07-19
1979,7,21,9.919,0,1979-07-21
1979,7,23,9.668,0,1979-07-23
1979,7,25,9.614,0,1979-07-25
1979,7,27,9.556,0,1979-07-27
1979,7,29,9.342,0,1979-07-29
1979,7,31,9.223,0,1979-07-31
1979,8,2,9,0,1979-08-02
1979,8,4,8.859,0,1979-08-04
1979,8,6,8.744,0,1979-08-06
1979,8,8,8.61,0,1979-08-08
1979,8,10,8.328,0,1979-08-10
1979,8,12,8.284,0,1979-08-12
1979,8,14,8.138,0,1979-08-14
1979,8,16,7.971,0,1979-08-16
1979,8,18,7.811,0,1979-08-18
1979,8,20,7.659,0,1979-08-20
1979,8,22,7.566,0,1979-08-22
1979,8,24,7.577,0,1979-08-24
1979,8,26,7.421,0,1979-08-26
1979,8,28,7.364,0,1979-08-28
1979,8,30,7.284,0,1979-08-30
1979,9,1,7.228,0,1979-09-01
1979,9,3,7.147,0,1979-09-03
1979,9,5,7.037,0,1979-09-05
1979,9,7,7.075,0,1979-09-07
1979,9,9,7.092,0,1979-09-09
1979,9,11,6.981,0,1979-09-11
1979,9,13,7.003,0,1979-09-13
1979,9,15,7.007,0,1979-09-15
1979,9,17,7.001,0,1979-09-17
1979,9,19,6.91,0,1979-09-19
1979,9,21,6.895,0,1979-09-21
1979,9,23,7.033,0,1979-09-23
1979,9,25,7.058,0,1979-09-25
1979,9,27,7.127,0,1979-09-27
1979,9,29,7.173,0,1979-09-29
1979,10,1,7.404,0,1979-10-01
1979,10,3,7.534,0,1979-10-03
1979,10,5,7.813,0,1979-10-05
1979,10,7,7.878,0,1979-10-07
1979,10,9,8.115,0,1979-10-09
1979,10,11,8.136,0,1979-10-11
1979,10,13,8.338,0,1979-10-13
1979,10,15,8.57,0,1979-10-15
1979,10,17,8.938,0,1979-10-17
1979,10,19,9.19,0,1979-10-19
1979,10,21,9.295,0,1979-10-21
1979,10,23,9.466,0,1979-10-23
1979,10,25,9.7,0,1979-10-25
1979,10,27,9.869,0,1979-10-27
1979,10,29,9.797,0,1979-10-29
1979,10,31,9.924,0,1979-10-31
1979,11,2,10.144,0,1979-11-02
1979,11,4,10.159,0,1979-11-04
1979,11,6,10.267,0,1979-11-06
1979,11,8,10.27,0,1979-11-08
1979,11,10,10.497,0,1979-11-10
1979,11,12,10.61,0,1979-11-12
1979,11,14,10.8,0,1979-11-14
1979,11,16,10.92,0,1979-11-16
1979,11,18,11.01,0,1979-11-18
1979,11,20,11.157,0,1979-11-20
1979,11,22,11.352,0,1979-11-22
1979,11,24,11.419,0,1979-11-24
1979,11,26,11.581,0,1979-11-26
1979,11,28,11.884,0,1979-11-28
1979,11,30,12.076,0,1979-11-30
1979,12,2,12.39,0,1979-12-02
1979,12,4,12.462,0,1979-12-04
1979,12,6,12.781,0,1979-12-06
1979,12,8,12.991,0,1979-12-08
1979,12,10,13.101,0,1979-12-10
1979,12,12,13.292,0,1979-12-12
1979,12,14,13.268,0,1979-12-14
1979,12,16,13.322,0,1979-12-16
1979,12,18,13.377,0,1979-12-18
1979,12,20,13.541,0,1979-12-20
1979,12,22,13.619,0,1979-12-22
1979,12,24,13.773,0,1979-12-24
1979,12,26,13.934,0,1979-12-26
1979,12,28,14.101,0,1979-12-28
1979,12,30,14.092,0,1979-12-30
1980,1,1,14.2,0,1980-01-01
1980,1,3,14.302,0,1980-01-03
1980,1,5,14.414,0,1980-01-05
1980,1,7,14.518,0,1980-01-07
1980,1,9,14.594,0,1980-01-09
1980,1,11,14.665,0,1980-01-11
1980,1,13,14.771,0,1980-01-13
1980,1,15,14.831,0,1980-01-15
1980,1,17,14.957,0,1980-01-17
1980,1,19,15.12,0,1980-01-19
1980,1,21,15.141,0,1980-01-21
1980,1,23,15.195,0,1980-01-23
1980,1,25,15.209,0,1980-01-25
1980,1,27,15.124,0,1980-01-27
1980,1,29,15.258,0,1980-01-29
1980,1,31,15.491,0,1980-01-31
1980,2,2,15.401,0,1980-02-02
1980,2,4,15.639,0,1980-02-04
1980,2,6,15.76,0,1980-02-06
1980,2,8,15.888,0,1980-02-08
1980,2,10,15.895,0,1980-02-10
1980,2,12,15.97,0,1980-02-12
1980,2,14,16.017,0,1980-02-14
1980,2,16,16.095,0,1980-02-16
1980,2,18,16.095,0,1980-02-18
1980,2,20,16.17,0,1980-02-20
1980,2,22,16.066,0,1980-02-22
1980,2,24,16.087,0,1980-02-24
1980,2,26,16.069,0,1980-02-26
1980,2,28,16.22,0,1980-02-28
1980,3,1,16.157,0,1980-03-01
1980,3,3,16.248,0,1980-03-03
1980,3,5,16.302,0,1980-03-05
1980,3,7,16.289,0,1980-03-07
1980,3,9,16.168,0,1980-03-09
1980,3,11,16.04,0,1980-03-11
1980,3,13,15.966,0,1980-03-13
1980,3,15,15.994,0,1980-03-15
1980,3,17,15.988,0,1980-03-17
1980,3,19,16.005,0,1980-03-19
1980,3,21,15.946,0,1980-03-21
1980,3,23,15.945,0,1980-03-23
1980,3,25,15.923,0,1980-03-25
1980,3,27,15.986,0,1980-03-27
1980,3,29,15.891,0,1980-03-29
1980,3,31,15.813,0,1980-03-31
1980,4,2,15.681,0,1980-04-02
1980,4,4,15.664,0,1980-04-04
1980,4,6,15.707,0,1980-04-06
1980,4,8,15.653,0,1980-04-08
1980,4,10,15.644,0,1980-04-10
1980,4,12,15.652,0,1980-04-12
1980,4,14,15.523,0,1980-04-14
1980,4,16,15.509,0,1980-04-16
1980,4,18,15.39,0,1980-04-18
1980,4,20,15.376,0,1980-04-20
1980,4,22,15.406,0,1980-04-22
1980,4,24,15.259,0,1980-04-24
1980,4,26,15.117,0,1980-04-26
1980,4,28,14.996,0,1980-04-28
1980,4,30,14.859,0,1980-04-30
1980,5,2,14.718,0,1980-05-02
1980,5,4,14.549,0,1980-05-04
1980,5,6,14.412,0,1980-05-06
1980,5,8,14.32,0,1980-05-08
1980,5,10,14.186,0,1980-05-10
1980,5,12,14.011,0,1980-05-12
1980,5,14,13.843,0,1980-05-14
1980,5,16,13.757,0,1980-05-16
1980,5,18,13.672,0,1980-05-18
1980,5,20,13.531,0,1980-05-20
1980,5,22,13.405,0,1980-05-22
1980,5,24,13.34,0,1980-05-24
1980,5,26,13.206,0,1980-05-26
1980,5,28,13.023,0,1980-05-28
1980,5,30,12.916,0,1980-05-30
1980,6,1,12.766,0,1980-06-01
1980,6,3,12.706,0,1980-06-03
1980,6,5,12.614,0,1980-06-05
1980,6,7,12.61,0,1980-06-07
1980,6,9,12.586,0,1980-06-09
1980,6,11,12.468,0,1980-06-11
1980,6,13,12.278,0,1980-06-13
1980,6,15,12.269,0,1980-06-15
1980,6,17,12.13,0,1980-06-17
1980,6,19,12.043,0,1980-06-19
1980,6,21,12.007,0,1980-06-21
1980,6,23,11.842,0,1980-06-23
1980,6,25,11.699,0,1980-06-25
1980,6,27,11.585,0,1980-06-27
1980,6,29,11.466,0,1980-06-29
1980,7,1,11.283,0,1980-07-01
1980,7,3,11.075,0,1980-07-03
1980,7,5,10.983,0,1980-07-05
1980,7,7,10.852,0,1980-07-07
1980,7,9,10.7,0,1980-07-09
1980,7,11,10.575,0,1980-07-11
1980,7,13,10.307,0,1980-07-13
1980,7,15,10.203,0,1980-07-15
1980,7,17,9.946,0,1980-07-17
1980,7,19,9.847,0,1980-07-19
1980,7,21,9.779,0,1980-07-21
1980,7,23,9.594,0,1980-07-23
1980,7,25,9.358,0,1980-07-25
1980,7,27,9.166,0,1980-07-27
1980,7,29,9.065,0,1980-07-29
1980,7,31,8.868,0,1980-07-31
1980,8,2,8.76,0,1980-08-02
1980,8,4,8.611,0,1980-08-04
1980,8,6,8.548,0,1980-08-06
1980,8,8,8.348,0,1980-08-08
1980,8,10,8.202,0,1980-08-10
1980,8,12,8.041,0,1980-08-12
1980,8,14,7.82,0,1980-08-14
1980,8,16,7.765,0,1980-08-16
1980,8,18,7.761,0,1980-08-18
1980,8,20,7.717,0,1980-08-20
1980,8,22,7.758,0,1980-08-22
1980,8,24,7.578,0,1980-08-24
1980,8,26,7.667,0,1980-08-26
1980,8,28,7.588,0,1980-08-28
1980,8,30,7.6,0,1980-08-30
1980,9,1,7.544,0,1980-09-01
1980,9,3,7.555,0,1980-09-03
1980,9,5,7.533,0,1980-09-05
1980,9,7,7.574,0,1980-09-07
1980,9,9,7.56,0,1980-09-09
1980,9,11,7.557,0,1980-09-11
1980,9,13,7.543,0,1980-09-13
1980,9,15,7.602,0,1980-09-15
1980,9,17,7.58,0,1980-09-17
1980,9,19,7.651,0,1980-09-19
1980,9,21,7.686,0,1980-09-21
1980,9,23,7.782,0,1980-09-23
1980,9,25,7.854,0,1980-09-25
1980,9,27,7.966,0,1980-09-27
1980,9,29,8.019,0,1980-09-29
1980,10,1,8.223,0,1980-10-01
1980,10,3,8.213,0,1980-10-03
1980,10,5,8.485,0,1980-10-05
1980,10,7,8.532,0,1980-10-07
1980,10,9,8.809,0,1980-10-09
1980,10,11,8.975,0,1980-10-11
1980,10,13,9.161,0,1980-10-13
1980,10,15,9.218,0,1980-10-15
1980,10,17,9.272,0,1980-10-17
1980,10,19,9.389,0,1980-10-19
1980,10,21,9.468,0,1980-10-21
1980,10,23,9.586,0,1980-10-23
1980,10,25,9.643,0,1980-10-25
1980,10,27,9.841,0,1980-10-27
1980,10,29,9.911,0,1980-10-29
1980,10,31,10.198,0,1980-10-31
1980,11,2,10.42,0,1980-11-02
1980,11,4,10.523,0,1980-11-04
1980,11,6,10.652,0,1980-11-06
1980,11,8,10.789,0,1980-11-08
1980,11,10,10.88,0,1980-11-10
1980,11,12,10.976,0,1980-11-12
1980,11,14,11.087,0,1980-11-14
1980,11,16,11.217,0,1980-11-16
1980,11,18,11.337,0,1980-11-18
1980,11,20,11.628,0,1980-11-20
1980,11,22,11.78,0,1980-11-22
1980,11,24,12.096,0,1980-11-24
1980,11,26,12.256,0,1980-11-26
1980,11,28,12.476,0,1980-11-28
1980,11,30,12.626,0,1980-11-30
1980,12,2,12.643,0,1980-12-02
1980,12,4,13.032,0,1980-12-04
1980,12,6,13.122,0,1980-12-06
1980,12,8,13.298,0,1980-12-08
1980,12,10,13.334,0,1980-12-10
1980,12,12,13.569,0,1980-12-12
1980,12,14,13.685,0,1980-12-14
1980,12,16,13.91,0,1980-12-16
1980,12,18,13.762,0,1980-12-18
1980,12,20,13.697,0,1980-12-20
1980,12,22,13.779,0,1980-12-22
1980,12,24,13.798,0,1980-12-24
1980,12,26,14,0,1980-12-26
1980,12,28,14.172,0,1980-12-28
1980,12,30,14.093,0,1980-12-30
1981,1,1,14.256,0,1981-01-01
1981,1,3,14.456,0,1981-01-03
1981,1,5,14.435,0,1981-01-05
1981,1,7,14.689,0,1981-01-07
1981,1,9,14.619,0,1981-01-09
1981,1,11,14.69,0,1981-01-11
1981,1,13,14.649,0,1981-01-13
1981,1,15,14.748,0,1981-01-15
1981,1,17,14.998,0,1981-01-17
1981,1,19,15.066,0,1981-01-19
1981,1,21,15.055,0,1981-01-21
1981,1,23,15.17,0,1981-01-23
1981,1,25,15.244,0,1981-01-25
1981,1,27,15.35,0,1981-01-27
1981,1,29,15.503,0,1981-01-29
1981,1,31,15.627,0,1981-01-31
1981,2,2,15.646,0,1981-02-02
1981,2,4,15.663,0,1981-02-04
1981,2,6,15.629,0,1981-02-06
1981,2,8,15.541,0,1981-02-08
1981,2,10,15.44,0,1981-02-10
1981,2,12,15.474,0,1981-02-12
1981,2,14,15.482,0,1981-02-14
1981,2,16,15.575,0,1981-02-16
1981,2,18,15.592,0,1981-02-18
1981,2,20,15.731,0,1981-02-20
1981,2,22,15.654,0,1981-02-22
1981,2,24,15.706,0,1981-02-24
1981,2,26,15.667,0,1981-02-26
1981,2,28,15.657,0,1981-02-28
1981,3,2,15.628,0,1981-03-02
1981,3,4,15.726,0,1981-03-04
1981,3,6,15.646,0,1981-03-06
1981,3,8,15.644,0,1981-03-08
1981,3,10,15.733,0,1981-03-10
1981,3,12,15.657,0,1981-03-12
1981,3,14,15.801,0,1981-03-14
1981,3,16,15.771,0,1981-03-16
1981,3,18,15.528,0,1981-03-18
1981,3,20,15.621,0,1981-03-20
1981,3,22,15.535,0,1981-03-22
1981,3,24,15.559,0,1981-03-24
1981,3,26,15.626,0,1981-03-26
1981,3,28,15.517,0,1981-03-28
1981,3,30,15.481,0,1981-03-30
1981,4,1,15.44,0,1981-04-01
1981,4,3,15.221,0,1981-04-03
1981,4,5,15.224,0,1981-04-05
1981,4,7,15.242,0,1981-04-07
1981,4,9,15.202,0,1981-04-09
1981,4,11,15.135,0,1981-04-11
1981,4,13,15.11,0,1981-04-13
1981,4,15,15.086,0,1981-04-15
1981,4,17,14.983,0,1981-04-17
1981,4,19,14.95,0,1981-04-19
1981,4,21,14.92,0,1981-04-21
1981,4,23,14.844,0,1981-04-23
1981,4,25,14.714,0,1981-04-25
1981,4,27,14.564,0,1981-04-27
1981,4,29,14.514,0,1981-04-29
1981,5,1,14.272,0,1981-05-01
1981,5,3,14.285,0,1981-05-03
1981,5,5,14.249,0,1981-05-05
1981,5,7,14.077,0,1981-05-07
1981,5,9,14.083,0,1981-05-09
1981,5,11,14.072,0,1981-05-11
1981,5,13,14.025,0,1981-05-13
1981,5,15,13.928,0,1981-05-15
1981,5,17,13.843,0,1981-05-17
1981,5,19,13.752,0,1981-05-19
1981,5,21,13.568,0,1981-05-21
1981,5,23,13.464,0,1981-05-23
1981,5,25,13.378,0,1981-05-25
1981,5,27,13.333,0,1981-05-27
1981,5,29,13.275,0,1981-05-29
1981,5,31,13.222,0,1981-05-31
1981,6,2,13.059,0,1981-06-02
1981,6,4,13.002,0,1981-06-04
1981,6,6,12.954,0,1981-06-06
1981,6,8,12.863,0,1981-06-08
1981,6,10,12.721,0,1981-06-10
1981,6,12,12.652,0,1981-06-12
1981,6,14,12.487,0,1981-06-14
1981,6,16,12.465,0,1981-06-16
1981,6,18,12.364,0,1981-06-18
1981,6,20,12.216,0,1981-06-20
1981,6,22,12.064,0,1981-06-22
1981,6,24,12.003,0,1981-06-24
1981,6,26,12.013,0,1981-06-26
1981,6,28,11.796,0,1981-06-28
1981,6,30,11.787,0,1981-06-30
1981,7,2,11.428,0,1981-07-02
1981,7,4,11.33,0,1981-07-04
1981,7,6,11.181,0,1981-07-06
1981,7,8,11.022,0,1981-07-08
1981,7,10,10.894,0,1981-07-10
1981,7,12,10.691,0,1981-07-12
1981,7,14,10.643,0,1981-07-14
1981,7,16,10.354,0,1981-07-16
1981,7,18,10.127,0,1981-07-18
1981,7,20,9.826,0,1981-07-20
1981,7,22,9.788,0,1981-07-22
1981,7,24,9.538,0,1981-07-24
1981,7,26,9.22,0,1981-07-26
1981,7,28,9.106,0,1981-07-28
1981,7,30,8.917,0,1981-07-30
1981,8,1,8.733,0,1981-08-01
1981,8,3,8.587,0,1981-08-03
1981,8,5,8.326,0,1981-08-05
1981,8,7,8.176,0,1981-08-07
1981,8,9,8,0,1981-08-09
1981,8,11,7.917,0,1981-08-11
1981,8,13,7.883,0,1981-08-13
1981,8,15,7.804,0,1981-08-15
1981,8,17,7.724,0,1981-08-17
1981,8,19,7.667,0,1981-08-19
1981,8,21,7.593,0,1981-08-21
1981,8,23,7.53,0,1981-08-23
1981,8,25,7.495,0,1981-08-25
1981,8,27,7.408,0,1981-08-27
1981,8,29,7.296,0,1981-08-29
1981,8,31,7.37,0,1981-08-31
1981,9,2,7.203,0,1981-09-02
1981,9,4,7.162,0,1981-09-04
1981,9,6,6.992,0,1981-09-06
1981,9,8,7.046,0,1981-09-08
1981,9,10,6.902,0,1981-09-10
1981,9,12,6.904,0,1981-09-12
1981,9,14,6.952,0,1981-09-14
1981,9,16,6.951,0,1981-09-16
1981,9,18,7.002,0,1981-09-18
1981,9,20,7.053,0,1981-09-20
1981,9,22,7.231,0,1981-09-22
1981,9,24,7.261,0,1981-09-24
1981,9,26,7.303,0,1981-09-26
1981,9,28,7.489,0,1981-09-28
1981,9,30,7.626,0,1981-09-30
1981,10,2,7.987,0,1981-10-02
1981,10,4,8.087,0,1981-10-04
1981,10,6,8.151,0,1981-10-06
1981,10,8,8.354,0,1981-10-08
1981,10,10,8.416,0,1981-10-10
1981,10,12,8.63,0,1981-10-12
1981,10,14,8.904,0,1981-10-14
1981,10,16,9.037,0,1981-10-16
1981,10,18,9.062,0,1981-10-18
1981,10,20,9.134,0,1981-10-20
1981,10,22,9.096,0,1981-10-22
1981,10,24,9.233,0,1981-10-24
1981,10,26,9.425,0,1981-10-26
1981,10,28,9.609,0,1981-10-28
1981,10,30,9.719,0,1981-10-30
1981,11,1,9.905,0,1981-11-01
1981,11,3,9.929,0,1981-11-03
1981,11,5,10.337,0,1981-11-05
1981,11,7,10.518,0,1981-11-07
1981,11,9,10.51,0,1981-11-09
1981,11,11,10.631,0,1981-11-11
1981,11,13,10.908,0,1981-11-13
1981,11,15,10.965,0,1981-11-15
1981,11,17,11.197,0,1981-11-17
1981,11,19,11.177,0,1981-11-19
1981,11,21,11.273,0,1981-11-21
1981,11,23,11.417,0,1981-11-23
1981,11,25,11.611,0,1981-11-25
1981,11,27,11.675,0,1981-11-27
1981,11,29,11.882,0,1981-11-29
1981,12,1,11.99,0,1981-12-01
1981,12,3,12.336,0,1981-12-03
1981,12,5,12.507,0,1981-12-05
1981,12,7,12.698,0,1981-12-07
1981,12,9,12.816,0,1981-12-09
1981,12,11,12.948,0,1981-12-11
1981,12,13,13.217,0,1981-12-13
1981,12,15,13.418,0,1981-12-15
1981,12,17,13.635,0,1981-12-17
1981,12,19,13.802,0,1981-12-19
1981,12,21,13.893,0,1981-12-21
1981,12,23,13.877,0,1981-12-23
1981,12,25,14.016,0,1981-12-25
1981,12,27,13.953,0,1981-12-27
1981,12,29,14.128,0,1981-12-29
1981,12,31,14.224,0,1981-12-31
1982,1,2,14.479,0,1982-01-02
1982,1,4,14.642,0,1982-01-04
1982,1,6,14.88,0,1982-01-06
1982,1,8,14.993,0,1982-01-08
1982,1,10,15.052,0,1982-01-10
1982,1,12,15.141,0,1982-01-12
1982,1,14,15.138,0,1982-01-14
1982,1,16,15.22,0,1982-01-16
1982,1,18,15.227,0,1982-01-18
1982,1,20,15.208,0,1982-01-20
1982,1,22,15.283,0,1982-01-22
1982,1,24,15.391,0,1982-01-24
1982,1,26,15.547,0,1982-01-26
1982,1,28,15.695,0,1982-01-28
1982,1,30,15.755,0,1982-01-30
1982,2,1,15.836,0,1982-02-01
1982,2,3,15.841,0,1982-02-03
1982,2,5,15.85,0,1982-02-05
1982,2,7,15.797,0,1982-02-07
1982,2,9,15.829,0,1982-02-09
1982,2,11,15.748,0,1982-02-11
1982,2,13,15.854,0,1982-02-13
1982,2,15,15.857,0,1982-02-15
1982,2,17,16.058,0,1982-02-17
1982,2,19,16.087,0,1982-02-19
1982,2,21,16.094,0,1982-02-21
1982,2,23,16.143,0,1982-02-23
1982,2,25,16.31,0,1982-02-25
1982,2,27,16.325,0,1982-02-27
1982,3,1,16.234,0,1982-03-01
1982,3,3,16.293,0,1982-03-03
1982,3,5,16.315,0,1982-03-05
1982,3,7,16.309,0,1982-03-07
1982,3,9,16.123,0,1982-03-09
1982,3,11,16.099,0,1982-03-11
1982,3,13,16.005,0,1982-03-13
1982,3,15,15.955,0,1982-03-15
1982,3,17,15.905,0,1982-03-17
1982,3,19,15.938,0,1982-03-19
1982,3,21,15.911,0,1982-03-21
1982,3,23,15.898,0,1982-03-23
1982,3,25,15.929,0,1982-03-25
1982,3,27,15.875,0,1982-03-27
1982,3,29,15.931,0,1982-03-29
1982,3,31,15.982,0,1982-03-31
1982,4,2,15.945,0,1982-04-02
1982,4,4,15.943,0,1982-04-04
1982,4,6,15.859,0,1982-04-06
1982,4,8,15.581,0,1982-04-08
1982,4,10,15.577,0,1982-04-10
1982,4,12,15.491,0,1982-04-12
1982,4,14,15.627,0,1982-04-14
1982,4,16,15.528,0,1982-04-16
1982,4,18,15.448,0,1982-04-18
1982,4,20,15.387,0,1982-04-20
1982,4,22,15.276,0,1982-04-22
1982,4,24,15.135,0,1982-04-24
1982,4,26,15.105,0,1982-04-26
1982,4,28,15.091,0,1982-04-28
1982,4,30,14.997,0,1982-04-30
1982,5,2,14.786,0,1982-05-02
1982,5,4,14.679,0,1982-05-04
1982,5,6,14.511,0,1982-05-06
1982,5,8,14.319,0,1982-05-08
1982,5,10,14.222,0,1982-05-10
1982,5,12,14.137,0,1982-05-12
1982,5,14,14.083,0,1982-05-14
1982,5,16,14.003,0,1982-05-16
1982,5,18,13.853,0,1982-05-18
1982,5,20,13.653,0,1982-05-20
1982,5,22,13.576,0,1982-05-22
1982,5,24,13.583,0,1982-05-24
1982,5,26,13.543,0,1982-05-26
1982,5,28,13.38,0,1982-05-28
1982,5,30,13.27,0,1982-05-30
1982,6,1,13.091,0,1982-06-01
1982,6,3,12.99,0,1982-06-03
1982,6,5,12.874,0,1982-06-05
1982,6,7,12.834,0,1982-06-07
1982,6,9,12.75,0,1982-06-09
1982,6,11,12.709,0,1982-06-11
1982,6,13,12.678,0,1982-06-13
1982,6,15,12.652,0,1982-06-15
1982,6,17,12.476,0,1982-06-17
1982,6,19,12.317,0,1982-06-19
1982,6,21,12.145,0,1982-06-21
1982,6,23,12.079,0,1982-06-23
1982,6,25,11.918,0,1982-06-25
1982,6,27,11.868,0,1982-06-27
1982,6,29,11.76,0,1982-06-29
1982,7,1,11.425,0,1982-07-01
1982,7,3,11.442,0,1982-07-03
1982,7,5,11.344,0,1982-07-05
1982,7,7,11.165,0,1982-07-07
1982,7,9,11.043,0,1982-07-09
1982,7,11,10.816,0,1982-07-11
1982,7,13,10.664,0,1982-07-13
1982,7,15,10.436,0,1982-07-15
1982,7,17,10.264,0,1982-07-17
1982,7,19,10.179,0,1982-07-19
1982,7,21,10.022,0,1982-07-21
1982,7,23,9.782,0,1982-07-23
1982,7,25,9.638,0,1982-07-25
1982,7,27,9.417,0,1982-07-27
1982,7,29,9.22,0,1982-07-29
1982,7,31,9.016,0,1982-07-31
1982,8,2,8.939,0,1982-08-02
1982,8,4,8.746,0,1982-08-04
1982,8,6,8.672,0,1982-08-06
1982,8,8,8.45,0,1982-08-08
1982,8,10,8.437,0,1982-08-10
1982,8,12,8.366,0,1982-08-12
1982,8,14,8.152,0,1982-08-14
1982,8,16,8.008,0,1982-08-16
1982,8,18,8.027,0,1982-08-18
1982,8,20,7.915,0,1982-08-20
1982,8,22,7.79,0,1982-08-22
1982,8,24,7.759,0,1982-08-24
1982,8,26,7.7,0,1982-08-26
1982,8,28,7.582,0,1982-08-28
1982,8,30,7.55,0,1982-08-30
1982,9,1,7.404,0,1982-09-01
1982,9,3,7.248,0,1982-09-03
1982,9,5,7.233,0,1982-09-05
1982,9,7,7.182,0,1982-09-07
1982,9,9,7.18,0,1982-09-09
1982,9,11,7.173,0,1982-09-11
1982,9,13,7.16,0,1982-09-13
1982,9,15,7.196,0,1982-09-15
1982,9,17,7.197,0,1982-09-17
1982,9,19,7.224,0,1982-09-19
1982,9,21,7.329,0,1982-09-21
1982,9,23,7.422,0,1982-09-23
1982,9,25,7.417,0,1982-09-25
1982,9,27,7.495,0,1982-09-27
1982,9,29,7.666,0,1982-09-29
1982,10,1,7.768,0,1982-10-01
1982,10,3,8.016,0,1982-10-03
1982,10,5,8.184,0,1982-10-05
1982,10,7,8.331,0,1982-10-07
1982,10,9,8.875,0,1982-10-09
1982,10,11,9.179,0,1982-10-11
1982,10,13,9.429,0,1982-10-13
1982,10,15,9.608,0,1982-10-15
1982,10,17,9.797,0,1982-10-17
1982,10,19,9.836,0,1982-10-19
1982,10,21,9.847,0,1982-10-21
1982,10,23,10.067,0,1982-10-23
1982,10,25,10.198,0,1982-10-25
1982,10,27,10.423,0,1982-10-27
1982,10,29,10.564,0,1982-10-29
1982,10,31,10.615,0,1982-10-31
1982,11,2,10.817,0,1982-11-02
1982,11,4,10.893,0,1982-11-04
1982,11,6,11.131,0,1982-11-06
1982,11,8,11.03,0,1982-11-08
1982,11,10,11.203,0,1982-11-10
1982,11,12,11.348,0,1982-11-12
1982,11,14,11.573,0,1982-11-14
1982,11,16,11.792,0,1982-11-16
1982,11,18,11.774,0,1982-11-18
1982,11,20,11.698,0,1982-11-20
1982,11,22,11.854,0,1982-11-22
1982,11,24,11.929,0,1982-11-24
1982,11,26,12.192,0,1982-11-26
1982,11,28,12.483,0,1982-11-28
1982,11,30,12.695,0,1982-11-30
1982,12,2,12.822,0,1982-12-02
1982,12,4,12.866,0,1982-12-04
1982,12,6,12.963,0,1982-12-06
1982,12,8,13.223,0,1982-12-08
1982,12,10,13.351,0,1982-12-10
1982,12,12,13.503,0,1982-12-12
1982,12,14,13.606,0,1982-12-14
1982,12,16,13.84,0,1982-12-16
1982,12,18,13.895,0,1982-12-18
1982,12,20,14.016,0,1982-12-20
1982,12,22,13.963,0,1982-12-22
1982,12,24,14.093,0,1982-12-24
1982,12,26,14.183,0,1982-12-26
1982,12,28,14.144,0,1982-12-28
1982,12,30,14.159,0,1982-12-30
1983,1,1,14.253,0,1983-01-01
1983,1,3,14.306,0,1983-01-03
1983,1,5,14.494,0,1983-01-05
1983,1,7,14.467,0,1983-01-07
1983,1,9,14.615,0,1983-01-09
1983,1,11,14.648,0,1983-01-11
1983,1,13,14.622,0,1983-01-13
1983,1,15,14.916,0,1983-01-15
1983,1,17,15.014,0,1983-01-17
1983,1,19,15.052,0,1983-01-19
1983,1,21,15.314,0,1983-01-21
1983,1,23,15.396,0,1983-01-23
1983,1,25,15.347,0,1983-01-25
1983,1,27,15.401,0,1983-01-27
1983,1,29,15.554,0,1983-01-29
1983,1,31,15.68,0,1983-01-31
1983,2,2,15.737,0,1983-02-02
1983,2,4,15.719,0,1983-02-04
1983,2,6,15.695,0,1983-02-06
1983,2,8,15.822,0,1983-02-08
1983,2,10,15.791,0,1983-02-10
1983,2,12,15.999,0,1983-02-12
1983,2,14,16.056,0,1983-02-14
1983,2,16,15.971,0,1983-02-16
1983,2,18,16.056,0,1983-02-18
1983,2,20,16.167,0,1983-02-20
1983,2,22,16.238,0,1983-02-22
1983,2,24,16.28,0,1983-02-24
1983,2,26,16.352,0,1983-02-26
1983,2,28,16.203,0,1983-02-28
1983,3,2,16.049,0,1983-03-02
1983,3,4,15.958,0,1983-03-04
1983,3,6,15.971,0,1983-03-06
1983,3,8,16.101,0,1983-03-08
1983,3,10,16.172,0,1983-03-10
1983,3,12,16.349,0,1983-03-12
1983,3,14,16.412,0,1983-03-14
1983,3,16,16.214,0,1983-03-16
1983,3,18,16.069,0,1983-03-18
1983,3,20,16.212,0,1983-03-20
1983,3,22,16.057,0,1983-03-22
1983,3,24,15.976,0,1983-03-24
1983,3,26,15.964,0,1983-03-26
1983,3,28,15.926,0,1983-03-28
1983,3,30,15.849,0,1983-03-30
1983,4,1,15.886,0,1983-04-01
1983,4,3,15.914,0,1983-04-03
1983,4,5,15.734,0,1983-04-05
1983,4,7,15.706,0,1983-04-07
1983,4,9,15.528,0,1983-04-09
1983,4,11,15.574,0,1983-04-11
1983,4,13,15.317,0,1983-04-13
1983,4,15,15.145,0,1983-04-15
1983,4,17,15.063,0,1983-04-17
1983,4,19,14.839,0,1983-04-19
1983,4,21,14.819,0,1983-04-21
1983,4,23,14.695,0,1983-04-23
1983,4,25,14.553,0,1983-04-25
1983,4,27,14.442,0,1983-04-27
1983,4,29,14.366,0,1983-04-29
1983,5,1,14.045,0,1983-05-01
1983,5,3,13.929,0,1983-05-03
1983,5,5,13.935,0,1983-05-05
1983,5,7,13.787,0,1983-05-07
1983,5,9,13.703,0,1983-05-09
1983,5,11,13.64,0,1983-05-11
1983,5,13,13.587,0,1983-05-13
1983,5,15,13.502,0,1983-05-15
1983,5,17,13.433,0,1983-05-17
1983,5,19,13.319,0,1983-05-19
1983,5,21,13.313,0,1983-05-21
1983,5,23,13.27,0,1983-05-23
1983,5,25,13.209,0,1983-05-25
1983,5,27,13.132,0,1983-05-27
1983,5,29,13.052,0,1983-05-29
1983,5,31,13.005,0,1983-05-31
1983,6,2,12.837,0,1983-06-02
1983,6,4,12.764,0,1983-06-04
1983,6,6,12.69,0,1983-06-06
1983,6,8,12.59,0,1983-06-08
1983,6,10,12.54,0,1983-06-10
1983,6,12,12.412,0,1983-06-12
1983,6,14,12.311,0,1983-06-14
1983,6,16,12.276,0,1983-06-16
1983,6,18,12.146,0,1983-06-18
1983,6,20,12.16,0,1983-06-20
1983,6,22,12.111,0,1983-06-22
1983,6,24,11.965,0,1983-06-24
1983,6,26,11.989,0,1983-06-26
1983,6,28,11.896,0,1983-06-28
1983,6,30,11.748,0,1983-06-30
1983,7,2,11.515,0,1983-07-02
1983,7,4,11.398,0,1983-07-04
1983,7,6,11.261,0,1983-07-06
1983,7,8,11.233,0,1983-07-08
1983,7,10,11.108,0,1983-07-10
1983,7,12,11.088,0,1983-07-12
1983,7,14,10.913,0,1983-07-14
1983,7,16,10.767,0,1983-07-16
1983,7,18,10.491,0,1983-07-18
1983,7,20,10.214,0,1983-07-20
1983,7,22,10.076,0,1983-07-22
1983,7,24,9.911,0,1983-07-24
1983,7,26,9.655,0,1983-07-26
1983,7,28,9.56,0,1983-07-28
1983,7,30,9.364,0,1983-07-30
1983,8,1,9.224,0,1983-08-01
1983,8,3,9.046,0,1983-08-03
1983,8,5,8.935,0,1983-08-05
1983,8,7,8.731,0,1983-08-07
1983,8,9,8.638,0,1983-08-09
1983,8,11,8.46,0,1983-08-11
1983,8,13,8.32,0,1983-08-13
1983,8,15,8.073,0,1983-08-15
1983,8,17,7.948,0,1983-08-17
1983,8,19,7.899,0,1983-08-19
1983,8,21,7.903,0,1983-08-21
1983,8,23,7.777,0,1983-08-23
1983,8,25,7.639,0,1983-08-25
1983,8,27,7.534,0,1983-08-27
1983,8,29,7.445,0,1983-08-29
1983,8,31,7.402,0,1983-08-31
1983,9,2,7.321,0,1983-09-02
1983,9,4,7.314,0,1983-09-04
1983,9,6,7.243,0,1983-09-06
1983,9,8,7.204,0,1983-09-08
1983,9,10,7.238,0,1983-09-10
1983,9,12,7.305,0,1983-09-12
1983,9,14,7.246,0,1983-09-14
1983,9,16,7.261,0,1983-09-16
1983,9,18,7.322,0,1983-09-18
1983,9,20,7.499,0,1983-09-20
1983,9,22,7.412,0,1983-09-22
1983,9,24,7.425,0,1983-09-24
1983,9,26,7.519,0,1983-09-26
1983,9,28,7.731,0,1983-09-28
1983,9,30,7.879,0,1983-09-30
1983,10,2,8.143,0,1983-10-02
1983,10,4,8.38,0,1983-10-04
1983,10,6,8.638,0,1983-10-06
1983,10,8,8.774,0,1983-10-08
1983,10,10,8.943,0,1983-10-10
1983,10,12,9.123,0,1983-10-12
1983,10,14,9.205,0,1983-10-14
1983,10,16,9.453,0,1983-10-16
1983,10,18,9.585,0,1983-10-18
1983,10,20,9.673,0,1983-10-20
1983,10,22,9.878,0,1983-10-22
1983,10,24,10.085,0,1983-10-24
1983,10,26,9.558,0,1983-10-26
1983,10,28,10.259,0,1983-10-28
1983,10,30,10.314,0,1983-10-30
1983,11,1,10.549,0,1983-11-01
1983,11,3,10.737,0,1983-11-03
1983,11,5,10.883,0,1983-11-05
1983,11,7,10.84,0,1983-11-07
1983,11,9,10.956,0,1983-11-09
1983,11,11,11.172,0,1983-11-11
1983,11,13,11.322,0,1983-11-13
1983,11,15,11.473,0,1983-11-15
1983,11,17,11.635,0,1983-11-17
1983,11,19,11.802,0,1983-11-19
1983,11,21,11.9,0,1983-11-21
1983,11,23,11.934,0,1983-11-23
1983,11,25,12.167,0,1983-11-25
1983,11,27,12.208,0,1983-11-27
1983,11,29,12.337,0,1983-11-29
1983,12,1,12.769,0,1983-12-01
1983,12,3,12.664,0,1983-12-03
1983,12,5,12.877,0,1983-12-05
1983,12,7,13.042,0,1983-12-07
1983,12,9,13.043,0,1983-12-09
1983,12,11,13.192,0,1983-12-11
1983,12,13,13.344,0,1983-12-13
1983,12,15,13.366,0,1983-12-15
1983,12,17,13.325,0,1983-12-17
1983,12,19,13.322,0,1983-12-19
1983,12,21,13.326,0,1983-12-21
1983,12,23,13.539,0,1983-12-23
1983,12,25,13.54,0,1983-12-25
1983,12,27,13.664,0,1983-12-27
1983,12,29,13.855,0,1983-12-29
1983,12,31,13.907,0,1983-12-31
1984,1,2,14.103,0,1984-01-02
1984,1,4,14.237,0,1984-01-04
1984,1,6,14.262,0,1984-01-06
1984,1,8,14.303,0,1984-01-08
1984,1,10,14.387,0,1984-01-10
1984,1,12,14.37,0,1984-01-12
1984,1,14,14.388,0,1984-01-14
1984,1,16,14.411,0,1984-01-16
1984,1,18,14.302,0,1984-01-18
1984,1,20,14.505,0,1984-01-20
1984,1,22,14.626,0,1984-01-22
1984,1,24,14.703,0,1984-01-24
1984,1,26,14.788,0,1984-01-26
1984,1,28,14.821,0,1984-01-28
1984,1,30,14.893,0,1984-01-30
1984,2,1,15.026,0,1984-02-01
1984,2,3,15.107,0,1984-02-03
1984,2,5,15.107,0,1984-02-05
1984,2,7,15.08,0,1984-02-07
1984,2,9,14.988,0,1984-02-09
1984,2,11,15.181,0,1984-02-11
1984,2,13,15.178,0,1984-02-13
1984,2,15,15.335,0,1984-02-15
1984,2,17,15.427,0,1984-02-17
1984,2,19,15.47,0,1984-02-19
1984,2,21,15.456,0,1984-02-21
1984,2,23,15.467,0,1984-02-23
1984,2,25,15.534,0,1984-02-25
1984,2,27,15.561,0,1984-02-27
1984,2,29,15.567,0,1984-02-29
1984,3,2,15.431,0,1984-03-02
1984,3,4,15.483,0,1984-03-04
1984,3,6,15.554,0,1984-03-06
1984,3,8,15.57,0,1984-03-08
1984,3,10,15.587,0,1984-03-10
1984,3,12,15.58,0,1984-03-12
1984,3,14,15.676,0,1984-03-14
1984,3,16,15.764,0,1984-03-16
1984,3,18,15.809,0,1984-03-18
1984,3,20,15.78,0,1984-03-20
1984,3,22,15.614,0,1984-03-22
1984,3,24,15.479,0,1984-03-24
1984,3,26,15.486,0,1984-03-26
1984,3,28,15.504,0,1984-03-28
1984,3,30,15.446,0,1984-03-30
1984,4,1,15.389,0,1984-04-01
1984,4,3,15.335,0,1984-04-03
1984,4,5,15.268,0,1984-04-05
1984,4,7,15.16,0,1984-04-07
1984,4,9,15.321,0,1984-04-09
1984,4,11,15.287,0,1984-04-11
1984,4,13,15.107,0,1984-04-13
1984,4,15,15.085,0,1984-04-15
1984,4,17,15.037,0,1984-04-17
1984,4,19,14.973,0,1984-04-19
1984,4,21,14.897,0,1984-04-21
1984,4,23,14.699,0,1984-04-23
1984,4,25,14.678,0,1984-04-25
1984,4,27,14.608,0,1984-04-27
1984,4,29,14.373,0,1984-04-29
1984,5,1,14.194,0,1984-05-01
1984,5,3,14.009,0,1984-05-03
1984,5,5,13.976,0,1984-05-05
1984,5,7,13.907,0,1984-05-07
1984,5,9,13.816,0,1984-05-09
1984,5,11,13.724,0,1984-05-11
1984,5,13,13.764,0,1984-05-13
1984,5,15,13.621,0,1984-05-15
1984,5,17,13.451,0,1984-05-17
1984,5,19,13.487,0,1984-05-19
1984,5,21,13.367,0,1984-05-21
1984,5,23,13.401,0,1984-05-23
1984,5,25,13.289,0,1984-05-25
1984,5,27,13.192,0,1984-05-27
1984,5,29,13.035,0,1984-05-29
1984,5,31,12.994,0,1984-05-31
1984,6,2,12.828,0,1984-06-02
1984,6,4,12.644,0,1984-06-04
1984,6,6,12.526,0,1984-06-06
1984,6,8,12.439,0,1984-06-08
1984,6,10,12.354,0,1984-06-10
1984,6,12,12.294,0,1984-06-12
1984,6,14,12.254,0,1984-06-14
1984,6,16,12.192,0,1984-06-16
1984,6,18,12.079,0,1984-06-18
1984,6,20,12.018,0,1984-06-20
1984,6,22,11.966,0,1984-06-22
1984,6,24,11.877,0,1984-06-24
1984,6,26,11.783,0,1984-06-26
1984,6,28,11.582,0,1984-06-28
1984,6,30,11.439,0,1984-06-30
1984,7,2,11.202,0,1984-07-02
1984,7,4,10.989,0,1984-07-04
1984,7,6,10.807,0,1984-07-06
1984,7,8,10.699,0,1984-07-08
1984,7,10,10.477,0,1984-07-10
1984,7,12,10.183,0,1984-07-12
1984,7,14,10.117,0,1984-07-14
1984,7,16,9.929,0,1984-07-16
1984,7,18,9.711,0,1984-07-18
1984,7,20,9.629,0,1984-07-20
1984,7,22,9.472,0,1984-07-22
1984,7,24,9.368,0,1984-07-24
1984,7,26,9.298,0,1984-07-26
1984,7,28,8.875,0,1984-07-28
1984,7,30,8.907,0,1984-07-30
1984,8,1,8.745,0,1984-08-01
1984,8,3,8.496,0,1984-08-03
1984,8,5,8.303,0,1984-08-05
1984,8,7,8.189,0,1984-08-07
1984,8,9,8.027,0,1984-08-09
1984,8,11,8.002,0,1984-08-11
1984,8,13,7.918,0,1984-08-13
1984,8,15,7.816,0,1984-08-15
1984,8,17,7.698,0,1984-08-17
1984,8,19,7.548,0,1984-08-19
1984,8,21,7.461,0,1984-08-21
1984,8,23,7.401,0,1984-08-23
1984,8,25,7.346,0,1984-08-25
1984,8,27,7.272,0,1984-08-27
1984,8,29,7.057,0,1984-08-29
1984,8,31,7.058,0,1984-08-31
1984,9,2,6.828,0,1984-09-02
1984,9,4,6.697,0,1984-09-04
1984,9,6,6.528,0,1984-09-06
1984,9,8,6.509,0,1984-09-08
1984,9,10,6.501,0,1984-09-10
1984,9,12,6.422,0,1984-09-12
1984,9,14,6.461,0,1984-09-14
1984,9,16,6.396,0,1984-09-16
1984,9,18,6.514,0,1984-09-18
1984,9,20,6.728,0,1984-09-20
1984,9,22,6.974,0,1984-09-22
1984,9,24,7.178,0,1984-09-24
1984,9,26,7.338,0,1984-09-26
1984,9,28,7.455,0,1984-09-28
1984,9,30,7.549,0,1984-09-30
1984,10,2,7.745,0,1984-10-02
1984,10,4,7.947,0,1984-10-04
1984,10,6,8.057,0,1984-10-06
1984,10,8,8.227,0,1984-10-08
1984,10,10,8.188,0,1984-10-10
1984,10,12,8.26,0,1984-10-12
1984,10,14,8.334,0,1984-10-14
1984,10,16,8.354,0,1984-10-16
1984,10,18,8.513,0,1984-10-18
1984,10,20,8.638,0,1984-10-20
1984,10,22,8.933,0,1984-10-22
1984,10,24,9.116,0,1984-10-24
1984,10,26,9.266,0,1984-10-26
1984,10,28,9.398,0,1984-10-28
1984,10,30,9.433,0,1984-10-30
1984,11,1,9.565,0,1984-11-01
1984,11,3,9.819,0,1984-11-03
1984,11,5,9.969,0,1984-11-05
1984,11,7,10.081,0,1984-11-07
1984,11,9,10.224,0,1984-11-09
1984,11,11,10.558,0,1984-11-11
1984,11,13,10.578,0,1984-11-13
1984,11,15,10.795,0,1984-11-15
1984,11,17,11.072,0,1984-11-17
1984,11,19,11.219,0,1984-11-19
1984,11,21,11.518,0,1984-11-21
1984,11,23,11.641,0,1984-11-23
1984,11,25,11.812,0,1984-11-25
1984,11,27,11.903,0,1984-11-27
1984,11,29,11.869,0,1984-11-29
1984,12,1,11.968,0,1984-12-01
1984,12,3,12.263,0,1984-12-03
1984,12,5,12.397,0,1984-12-05
1984,12,7,12.712,0,1984-12-07
1984,12,9,12.738,0,1984-12-09
1984,12,11,12.837,0,1984-12-11
1984,12,13,13.018,0,1984-12-13
1984,12,15,13.124,0,1984-12-15
1984,12,17,13.025,0,1984-12-17
1984,12,19,13.24,0,1984-12-19
1984,12,21,13.202,0,1984-12-21
1984,12,23,13.307,0,1984-12-23
1984,12,25,13.323,0,1984-12-25
1984,12,27,13.394,0,1984-12-27
1984,12,29,13.494,0,1984-12-29
1984,12,31,13.789,0,1984-12-31
1985,1,2,14.045,0,1985-01-02
1985,1,4,14.24,0,1985-01-04
1985,1,6,14.406,0,1985-01-06
1985,1,8,14.432,0,1985-01-08
1985,1,10,14.455,0,1985-01-10
1985,1,12,14.584,0,1985-01-12
1985,1,14,14.568,0,1985-01-14
1985,1,16,14.71,0,1985-01-16
1985,1,18,14.88,0,1985-01-18
1985,1,20,14.906,0,1985-01-20
1985,1,22,14.945,0,1985-01-22
1985,1,24,15.036,0,1985-01-24
1985,1,26,15.186,0,1985-01-26
1985,1,28,15.313,0,1985-01-28
1985,1,30,15.167,0,1985-01-30
1985,2,1,15.252,0,1985-02-01
1985,2,3,15.298,0,1985-02-03
1985,2,5,15.445,0,1985-02-05
1985,2,7,15.441,0,1985-02-07
1985,2,9,15.549,0,1985-02-09
1985,2,11,15.447,0,1985-02-11
1985,2,13,15.448,0,1985-02-13
1985,2,15,15.554,0,1985-02-15
1985,2,17,15.473,0,1985-02-17
1985,2,19,15.368,0,1985-02-19
1985,2,21,15.498,0,1985-02-21
1985,2,23,15.447,0,1985-02-23
1985,2,25,15.568,0,1985-02-25
1985,2,27,15.732,0,1985-02-27
1985,3,1,15.791,0,1985-03-01
1985,3,3,15.698,0,1985-03-03
1985,3,5,15.706,0,1985-03-05
1985,3,7,15.681,0,1985-03-07
1985,3,9,15.575,0,1985-03-09
1985,3,11,15.614,0,1985-03-11
1985,3,13,15.914,0,1985-03-13
1985,3,15,16.094,0,1985-03-15
1985,3,17,16.163,0,1985-03-17
1985,3,19,16.059,0,1985-03-19
1985,3,21,16.044,0,1985-03-21
1985,3,23,16.063,0,1985-03-23
1985,3,25,16.027,0,1985-03-25
1985,3,27,16.019,0,1985-03-27
1985,3,29,15.957,0,1985-03-29
1985,3,31,15.77,0,1985-03-31
1985,4,2,15.58,0,1985-04-02
1985,4,4,15.576,0,1985-04-04
1985,4,6,15.535,0,1985-04-06
1985,4,8,15.459,0,1985-04-08
1985,4,10,15.445,0,1985-04-10
1985,4,12,15.524,0,1985-04-12
1985,4,14,15.432,0,1985-04-14
1985,4,16,15.511,0,1985-04-16
1985,4,18,15.454,0,1985-04-18
1985,4,20,15.252,0,1985-04-20
1985,4,22,15.226,0,1985-04-22
1985,4,24,15.225,0,1985-04-24
1985,4,26,15.109,0,1985-04-26
1985,4,28,15.065,0,1985-04-28
1985,4,30,14.955,0,1985-04-30
1985,5,2,14.714,0,1985-05-02
1985,5,4,14.655,0,1985-05-04
1985,5,6,14.56,0,1985-05-06
1985,5,8,14.394,0,1985-05-08
1985,5,10,14.32,0,1985-05-10
1985,5,12,14.282,0,1985-05-12
1985,5,14,14.172,0,1985-05-14
1985,5,16,14.077,0,1985-05-16
1985,5,18,13.914,0,1985-05-18
1985,5,20,13.896,0,1985-05-20
1985,5,22,13.868,0,1985-05-22
1985,5,24,13.705,0,1985-05-24
1985,5,26,13.625,0,1985-05-26
1985,5,28,13.58,0,1985-05-28
1985,5,30,13.339,0,1985-05-30
1985,6,1,13.063,0,1985-06-01
1985,6,3,12.935,0,1985-06-03
1985,6,5,12.783,0,1985-06-05
1985,6,7,12.731,0,1985-06-07
1985,6,9,12.674,0,1985-06-09
1985,6,11,12.475,0,1985-06-11
1985,6,13,12.303,0,1985-06-13
1985,6,15,12.217,0,1985-06-15
1985,6,17,12.109,0,1985-06-17
1985,6,19,11.88,0,1985-06-19
1985,6,21,11.81,0,1985-06-21
1985,6,23,11.805,0,1985-06-23
1985,6,25,11.61,0,1985-06-25
1985,6,27,11.498,0,1985-06-27
1985,6,29,11.393,0,1985-06-29
1985,7,1,11.135,0,1985-07-01
1985,7,3,10.926,0,1985-07-03
1985,7,5,10.791,0,1985-07-05
1985,7,7,10.652,0,1985-07-07
1985,7,9,10.382,0,1985-07-09
1985,7,11,10.399,0,1985-07-11
1985,7,13,10.112,0,1985-07-13
1985,7,15,9.839,0,1985-07-15
1985,7,17,9.702,0,1985-07-17
1985,7,19,9.441,0,1985-07-19
1985,7,21,9.213,0,1985-07-21
1985,7,23,9.114,0,1985-07-23
1985,7,25,8.851,0,1985-07-25
1985,7,27,8.656,0,1985-07-27
1985,7,29,8.4,0,1985-07-29
1985,7,31,8.3,0,1985-07-31
1985,8,2,8.152,0,1985-08-02
1985,8,4,8.074,0,1985-08-04
1985,8,6,7.995,0,1985-08-06
1985,8,8,7.754,0,1985-08-08
1985,8,10,7.639,0,1985-08-10
1985,8,12,7.525,0,1985-08-12
1985,8,14,7.442,0,1985-08-14
1985,8,16,7.331,0,1985-08-16
1985,8,18,7.212,0,1985-08-18
1985,8,20,7.19,0,1985-08-20
1985,8,22,7.139,0,1985-08-22
1985,8,24,7.012,0,1985-08-24
1985,8,26,6.907,0,1985-08-26
1985,8,28,6.863,0,1985-08-28
1985,8,30,6.793,0,1985-08-30
1985,9,1,6.724,0,1985-09-01
1985,9,3,6.61,0,1985-09-03
1985,9,5,6.505,0,1985-09-05
1985,9,7,6.496,0,1985-09-07
1985,9,9,6.486,0,1985-09-09
1985,9,11,6.495,0,1985-09-11
1985,9,13,6.558,0,1985-09-13
1985,9,15,6.568,0,1985-09-15
1985,9,17,6.657,0,1985-09-17
1985,9,19,6.725,0,1985-09-19
1985,9,21,6.745,0,1985-09-21
1985,9,23,6.799,0,1985-09-23
1985,9,25,6.993,0,1985-09-25
1985,9,27,6.992,0,1985-09-27
1985,9,29,7.112,0,1985-09-29
1985,10,1,7.365,0,1985-10-01
1985,10,3,7.585,0,1985-10-03
1985,10,5,7.642,0,1985-10-05
1985,10,7,7.985,0,1985-10-07
1985,10,9,8.013,0,1985-10-09
1985,10,11,8.129,0,1985-10-11
1985,10,13,8.442,0,1985-10-13
1985,10,15,8.562,0,1985-10-15
1985,10,17,8.708,0,1985-10-17
1985,10,19,8.699,0,1985-10-19
1985,10,21,8.783,0,1985-10-21
1985,10,23,8.959,0,1985-10-23
1985,10,25,9.116,0,1985-10-25
1985,10,27,9.33,0,1985-10-27
1985,10,29,9.566,0,1985-10-29
1985,10,31,9.851,0,1985-10-31
1985,11,2,10.219,0,1985-11-02
1985,11,4,10.238,0,1985-11-04
1985,11,6,10.37,0,1985-11-06
1985,11,8,10.471,0,1985-11-08
1985,11,10,10.47,0,1985-11-10
1985,11,12,10.77,0,1985-11-12
1985,11,14,10.992,0,1985-11-14
1985,11,16,11.083,0,1985-11-16
1985,11,18,11.041,0,1985-11-18
1985,11,20,11.255,0,1985-11-20
1985,11,22,11.442,0,1985-11-22
1985,11,24,11.597,0,1985-11-24
1985,11,26,11.723,0,1985-11-26
1985,11,28,11.77,0,1985-11-28
1985,11,30,11.927,0,1985-11-30
1985,12,2,12.305,0,1985-12-02
1985,12,4,12.314,0,1985-12-04
1985,12,6,12.469,0,1985-12-06
1985,12,8,12.619,0,1985-12-08
1985,12,10,12.734,0,1985-12-10
1985,12,12,12.771,0,1985-12-12
1985,12,14,12.818,0,1985-12-14
1985,12,16,13.065,0,1985-12-16
1985,12,18,13.263,0,1985-12-18
1985,12,20,13.271,0,1985-12-20
1985,12,22,13.45,0,1985-12-22
1985,12,24,13.642,0,1985-12-24
1985,12,26,13.756,0,1985-12-26
1985,12,28,13.571,0,1985-12-28
1985,12,30,13.701,0,1985-12-30
1986,1,1,14.036,0,1986-01-01
1986,1,3,14.292,0,1986-01-03
1986,1,5,14.489,0,1986-01-05
1986,1,7,14.533,0,1986-01-07
1986,1,9,14.628,0,1986-01-09
1986,1,11,14.795,0,1986-01-11
1986,1,13,14.901,0,1986-01-13
1986,1,15,14.991,0,1986-01-15
1986,1,17,14.981,0,1986-01-17
1986,1,19,15.159,0,1986-01-19
1986,1,21,15.252,0,1986-01-21
1986,1,23,15.214,0,1986-01-23
1986,1,25,15.322,0,1986-01-25
1986,1,27,15.241,0,1986-01-27
1986,1,29,15.194,0,1986-01-29
1986,1,31,15.206,0,1986-01-31
1986,2,2,15.331,0,1986-02-02
1986,2,4,15.427,0,1986-02-04
1986,2,6,15.546,0,1986-02-06
1986,2,8,15.724,0,1986-02-08
1986,2,10,15.802,0,1986-02-10
1986,2,12,15.845,0,1986-02-12
1986,2,14,15.724,0,1986-02-14
1986,2,16,15.836,0,1986-02-16
1986,2,18,15.949,0,1986-02-18
1986,2,20,15.913,0,1986-02-20
1986,2,22,15.966,0,1986-02-22
1986,2,24,16.008,0,1986-02-24
1986,2,26,15.934,0,1986-02-26
1986,2,28,15.983,0,1986-02-28
1986,3,2,16.02,0,1986-03-02
1986,3,4,16.023,0,1986-03-04
1986,3,6,16.031,0,1986-03-06
1986,3,8,16.084,0,1986-03-08
1986,3,10,16.158,0,1986-03-10
1986,3,12,16.14,0,1986-03-12
1986,3,14,16.018,0,1986-03-14
1986,3,16,16.02,0,1986-03-16
1986,3,18,15.941,0,1986-03-18
1986,3,20,15.791,0,1986-03-20
1986,3,22,15.772,0,1986-03-22
1986,3,24,15.74,0,1986-03-24
1986,3,26,15.672,0,1986-03-26
1986,3,28,15.589,0,1986-03-28
1986,3,30,15.643,0,1986-03-30
1986,4,1,15.636,0,1986-04-01
1986,4,3,15.629,0,1986-04-03
1986,4,5,15.427,0,1986-04-05
1986,4,7,15.302,0,1986-04-07
1986,4,9,15.292,0,1986-04-09
1986,4,11,15.182,0,1986-04-11
1986,4,13,15.13,0,1986-04-13
1986,4,15,15.019,0,1986-04-15
1986,4,17,15.008,0,1986-04-17
1986,4,19,14.872,0,1986-04-19
1986,4,21,14.858,0,1986-04-21
1986,4,23,14.703,0,1986-04-23
1986,4,25,14.681,0,1986-04-25
1986,4,27,14.629,0,1986-04-27
1986,4,29,14.514,0,1986-04-29
1986,5,1,14.275,0,1986-05-01
1986,5,3,14.12,0,1986-05-03
1986,5,5,13.925,0,1986-05-05
1986,5,7,13.81,0,1986-05-07
1986,5,9,13.602,0,1986-05-09
1986,5,11,13.492,0,1986-05-11
1986,5,13,13.424,0,1986-05-13
1986,5,15,13.338,0,1986-05-15
1986,5,17,13.264,0,1986-05-17
1986,5,19,13.215,0,1986-05-19
1986,5,21,13.192,0,1986-05-21
1986,5,23,13.078,0,1986-05-23
1986,5,25,12.977,0,1986-05-25
1986,5,27,12.83,0,1986-05-27
1986,5,29,12.781,0,1986-05-29
1986,5,31,12.75,0,1986-05-31
1986,6,2,12.567,0,1986-06-02
1986,6,4,12.412,0,1986-06-04
1986,6,6,12.26,0,1986-06-06
1986,6,8,12.13,0,1986-06-08
1986,6,10,12.191,0,1986-06-10
1986,6,12,12.158,0,1986-06-12
1986,6,14,11.999,0,1986-06-14
1986,6,16,11.921,0,1986-06-16
1986,6,18,11.965,0,1986-06-18
1986,6,20,11.861,0,1986-06-20
1986,6,22,11.837,0,1986-06-22
1986,6,24,11.797,0,1986-06-24
1986,6,26,11.637,0,1986-06-26
1986,6,28,11.547,0,1986-06-28
1986,6,30,11.357,0,1986-06-30
1986,7,2,11.147,0,1986-07-02
1986,7,4,11.162,0,1986-07-04
1986,7,6,11.031,0,1986-07-06
1986,7,8,10.882,0,1986-07-08
1986,7,10,10.723,0,1986-07-10
1986,7,12,10.571,0,1986-07-12
1986,7,14,10.461,0,1986-07-14
1986,7,16,10.211,0,1986-07-16
1986,7,18,10.01,0,1986-07-18
1986,7,20,9.759,0,1986-07-20
1986,7,22,9.574,0,1986-07-22
1986,7,24,9.323,0,1986-07-24
1986,7,26,9.256,0,1986-07-26
1986,7,28,9.111,0,1986-07-28
1986,7,30,8.976,0,1986-07-30
1986,8,1,8.762,0,1986-08-01
1986,8,3,8.649,0,1986-08-03
1986,8,5,8.51,0,1986-08-05
1986,8,7,8.373,0,1986-08-07
1986,8,9,8.2,0,1986-08-09
1986,8,11,8.042,0,1986-08-11
1986,8,13,7.934,0,1986-08-13
1986,8,15,7.912,0,1986-08-15
1986,8,17,7.908,0,1986-08-17
1986,8,19,7.799,0,1986-08-19
1986,8,21,7.706,0,1986-08-21
1986,8,23,7.722,0,1986-08-23
1986,8,25,7.661,0,1986-08-25
1986,8,27,7.577,0,1986-08-27
1986,8,29,7.498,0,1986-08-29
1986,8,31,7.42,0,1986-08-31
1986,9,2,7.229,0,1986-09-02
1986,9,4,7.21,0,1986-09-04
1986,9,6,7.122,0,1986-09-06
1986,9,8,7.192,0,1986-09-08
1986,9,10,7.187,0,1986-09-10
1986,9,12,7.214,0,1986-09-12
1986,9,14,7.3,0,1986-09-14
1986,9,16,7.328,0,1986-09-16
1986,9,18,7.398,0,1986-09-18
1986,9,20,7.443,0,1986-09-20
1986,9,22,7.537,0,1986-09-22
1986,9,24,7.529,0,1986-09-24
1986,9,26,7.724,0,1986-09-26
1986,9,28,7.773,0,1986-09-28
1986,9,30,7.974,0,1986-09-30
1986,10,2,8.338,0,1986-10-02
1986,10,4,8.659,0,1986-10-04
1986,10,6,8.827,0,1986-10-06
1986,10,8,9.025,0,1986-10-08
1986,10,10,9.12,0,1986-10-10
1986,10,12,9.267,0,1986-10-12
1986,10,14,9.4,0,1986-10-14
1986,10,16,9.528,0,1986-10-16
1986,10,18,9.725,0,1986-10-18
1986,10,20,9.897,0,1986-10-20
1986,10,22,9.986,0,1986-10-22
1986,10,24,10.005,0,1986-10-24
1986,10,26,10.024,0,1986-10-26
1986,10,28,10.141,0,1986-10-28
1986,10,30,10.317,0,1986-10-30
1986,11,1,10.473,0,1986-11-01
1986,11,3,10.506,0,1986-11-03
1986,11,5,10.639,0,1986-11-05
1986,11,7,10.874,0,1986-11-07
1986,11,9,11.03,0,1986-11-09
1986,11,11,11.093,0,1986-11-11
1986,11,13,11.484,0,1986-11-13
1986,11,15,11.741,0,1986-11-15
1986,11,17,11.735,0,1986-11-17
1986,11,19,11.796,0,1986-11-19
1986,11,21,11.832,0,1986-11-21
1986,11,23,11.959,0,1986-11-23
1986,11,25,12.142,0,1986-11-25
1986,11,27,12.227,0,1986-11-27
1986,11,29,12.268,0,1986-11-29
1986,12,1,12.591,0,1986-12-01
1986,12,3,12.649,0,1986-12-03
1986,12,5,12.717,0,1986-12-05
1986,12,7,12.775,0,1986-12-07
1986,12,9,12.822,0,1986-12-09
1986,12,11,12.88,0,1986-12-11
1986,12,13,12.903,0,1986-12-13
1986,12,15,13.03,0,1986-12-15
1986,12,17,13.17,0,1986-12-17
1986,12,19,13.373,0,1986-12-19
1986,12,21,13.523,0,1986-12-21
1986,12,23,13.672,0,1986-12-23
1986,12,25,13.695,0,1986-12-25
1986,12,27,13.766,0,1986-12-27
1986,12,29,13.904,0,1986-12-29
1986,12,31,14.089,0,1986-12-31
1987,1,2,14.305,0,1987-01-02
1987,1,4,14.417,0,1987-01-04
1987,1,6,14.515,0,1987-01-06
1987,1,8,14.688,0,1987-01-08
1987,1,10,14.692,0,1987-01-10
1987,1,12,14.771,0,1987-01-12
1987,1,14,14.732,0,1987-01-14
1987,1,16,14.797,0,1987-01-16
1987,1,18,14.943,0,1987-01-18
1987,1,20,15.022,0,1987-01-20
1987,1,22,15.299,0,1987-01-22
1987,1,24,15.408,0,1987-01-24
1987,1,26,15.55,0,1987-01-26
1987,1,28,15.621,0,1987-01-28
1987,1,30,15.787,0,1987-01-30
1987,2,1,15.81,0,1987-02-01
1987,2,3,15.898,0,1987-02-03
1987,2,5,15.877,0,1987-02-05
1987,2,7,15.94,0,1987-02-07
1987,2,9,15.934,0,1987-02-09
1987,2,11,15.9,0,1987-02-11
1987,2,13,15.952,0,1987-02-13
1987,2,15,15.977,0,1987-02-15
1987,2,17,16.169,0,1987-02-17
1987,2,19,16.136,0,1987-02-19
1987,2,21,16.293,0,1987-02-21
1987,2,23,16.275,0,1987-02-23
1987,2,25,16.276,0,1987-02-25
1987,2,27,16.265,0,1987-02-27
1987,3,1,16.059,0,1987-03-01
1987,3,3,15.874,0,1987-03-03
1987,3,5,15.936,0,1987-03-05
1987,3,7,15.78,0,1987-03-07
1987,3,9,15.713,0,1987-03-09
1987,3,11,15.778,0,1987-03-11
1987,3,13,15.844,0,1987-03-13
1987,3,15,15.902,0,1987-03-15
1987,3,17,15.886,0,1987-03-17
1987,3,19,15.75,0,1987-03-19
1987,3,21,15.78,0,1987-03-21
1987,3,23,15.778,0,1987-03-23
1987,3,25,15.708,0,1987-03-25
1987,3,27,15.754,0,1987-03-27
1987,3,29,15.804,0,1987-03-29
1987,3,31,15.709,0,1987-03-31
1987,4,2,15.626,0,1987-04-02
1987,4,4,15.506,0,1987-04-04
1987,4,6,15.539,0,1987-04-06
1987,4,8,15.541,0,1987-04-08
1987,4,10,15.573,0,1987-04-10
1987,4,12,15.408,0,1987-04-12
1987,4,14,15.374,0,1987-04-14
1987,4,16,15.414,0,1987-04-16
1987,4,18,15.247,0,1987-04-18
1987,4,20,15.151,0,1987-04-20
1987,4,22,14.991,0,1987-04-22
1987,4,24,14.869,0,1987-04-24
1987,4,26,14.742,0,1987-04-26
1987,4,28,14.629,0,1987-04-28
1987,4,30,14.553,0,1987-04-30
1987,5,2,14.292,0,1987-05-02
1987,5,4,14.241,0,1987-05-04
1987,5,6,14.118,0,1987-05-06
1987,5,8,13.996,0,1987-05-08
1987,5,10,13.932,0,1987-05-10
1987,5,12,13.886,0,1987-05-12
1987,5,14,13.806,0,1987-05-14
1987,5,16,13.735,0,1987-05-16
1987,5,18,13.72,0,1987-05-18
1987,5,20,13.596,0,1987-05-20
1987,5,22,13.406,0,1987-05-22
1987,5,24,13.417,0,1987-05-24
1987,5,26,13.423,0,1987-05-26
1987,5,28,13.342,0,1987-05-28
1987,5,30,13.234,0,1987-05-30
1987,6,1,13.042,0,1987-06-01
1987,6,3,12.995,0,1987-06-03
1987,6,5,12.866,0,1987-06-05
1987,6,7,12.739,0,1987-06-07
1987,6,9,12.677,0,1987-06-09
1987,6,11,12.658,0,1987-06-11
1987,6,13,12.553,0,1987-06-13
1987,6,15,12.482,0,1987-06-15
1987,6,17,12.474,0,1987-06-17
1987,6,19,12.396,0,1987-06-19
1987,6,21,12.288,0,1987-06-21
1987,6,23,12.217,0,1987-06-23
1987,6,25,12.067,0,1987-06-25
1987,6,27,11.956,0,1987-06-27
1987,6,29,11.875,0,1987-06-29
1987,7,1,11.423,0,1987-07-01
1987,7,3,11.329,0,1987-07-03
1987,7,5,11.232,0,1987-07-05
1987,7,7,11.126,0,1987-07-07
1987,7,9,11.021,0,1987-07-09
1987,7,11,10.819,0,1987-07-11
1987,7,13,10.632,0,1987-07-13
1987,7,15,10.525,0,1987-07-15
1987,7,17,10.312,0,1987-07-17
1987,7,19,10.068,0,1987-07-19
1987,7,21,9.89,0,1987-07-21
1987,7,23,9.711,0,1987-07-23
1987,7,25,9.62,0,1987-07-25
1987,7,27,9.469,0,1987-07-27
1987,7,29,9.165,0,1987-07-29
1987,7,31,8.979,0,1987-07-31
1987,8,2,8.67,0,1987-08-02
1987,8,4,8.371,0,1987-08-04
1987,8,6,8.242,0,1987-08-06
1987,8,8,8.165,0,1987-08-08
1987,8,10,8.072,0,1987-08-10
1987,8,12,7.793,0,1987-08-12
1987,8,14,7.557,0,1987-08-14
1987,8,16,7.382,0,1987-08-16
1987,8,18,7.39,0,1987-08-18
1987,8,20,7.319,0,1987-08-20
1987,8,21,7.21,0,1987-08-21
1987,8,22,7.21,0,1987-08-22
1987,8,23,7.265,0,1987-08-23
1987,8,24,7.216,0,1987-08-24
1987,8,25,7.157,0,1987-08-25
1987,8,26,7.145,0,1987-08-26
1987,8,27,7.079,0,1987-08-27
1987,8,28,7.123,0,1987-08-28
1987,8,29,7.041,0,1987-08-29
1987,8,30,7.019,0,1987-08-30
1987,8,31,7.072,0,1987-08-31
1987,9,1,6.967,0,1987-09-01
1987,9,2,6.89,0,1987-09-02
1987,9,3,6.909,0,1987-09-03
1987,9,4,7.008,0,1987-09-04
1987,9,5,7.041,0,1987-09-05
1987,9,6,7.059,0,1987-09-06
1987,9,7,7.087,0,1987-09-07
1987,9,8,7.041,0,1987-09-08
1987,9,9,7.145,0,1987-09-09
1987,9,10,7.106,0,1987-09-10
1987,9,11,7.121,0,1987-09-11
1987,9,12,7.127,0,1987-09-12
1987,9,13,7.174,0,1987-09-13
1987,9,14,7.19,0,1987-09-14
1987,9,15,7.177,0,1987-09-15
1987,9,16,7.117,0,1987-09-16
1987,9,17,7.223,0,1987-09-17
1987,9,18,7.205,0,1987-09-18
1987,9,19,7.233,0,1987-09-19
1987,9,20,7.353,0,1987-09-20
1987,9,21,7.397,0,1987-09-21
1987,9,22,7.459,0,1987-09-22
1987,9,23,7.51,0,1987-09-23
1987,9,24,7.571,0,1987-09-24
1987,9,25,7.648,0,1987-09-25
1987,9,26,7.665,0,1987-09-26
1987,9,27,7.653,0,1987-09-27
1987,9,28,7.694,0,1987-09-28
1987,9,29,7.757,0,1987-09-29
1987,9,30,7.834,0,1987-09-30
1987,10,1,8.039,0,1987-10-01
1987,10,2,8.221,0,1987-10-02
1987,10,3,8.311,0,1987-10-03
1987,10,4,8.508,0,1987-10-04
1987,10,5,8.486,0,1987-10-05
1987,10,6,8.587,0,1987-10-06
1987,10,7,8.635,0,1987-10-07
1987,10,8,8.675,0,1987-10-08
1987,10,9,8.691,0,1987-10-09
1987,10,10,8.851,0,1987-10-10
1987,10,11,8.874,0,1987-10-11
1987,10,12,8.837,0,1987-10-12
1987,10,13,8.984,0,1987-10-13
1987,10,14,9.088,0,1987-10-14
1987,10,15,8.996,0,1987-10-15
1987,10,16,8.997,0,1987-10-16
1987,10,17,9.04,0,1987-10-17
1987,10,18,9.046,0,1987-10-18
1987,10,19,9.141,0,1987-10-19
1987,10,20,9.228,0,1987-10-20
1987,10,21,9.322,0,1987-10-21
1987,10,22,9.441,0,1987-10-22
1987,10,23,9.471,0,1987-10-23
1987,10,24,9.498,0,1987-10-24
1987,10,25,9.468,0,1987-10-25
1987,10,26,9.448,0,1987-10-26
1987,10,27,9.478,0,1987-10-27
1987,10,28,9.587,0,1987-10-28
1987,10,29,9.709,0,1987-10-29
1987,10,30,9.867,0,1987-10-30
1987,10,31,9.988,0,1987-10-31
1987,11,1,10.163,0,1987-11-01
1987,11,2,10.214,0,1987-11-02
1987,11,3,10.256,0,1987-11-03
1987,11,4,10.297,0,1987-11-04
1987,11,5,10.381,0,1987-11-05
1987,11,6,10.404,0,1987-11-06
1987,11,7,10.482,0,1987-11-07
1987,11,8,10.599,0,1987-11-08
1987,11,9,10.679,0,1987-11-09
1987,11,10,10.771,0,1987-11-10
1987,11,11,10.89,0,1987-11-11
1987,11,12,10.973,0,1987-11-12
1987,11,13,11.139,0,1987-11-13
1987,11,14,11.203,0,1987-11-14
1987,11,15,11.302,0,1987-11-15
1987,11,16,11.436,0,1987-11-16
1987,11,17,11.508,0,1987-11-17
1987,11,18,11.448,0,1987-11-18
1987,11,19,11.485,0,1987-11-19
1987,11,20,11.592,0,1987-11-20
1987,11,21,11.635,0,1987-11-21
1987,11,22,11.712,0,1987-11-22
1987,11,23,11.745,0,1987-11-23
1987,11,24,11.847,0,1987-11-24
1987,11,25,11.934,0,1987-11-25
1987,11,26,12.003,0,1987-11-26
1987,11,27,12.073,0,1987-11-27
1987,11,28,12.137,0,1987-11-28
1987,11,29,12.185,0,1987-11-29
1987,11,30,12.228,0,1987-11-30
1987,12,1,12.497,0,1987-12-01
1987,12,2,12.584,0,1987-12-02
1988,1,13,14.826,0,1988-01-13
1988,1,14,14.854,0,1988-01-14
1988,1,15,14.973,0,1988-01-15
1988,1,16,14.987,0,1988-01-16
1988,1,17,15,0,1988-01-17
1988,1,18,15.051,0,1988-01-18
1988,1,19,15.047,0,1988-01-19
1988,1,20,15.049,0,1988-01-20
1988,1,21,15.113,0,1988-01-21
1988,1,22,15.09,0,1988-01-22
1988,1,23,15.085,0,1988-01-23
1988,1,24,15.022,0,1988-01-24
1988,1,25,15.02,0,1988-01-25
1988,1,26,15.115,0,1988-01-26
1988,1,27,15.163,0,1988-01-27
1988,1,28,15.241,0,1988-01-28
1988,1,29,15.278,0,1988-01-29
1988,1,30,15.362,0,1988-01-30
1988,1,31,15.443,0,1988-01-31
1988,2,1,15.56,0,1988-02-01
1988,2,2,15.568,0,1988-02-02
1988,2,3,15.462,0,1988-02-03
1988,2,4,15.479,0,1988-02-04
1988,2,5,15.413,0,1988-02-05
1988,2,6,15.448,0,1988-02-06
1988,2,7,15.313,0,1988-02-07
1988,2,8,15.309,0,1988-02-08
1988,2,9,15.276,0,1988-02-09
1988,2,10,15.304,0,1988-02-10
1988,2,11,15.292,0,1988-02-11
1988,2,12,15.326,0,1988-02-12
1988,2,13,15.332,0,1988-02-13
1988,2,14,15.363,0,1988-02-14
1988,2,15,15.379,0,1988-02-15
1988,2,16,15.476,0,1988-02-16
1988,2,17,15.443,0,1988-02-17
1988,2,18,15.471,0,1988-02-18
1988,2,19,15.546,0,1988-02-19
1988,2,20,15.639,0,1988-02-20
1988,2,21,15.73,0,1988-02-21
1988,2,22,15.831,0,1988-02-22
1988,2,23,16.015,0,1988-02-23
1988,2,24,15.906,0,1988-02-24
1988,2,25,15.836,0,1988-02-25
1988,2,26,15.962,0,1988-02-26
1988,2,27,16.017,0,1988-02-27
1988,2,28,16.111,0,1988-02-28
1988,2,29,16.111,0,1988-02-29
1988,3,1,16.129,0,1988-03-01
1988,3,2,16.162,0,1988-03-02
1988,3,3,16.179,0,1988-03-03
1988,3,4,16.099,0,1988-03-04
1988,3,5,16.137,0,1988-03-05
1988,3,6,16.169,0,1988-03-06
1988,3,7,16.24,0,1988-03-07
1988,3,8,16.247,0,1988-03-08
1988,3,9,16.244,0,1988-03-09
1988,3,10,16.309,0,1988-03-10
1988,3,11,16.296,0,1988-03-11
1988,3,12,16.276,0,1988-03-12
1988,3,13,16.182,0,1988-03-13
1988,3,14,16.013,0,1988-03-14
1988,3,15,15.983,0,1988-03-15
1988,3,16,15.96,0,1988-03-16
1988,3,17,15.847,0,1988-03-17
1988,3,18,15.871,0,1988-03-18
1988,3,19,15.835,0,1988-03-19
1988,3,20,15.815,0,1988-03-20
1988,3,21,15.758,0,1988-03-21
1988,3,22,15.861,0,1988-03-22
1988,3,23,15.781,0,1988-03-23
1988,3,24,15.743,0,1988-03-24
1988,3,25,15.702,0,1988-03-25
1988,3,26,15.748,0,1988-03-26
1988,3,27,15.737,0,1988-03-27
1988,3,28,15.676,0,1988-03-28
1988,3,29,15.63,0,1988-03-29
1988,3,30,15.522,0,1988-03-30
1988,3,31,15.523,0,1988-03-31
1988,4,1,15.523,0,1988-04-01
1988,4,2,15.562,0,1988-04-02
1988,4,3,15.598,0,1988-04-03
1988,4,4,15.601,0,1988-04-04
1988,4,5,15.534,0,1988-04-05
1988,4,6,15.514,0,1988-04-06
1988,4,7,15.536,0,1988-04-07
1988,4,8,15.49,0,1988-04-08
1988,4,9,15.489,0,1988-04-09
1988,4,10,15.447,0,1988-04-10
1988,4,11,15.341,0,1988-04-11
1988,4,12,15.273,0,1988-04-12
1988,4,13,15.193,0,1988-04-13
1988,4,14,15.179,0,1988-04-14
1988,4,15,15.164,0,1988-04-15
1988,4,16,15.152,0,1988-04-16
1988,4,17,15.107,0,1988-04-17
1988,4,18,15.031,0,1988-04-18
1988,4,19,15.062,0,1988-04-19
1988,4,20,15.037,0,1988-04-20
1988,4,21,14.91,0,1988-04-21
1988,4,22,14.917,0,1988-04-22
1988,4,23,14.829,0,1988-04-23
1988,4,24,14.62,0,1988-04-24
1988,4,25,14.617,0,1988-04-25
1988,4,26,14.584,0,1988-04-26
1988,4,27,14.637,0,1988-04-27
1988,4,28,14.635,0,1988-04-28
1988,4,29,14.578,0,1988-04-29
1988,4,30,14.54,0,1988-04-30
1988,5,1,14.362,0,1988-05-01
1988,5,2,14.318,0,1988-05-02
1988,5,3,14.298,0,1988-05-03
1988,5,4,14.234,0,1988-05-04
1988,5,5,14.159,0,1988-05-05
1988,5,6,14.112,0,1988-05-06
1988,5,7,14.057,0,1988-05-07
1988,5,8,14.02,0,1988-05-08
1988,5,9,13.957,0,1988-05-09
1988,5,10,13.909,0,1988-05-10
1988,5,11,13.827,0,1988-05-11
1988,5,12,13.765,0,1988-05-12
1988,5,13,13.696,0,1988-05-13
1988,5,14,13.657,0,1988-05-14
1988,5,15,13.599,0,1988-05-15
1988,5,16,13.589,0,1988-05-16
1988,5,17,13.513,0,1988-05-17
1988,5,18,13.486,0,1988-05-18
1988,5,19,13.391,0,1988-05-19
1988,5,20,13.289,0,1988-05-20
1988,5,21,13.224,0,1988-05-21
1988,5,22,13.17,0,1988-05-22
1988,5,23,13.125,0,1988-05-23
1988,5,24,13.098,0,1988-05-24
1988,5,25,13.078,0,1988-05-25
1988,5,26,13.034,0,1988-05-26
1988,5,27,12.983,0,1988-05-27
1988,5,28,12.918,0,1988-05-28
1988,5,29,12.871,0,1988-05-29
1988,5,30,12.828,0,1988-05-30
1988,5,31,12.82,0,1988-05-31
1988,6,1,12.608,0,1988-06-01
1988,6,2,12.527,0,1988-06-02
1988,6,3,12.448,0,1988-06-03
1988,6,4,12.451,0,1988-06-04
1988,6,5,12.454,0,1988-06-05
1988,6,6,12.411,0,1988-06-06
1988,6,7,12.384,0,1988-06-07
1988,6,8,12.336,0,1988-06-08
1988,6,9,12.211,0,1988-06-09
1988,6,10,12.177,0,1988-06-10
1988,6,11,12.183,0,1988-06-11
1988,6,12,12.116,0,1988-06-12
1988,6,13,12.048,0,1988-06-13
1988,6,14,12.044,0,1988-06-14
1988,6,15,12.045,0,1988-06-15
1988,6,16,11.961,0,1988-06-16
1988,6,17,11.978,0,1988-06-17
1988,6,18,11.869,0,1988-06-18
1988,6,19,11.803,0,1988-06-19
1988,6,20,11.739,0,1988-06-20
1988,6,21,11.752,0,1988-06-21
1988,6,22,11.693,0,1988-06-22
1988,6,23,11.571,0,1988-06-23
1988,6,24,11.543,0,1988-06-24
1988,6,25,11.635,0,1988-06-25
1988,6,26,11.39,0,1988-06-26
1988,6,27,11.376,0,1988-06-27
1988,6,28,11.267,0,1988-06-28
1988,6,29,11.145,0,1988-06-29
1988,6,30,11.138,0,1988-06-30
1988,7,1,10.98,0,1988-07-01
1988,7,2,10.919,0,1988-07-02
1988,7,3,10.885,0,1988-07-03
1988,7,4,10.769,0,1988-07-04
1988,7,5,10.712,0,1988-07-05
1988,7,6,10.61,0,1988-07-06
1988,7,7,10.49,0,1988-07-07
1988,7,8,10.387,0,1988-07-08
1988,7,9,10.306,0,1988-07-09
1988,7,10,10.267,0,1988-07-10
1988,7,11,10.218,0,1988-07-11
1988,7,12,10.141,0,1988-07-12
1988,7,13,9.982,0,1988-07-13
1988,7,14,9.939,0,1988-07-14
1988,7,15,9.765,0,1988-07-15
1988,7,16,9.738,0,1988-07-16
1988,7,17,9.719,0,1988-07-17
1988,7,18,9.673,0,1988-07-18
1988,7,19,9.568,0,1988-07-19
1988,7,20,9.527,0,1988-07-20
1988,7,21,9.459,0,1988-07-21
1988,7,22,9.376,0,1988-07-22
1988,7,23,9.191,0,1988-07-23
1988,7,24,9.045,0,1988-07-24
1988,7,25,9.095,0,1988-07-25
1988,7,26,9.09,0,1988-07-26
1988,7,27,8.995,0,1988-07-27
1988,7,28,8.925,0,1988-07-28
1988,7,29,8.803,0,1988-07-29
1988,7,30,8.778,0,1988-07-30
1988,7,31,8.717,0,1988-07-31
1988,8,1,8.588,0,1988-08-01
1988,8,2,8.518,0,1988-08-02
1988,8,3,8.478,0,1988-08-03
1988,8,4,8.427,0,1988-08-04
1988,8,5,8.382,0,1988-08-05
1988,8,6,8.413,0,1988-08-06
1988,8,7,8.355,0,1988-08-07
1988,8,8,8.399,0,1988-08-08
1988,8,9,8.27,0,1988-08-09
1988,8,10,8.107,0,1988-08-10
1988,8,11,8.114,0,1988-08-11
1988,8,12,8.017,0,1988-08-12
1988,8,13,8.005,0,1988-08-13
1988,8,14,7.949,0,1988-08-14
1988,8,15,7.922,0,1988-08-15
1988,8,16,7.865,0,1988-08-16
1988,8,17,7.84,0,1988-08-17
1988,8,18,7.731,0,1988-08-18
1988,8,19,7.719,0,1988-08-19
1988,8,20,7.735,0,1988-08-20
1988,8,21,7.719,0,1988-08-21
1988,8,22,7.635,0,1988-08-22
1988,8,23,7.524,0,1988-08-23
1988,8,24,7.5,0,1988-08-24
1988,8,25,7.372,0,1988-08-25
1988,8,26,7.442,0,1988-08-26
1988,8,27,7.442,0,1988-08-27
1988,8,28,7.298,0,1988-08-28
1988,8,29,7.264,0,1988-08-29
1988,8,30,7.302,0,1988-08-30
1988,8,31,7.307,0,1988-08-31
1988,9,1,7.189,0,1988-09-01
1988,9,2,7.217,0,1988-09-02
1988,9,3,7.205,0,1988-09-03
1988,9,4,7.183,0,1988-09-04
1988,9,5,7.18,0,1988-09-05
1988,9,6,7.181,0,1988-09-06
1988,9,7,7.213,0,1988-09-07
1988,9,8,7.144,0,1988-09-08
1988,9,9,7.175,0,1988-09-09
1988,9,10,7.121,0,1988-09-10
1988,9,11,7.048,0,1988-09-11
1988,9,12,7.144,0,1988-09-12
1988,9,13,7.198,0,1988-09-13
1988,9,14,7.208,0,1988-09-14
1988,9,15,7.276,0,1988-09-15
1988,9,16,7.294,0,1988-09-16
1988,9,17,7.394,0,1988-09-17
1988,9,18,7.409,0,1988-09-18
1988,9,19,7.438,0,1988-09-19
1988,9,20,7.449,0,1988-09-20
1988,9,21,7.455,0,1988-09-21
1988,9,22,7.462,0,1988-09-22
1988,9,23,7.5,0,1988-09-23
1988,9,24,7.477,0,1988-09-24
1988,9,25,7.57,0,1988-09-25
1988,9,26,7.653,0,1988-09-26
1988,9,27,7.669,0,1988-09-27
1988,9,28,7.766,0,1988-09-28
1988,9,29,7.873,0,1988-09-29
1988,9,30,7.979,0,1988-09-30
1988,10,1,8.069,0,1988-10-01
1988,10,2,8.185,0,1988-10-02
1988,10,3,8.155,0,1988-10-03
1988,10,4,8.232,0,1988-10-04
1988,10,5,8.305,0,1988-10-05
1988,10,6,8.482,0,1988-10-06
1988,10,7,8.575,0,1988-10-07
1988,10,8,8.649,0,1988-10-08
1988,10,9,8.675,0,1988-10-09
1988,10,10,8.77,0,1988-10-10
1988,10,11,8.81,0,1988-10-11
1988,10,12,8.868,0,1988-10-12
1988,10,13,8.959,0,1988-10-13
1988,10,14,9.171,0,1988-10-14
1988,10,15,9.289,0,1988-10-15
1988,10,16,9.358,0,1988-10-16
1988,10,17,9.34,0,1988-10-17
1988,10,18,9.34,0,1988-10-18
1988,10,19,9.377,0,1988-10-19
1988,10,20,9.421,0,1988-10-20
1988,10,21,9.445,0,1988-10-21
1988,10,22,9.537,0,1988-10-22
1988,10,23,9.561,0,1988-10-23
1988,10,24,9.61,0,1988-10-24
1988,10,25,9.7,0,1988-10-25
1988,10,26,9.797,0,1988-10-26
1988,10,27,9.828,0,1988-10-27
1988,10,28,9.8,0,1988-10-28
1988,10,29,9.879,0,1988-10-29
1988,10,30,9.978,0,1988-10-30
1988,10,31,10.021,0,1988-10-31
1988,11,1,10.162,0,1988-11-01
1988,11,2,10.21,0,1988-11-02
1988,11,3,10.36,0,1988-11-03
1988,11,4,10.373,0,1988-11-04
1988,11,5,10.391,0,1988-11-05
1988,11,6,10.436,0,1988-11-06
1988,11,7,10.555,0,1988-11-07
1988,11,8,10.642,0,1988-11-08
1988,11,9,10.767,0,1988-11-09
1988,11,10,10.895,0,1988-11-10
1988,11,11,10.951,0,1988-11-11
1988,11,12,11.069,0,1988-11-12
1988,11,13,11.175,0,1988-11-13
1988,11,14,11.297,0,1988-11-14
1988,11,15,11.397,0,1988-11-15
1988,11,16,11.512,0,1988-11-16
1988,11,17,11.511,0,1988-11-17
1988,11,18,11.523,0,1988-11-18
1988,11,19,11.574,0,1988-11-19
1988,11,20,11.667,0,1988-11-20
1988,11,21,11.761,0,1988-11-21
1988,11,22,11.913,0,1988-11-22
1988,11,23,11.997,0,1988-11-23
1988,11,24,12.055,0,1988-11-24
1988,11,25,12.096,0,1988-11-25
1988,11,26,12.116,0,1988-11-26
1988,11,27,12.203,0,1988-11-27
1988,11,28,12.326,0,1988-11-28
1988,11,29,12.465,0,1988-11-29
1988,11,30,12.526,0,1988-11-30
1988,12,1,12.699,0,1988-12-01
1988,12,2,12.704,0,1988-12-02
1988,12,3,12.827,0,1988-12-03
1988,12,4,12.905,0,1988-12-04
1988,12,5,13.008,0,1988-12-05
1988,12,6,13.117,0,1988-12-06
1988,12,7,13.181,0,1988-12-07
1988,12,8,13.292,0,1988-12-08
1988,12,9,13.303,0,1988-12-09
1988,12,10,13.374,0,1988-12-10
1988,12,11,13.437,0,1988-12-11
1988,12,12,13.512,0,1988-12-12
1988,12,13,13.629,0,1988-12-13
1988,12,14,13.695,0,1988-12-14
1988,12,15,13.746,0,1988-12-15
1988,12,16,13.749,0,1988-12-16
1988,12,17,13.778,0,1988-12-17
1988,12,18,13.747,0,1988-12-18
1988,12,19,13.819,0,1988-12-19
1988,12,20,13.815,0,1988-12-20
1988,12,21,13.919,0,1988-12-21
1988,12,22,13.976,0,1988-12-22
1988,12,23,14.099,0,1988-12-23
1988,12,24,14.071,0,1988-12-24
1988,12,25,14.103,0,1988-12-25
1988,12,26,14.124,0,1988-12-26
1988,12,27,14.116,0,1988-12-27
1988,12,28,14.115,0,1988-12-28
1988,12,29,14.141,0,1988-12-29
1988,12,30,14.18,0,1988-12-30
1988,12,31,14.211,0,1988-12-31
1989,1,1,14.261,0,1989-01-01
1989,1,2,14.313,0,1989-01-02
1989,1,3,14.402,0,1989-01-03
1989,1,4,14.417,0,1989-01-04
1989,1,5,14.381,0,1989-01-05
1989,1,6,14.359,0,1989-01-06
1989,1,7,14.42,0,1989-01-07
1989,1,8,14.548,0,1989-01-08
1989,1,9,14.701,0,1989-01-09
1989,1,10,14.755,0,1989-01-10
1989,1,11,14.819,0,1989-01-11
1989,1,12,14.886,0,1989-01-12
1989,1,13,14.921,0,1989-01-13
1989,1,14,14.997,0,1989-01-14
1989,1,15,15.011,0,1989-01-15
1989,1,16,14.956,0,1989-01-16
1989,1,17,15.012,0,1989-01-17
1989,1,18,15.08,0,1989-01-18
1989,1,19,15.166,0,1989-01-19
1989,1,20,15.165,0,1989-01-20
1989,1,21,15.265,0,1989-01-21
1989,1,22,15.288,0,1989-01-22
1989,1,23,15.378,0,1989-01-23
1989,1,24,15.369,0,1989-01-24
1989,1,25,15.38,0,1989-01-25
1989,1,26,15.373,0,1989-01-26
1989,1,27,15.43,0,1989-01-27
1989,1,28,15.502,0,1989-01-28
1989,1,29,15.364,0,1989-01-29
1989,1,30,15.319,0,1989-01-30
1989,1,31,15.361,0,1989-01-31
1989,2,1,15.386,0,1989-02-01
1989,2,2,15.427,0,1989-02-02
1989,2,3,15.454,0,1989-02-03
1989,2,4,15.378,0,1989-02-04
1989,2,5,15.482,0,1989-02-05
1989,2,6,15.463,0,1989-02-06
1989,2,7,15.485,0,1989-02-07
1989,2,8,15.515,0,1989-02-08
1989,2,9,15.577,0,1989-02-09
1989,2,10,15.594,0,1989-02-10
1989,2,11,15.473,0,1989-02-11
1989,2,12,15.383,0,1989-02-12
1989,2,13,15.424,0,1989-02-13
1989,2,14,15.465,0,1989-02-14
1989,2,15,15.503,0,1989-02-15
1989,2,16,15.368,0,1989-02-16
1989,2,17,15.314,0,1989-02-17
1989,2,18,15.396,0,1989-02-18
1989,2,19,15.455,0,1989-02-19
1989,2,20,15.469,0,1989-02-20
1989,2,21,15.467,0,1989-02-21
1989,2,22,15.534,0,1989-02-22
1989,2,23,15.571,0,1989-02-23
1989,2,24,15.638,0,1989-02-24
1989,2,25,15.664,0,1989-02-25
1989,2,26,15.655,0,1989-02-26
1989,2,27,15.68,0,1989-02-27
1989,2,28,15.655,0,1989-02-28
1989,3,1,15.557,0,1989-03-01
1989,3,2,15.607,0,1989-03-02
1989,3,3,15.686,0,1989-03-03
1989,3,4,15.72,0,1989-03-04
1989,3,5,15.689,0,1989-03-05
1989,3,6,15.766,0,1989-03-06
1989,3,7,15.646,0,1989-03-07
1989,3,8,15.564,0,1989-03-08
1989,3,9,15.442,0,1989-03-09
1989,3,10,15.388,0,1989-03-10
1989,3,11,15.409,0,1989-03-11
1989,3,12,15.295,0,1989-03-12
1989,3,13,15.367,0,1989-03-13
1989,3,14,15.385,0,1989-03-14
1989,3,15,15.413,0,1989-03-15
1989,3,16,15.338,0,1989-03-16
1989,3,17,15.295,0,1989-03-17
1989,3,18,15.308,0,1989-03-18
1989,3,19,15.4,0,1989-03-19
1989,3,20,15.431,0,1989-03-20
1989,3,21,15.464,0,1989-03-21
1989,3,22,15.397,0,1989-03-22
1989,3,23,15.362,0,1989-03-23
1989,3,24,15.329,0,1989-03-24
1989,3,25,15.283,0,1989-03-25
1989,3,26,15.235,0,1989-03-26
1989,3,27,15.238,0,1989-03-27
1989,3,28,15.302,0,1989-03-28
1989,3,29,15.277,0,1989-03-29
1989,3,30,15.281,0,1989-03-30
1989,3,31,15.248,0,1989-03-31
1989,4,1,15.116,0,1989-04-01
1989,4,2,14.993,0,1989-04-02
1989,4,3,14.933,0,1989-04-03
1989,4,4,15.029,0,1989-04-04
1989,4,5,15.012,0,1989-04-05
1989,4,6,14.968,0,1989-04-06
1989,4,7,14.857,0,1989-04-07
1989,4,8,14.772,0,1989-04-08
1989,4,9,14.724,0,1989-04-09
1989,4,10,14.656,0,1989-04-10
1989,4,11,14.648,0,1989-04-11
1989,4,12,14.591,0,1989-04-12
1989,4,13,14.516,0,1989-04-13
1989,4,14,14.349,0,1989-04-14
1989,4,15,14.37,0,1989-04-15
1989,4,16,14.265,0,1989-04-16
1989,4,17,14.239,0,1989-04-17
1989,4,18,14.064,0,1989-04-18
1989,4,19,14.004,0,1989-04-19
1989,4,20,13.996,0,1989-04-20
1989,4,21,13.959,0,1989-04-21
1989,4,22,13.963,0,1989-04-22
1989,4,23,13.929,0,1989-04-23
1989,4,24,13.898,0,1989-04-24
1989,4,25,13.794,0,1989-04-25
1989,4,26,13.754,0,1989-04-26
1989,4,27,13.679,0,1989-04-27
1989,4,28,13.627,0,1989-04-28
1989,4,29,13.577,0,1989-04-29
1989,4,30,13.57,0,1989-04-30
1989,5,1,13.363,0,1989-05-01
1989,5,2,13.342,0,1989-05-02
1989,5,3,13.369,0,1989-05-03
1989,5,4,13.319,0,1989-05-04
1989,5,5,13.252,0,1989-05-05
1989,5,6,13.25,0,1989-05-06
1989,5,7,13.24,0,1989-05-07
1989,5,8,13.247,0,1989-05-08
1989,5,9,13.189,0,1989-05-09
1989,5,10,13.187,0,1989-05-10
1989,5,11,13.122,0,1989-05-11
1989,5,12,13.094,0,1989-05-12
1989,5,13,13.058,0,1989-05-13
1989,5,14,13.084,0,1989-05-14
1989,5,15,13.051,0,1989-05-15
1989,5,16,13.008,0,1989-05-16
1989,5,17,12.975,0,1989-05-17
1989,5,18,12.922,0,1989-05-18
1989,5,19,13.027,0,1989-05-19
1989,5,20,12.96,0,1989-05-20
1989,5,21,12.923,0,1989-05-21
1989,5,22,12.886,0,1989-05-22
1989,5,23,12.874,0,1989-05-23
1989,5,24,12.856,0,1989-05-24
1989,5,25,12.878,0,1989-05-25
1989,5,26,12.849,0,1989-05-26
1989,5,27,12.853,0,1989-05-27
1989,5,28,12.807,0,1989-05-28
1989,5,29,12.823,0,1989-05-29
1989,5,30,12.766,0,1989-05-30
1989,5,31,12.794,0,1989-05-31
1989,6,1,12.729,0,1989-06-01
1989,6,2,12.687,0,1989-06-02
1989,6,3,12.643,0,1989-06-03
1989,6,4,12.638,0,1989-06-04
1989,6,5,12.641,0,1989-06-05
1989,6,6,12.601,0,1989-06-06
1989,6,7,12.561,0,1989-06-07
1989,6,8,12.541,0,1989-06-08
1989,6,9,12.506,0,1989-06-09
1989,6,10,12.452,0,1989-06-10
1989,6,11,12.422,0,1989-06-11
1989,6,12,12.455,0,1989-06-12
1989,6,13,12.414,0,1989-06-13
1989,6,14,12.341,0,1989-06-14
1989,6,15,12.336,0,1989-06-15
1989,6,16,12.308,0,1989-06-16
1989,6,17,12.235,0,1989-06-17
1989,6,18,12.233,0,1989-06-18
1989,6,19,12.171,0,1989-06-19
1989,6,20,12.118,0,1989-06-20
1989,6,21,12.066,0,1989-06-21
1989,6,22,11.966,0,1989-06-22
1989,6,23,11.957,0,1989-06-23
1989,6,24,11.927,0,1989-06-24
1989,6,25,11.892,0,1989-06-25
1989,6,26,11.804,0,1989-06-26
1989,6,27,11.749,0,1989-06-27
1989,6,28,11.692,0,1989-06-28
1989,6,29,11.635,0,1989-06-29
1989,6,30,11.616,0,1989-06-30
1989,7,1,11.34,0,1989-07-01
1989,7,2,11.277,0,1989-07-02
1989,7,3,11.128,0,1989-07-03
1989,7,4,11.164,0,1989-07-04
1989,7,5,11.068,0,1989-07-05
1989,7,6,11.002,0,1989-07-06
1989,7,7,10.914,0,1989-07-07
1989,7,8,10.86,0,1989-07-08
1989,7,9,10.861,0,1989-07-09
1989,7,10,10.711,0,1989-07-10
1989,7,11,10.633,0,1989-07-11
1989,7,12,10.597,0,1989-07-12
1989,7,13,10.514,0,1989-07-13
1989,7,14,10.3,0,1989-07-14
1989,7,15,10.199,0,1989-07-15
1989,7,16,10.165,0,1989-07-16
1989,7,17,10.104,0,1989-07-17
1989,7,18,9.99,0,1989-07-18
1989,7,19,9.837,0,1989-07-19
1989,7,20,9.662,0,1989-07-20
1989,7,21,9.627,0,1989-07-21
1989,7,22,9.607,0,1989-07-22
1989,7,23,9.497,0,1989-07-23
1989,7,24,9.419,0,1989-07-24
1989,7,25,9.338,0,1989-07-25
1989,7,26,9.304,0,1989-07-26
1989,7,27,9.13,0,1989-07-27
1989,7,28,9.099,0,1989-07-28
1989,7,29,8.953,0,1989-07-29
1989,7,30,8.861,0,1989-07-30
1989,7,31,8.86,0,1989-07-31
1989,8,1,8.83,0,1989-08-01
1989,8,2,8.765,0,1989-08-02
1989,8,3,8.69,0,1989-08-03
1989,8,4,8.548,0,1989-08-04
1989,8,5,8.474,0,1989-08-05
1989,8,6,8.417,0,1989-08-06
1989,8,7,8.319,0,1989-08-07
1989,8,8,8.295,0,1989-08-08
1989,8,9,8.237,0,1989-08-09
1989,8,10,8.195,0,1989-08-10
1989,8,11,8.113,0,1989-08-11
1989,8,12,8.048,0,1989-08-12
1989,8,13,8.02,0,1989-08-13
1989,8,14,7.93,0,1989-08-14
1989,8,15,7.887,0,1989-08-15
1989,8,16,7.906,0,1989-08-16
1989,8,17,7.844,0,1989-08-17
1989,8,18,7.783,0,1989-08-18
1989,8,19,7.605,0,1989-08-19
1989,8,20,7.527,0,1989-08-20
1989,8,21,7.469,0,1989-08-21
1989,8,22,7.407,0,1989-08-22
1989,8,23,7.443,0,1989-08-23
1989,8,24,7.457,0,1989-08-24
1989,8,25,7.459,0,1989-08-25
1989,8,26,7.475,0,1989-08-26
1989,8,27,7.354,0,1989-08-27
1989,8,28,7.351,0,1989-08-28
1989,8,29,7.182,0,1989-08-29
1989,8,30,7.157,0,1989-08-30
1989,8,31,7.148,0,1989-08-31
1989,9,1,7.088,0,1989-09-01
1989,9,2,7.075,0,1989-09-02
1989,9,3,7.082,0,1989-09-03
1989,9,4,7.003,0,1989-09-04
1989,9,5,6.998,0,1989-09-05
1989,9,6,6.991,0,1989-09-06
1989,9,7,6.959,0,1989-09-07
1989,9,8,6.98,0,1989-09-08
1989,9,9,6.95,0,1989-09-09
1989,9,10,6.907,0,1989-09-10
1989,9,11,6.903,0,1989-09-11
1989,9,12,6.922,0,1989-09-12
1989,9,13,6.908,0,1989-09-13
1989,9,14,6.907,0,1989-09-14
1989,9,15,6.894,0,1989-09-15
1989,9,16,6.968,0,1989-09-16
1989,9,17,6.95,0,1989-09-17
1989,9,18,6.964,0,1989-09-18
1989,9,19,6.976,0,1989-09-19
1989,9,20,6.901,0,1989-09-20
1989,9,21,6.918,0,1989-09-21
1989,9,22,6.888,0,1989-09-22
1989,9,23,6.917,0,1989-09-23
1989,9,24,6.979,0,1989-09-24
1989,9,25,7.053,0,1989-09-25
1989,9,26,7.197,0,1989-09-26
1989,9,27,7.229,0,1989-09-27
1989,9,28,7.267,0,1989-09-28
1989,9,29,7.213,0,1989-09-29
1989,9,30,7.263,0,1989-09-30
1989,10,1,7.453,0,1989-10-01
1989,10,2,7.493,0,1989-10-02
1989,10,3,7.588,0,1989-10-03
1989,10,4,7.684,0,1989-10-04
1989,10,5,7.687,0,1989-10-05
1989,10,6,7.776,0,1989-10-06
1989,10,7,7.917,0,1989-10-07
1989,10,8,8.011,0,1989-10-08
1989,10,9,8.077,0,1989-10-09
1989,10,10,8.145,0,1989-10-10
1989,10,11,8.263,0,1989-10-11
1989,10,12,8.448,0,1989-10-12
1989,10,13,8.6,0,1989-10-13
1989,10,14,8.591,0,1989-10-14
1989,10,15,8.664,0,1989-10-15
1989,10,16,8.791,0,1989-10-16
1989,10,17,8.897,0,1989-10-17
1989,10,18,9.098,0,1989-10-18
1989,10,19,9.255,0,1989-10-19
1989,10,20,9.331,0,1989-10-20
1989,10,21,9.424,0,1989-10-21
1989,10,22,9.524,0,1989-10-22
1989,10,23,9.622,0,1989-10-23
1989,10,24,9.688,0,1989-10-24
1989,10,25,9.735,0,1989-10-25
1989,10,26,9.844,0,1989-10-26
1989,10,27,9.925,0,1989-10-27
1989,10,28,9.965,0,1989-10-28
1989,10,29,10.042,0,1989-10-29
1989,10,30,10.086,0,1989-10-30
1989,10,31,10.072,0,1989-10-31
1989,11,1,10.213,0,1989-11-01
1989,11,2,10.294,0,1989-11-02
1989,11,3,10.302,0,1989-11-03
1989,11,4,10.348,0,1989-11-04
1989,11,5,10.395,0,1989-11-05
1989,11,6,10.419,0,1989-11-06
1989,11,7,10.412,0,1989-11-07
1989,11,8,10.461,0,1989-11-08
1989,11,9,10.593,0,1989-11-09
1989,11,10,10.696,0,1989-11-10
1989,11,11,10.697,0,1989-11-11
1989,11,12,10.667,0,1989-11-12
1989,11,13,10.713,0,1989-11-13
1989,11,14,10.794,0,1989-11-14
1989,11,15,10.903,0,1989-11-15
1989,11,16,10.842,0,1989-11-16
1989,11,17,10.972,0,1989-11-17
1989,11,18,11.049,0,1989-11-18
1989,11,19,11.123,0,1989-11-19
1989,11,20,11.262,0,1989-11-20
1989,11,21,11.469,0,1989-11-21
1989,11,22,11.577,0,1989-11-22
1989,11,23,11.737,0,1989-11-23
1989,11,24,11.919,0,1989-11-24
1989,11,25,12.037,0,1989-11-25
1989,11,26,12.117,0,1989-11-26
1989,11,27,12.196,0,1989-11-27
1989,11,28,12.334,0,1989-11-28
1989,11,29,12.417,0,1989-11-29
1989,11,30,12.499,0,1989-11-30
1989,12,1,12.597,0,1989-12-01
1989,12,2,12.705,0,1989-12-02
1989,12,3,12.85,0,1989-12-03
1989,12,4,12.988,0,1989-12-04
1989,12,5,13.01,0,1989-12-05
1989,12,6,13.018,0,1989-12-06
1989,12,7,13.059,0,1989-12-07
1989,12,8,13.083,0,1989-12-08
1989,12,9,13.186,0,1989-12-09
1989,12,10,13.173,0,1989-12-10
1989,12,11,13.255,0,1989-12-11
1989,12,12,13.323,0,1989-12-12
1989,12,13,13.292,0,1989-12-13
1989,12,14,13.32,0,1989-12-14
1989,12,15,13.335,0,1989-12-15
1989,12,16,13.284,0,1989-12-16
1989,12,17,13.337,0,1989-12-17
1989,12,18,13.468,0,1989-12-18
1989,12,19,13.521,0,1989-12-19
1989,12,20,13.555,0,1989-12-20
1989,12,21,13.575,0,1989-12-21
1989,12,22,13.564,0,1989-12-22
1989,12,23,13.655,0,1989-12-23
1989,12,24,13.746,0,1989-12-24
1989,12,25,13.758,0,1989-12-25
1989,12,26,13.771,0,1989-12-26
1989,12,27,13.768,0,1989-12-27
1989,12,28,13.889,0,1989-12-28
1989,12,29,13.88,0,1989-12-29
1989,12,30,13.927,0,1989-12-30
1989,12,31,14.099,0,1989-12-31
1990,1,1,14.319,0,1990-01-01
1990,1,2,14.384,0,1990-01-02
1990,1,3,14.283,0,1990-01-03
1990,1,4,14.321,0,1990-01-04
1990,1,5,14.303,0,1990-01-05
1990,1,6,14.407,0,1990-01-06
1990,1,7,14.497,0,1990-01-07
1990,1,8,14.54,0,1990-01-08
1990,1,9,14.623,0,1990-01-09
1990,1,10,14.663,0,1990-01-10
1990,1,11,14.66,0,1990-01-11
1990,1,12,14.716,0,1990-01-12
1990,1,13,14.685,0,1990-01-13
1990,1,14,14.74,0,1990-01-14
1990,1,15,14.728,0,1990-01-15
1990,1,16,14.671,0,1990-01-16
1990,1,17,14.741,0,1990-01-17
1990,1,18,14.899,0,1990-01-18
1990,1,19,14.959,0,1990-01-19
1990,1,20,15.004,0,1990-01-20
1990,1,21,14.977,0,1990-01-21
1990,1,22,15.018,0,1990-01-22
1990,1,23,15.023,0,1990-01-23
1990,1,24,14.983,0,1990-01-24
1990,1,25,15.021,0,1990-01-25
1990,1,26,15.194,0,1990-01-26
1990,1,27,15.074,0,1990-01-27
1990,1,28,15.083,0,1990-01-28
1990,1,29,15.17,0,1990-01-29
1990,1,30,15.257,0,1990-01-30
1990,1,31,15.318,0,1990-01-31
1990,2,1,15.351,0,1990-02-01
1990,2,2,15.39,0,1990-02-02
1990,2,3,15.383,0,1990-02-03
1990,2,4,15.36,0,1990-02-04
1990,2,5,15.38,0,1990-02-05
1990,2,6,15.277,0,1990-02-06
1990,2,7,15.311,0,1990-02-07
1990,2,8,15.369,0,1990-02-08
1990,2,9,15.404,0,1990-02-09
1990,2,10,15.598,0,1990-02-10
1990,2,11,15.627,0,1990-02-11
1990,2,12,15.527,0,1990-02-12
1990,2,13,15.433,0,1990-02-13
1990,2,14,15.433,0,1990-02-14
1990,2,15,15.445,0,1990-02-15
1990,2,16,15.539,0,1990-02-16
1990,2,17,15.612,0,1990-02-17
1990,2,18,15.64,0,1990-02-18
1990,2,19,15.658,0,1990-02-19
1990,2,20,15.753,0,1990-02-20
1990,2,21,15.678,0,1990-02-21
1990,2,22,15.681,0,1990-02-22
1990,2,23,15.705,0,1990-02-23
1990,2,24,15.79,0,1990-02-24
1990,2,25,15.842,0,1990-02-25
1990,2,26,15.938,0,1990-02-26
1990,2,27,16.022,0,1990-02-27
1990,2,28,16.044,0,1990-02-28
1990,3,1,16.021,0,1990-03-01
1990,3,2,16.058,0,1990-03-02
1990,3,3,16.066,0,1990-03-03
1990,3,4,16.084,0,1990-03-04
1990,3,5,16.06,0,1990-03-05
1990,3,6,16.001,0,1990-03-06
1990,3,7,15.961,0,1990-03-07
1990,3,8,15.992,0,1990-03-08
1990,3,9,16.083,0,1990-03-09
1990,3,10,16.095,0,1990-03-10
1990,3,11,16.167,0,1990-03-11
1990,3,12,16.249,0,1990-03-12
1990,3,13,16.2,0,1990-03-13
1990,3,14,16.173,0,1990-03-14
1990,3,15,16.059,0,1990-03-15
1990,3,16,15.98,0,1990-03-16
1990,3,17,15.859,0,1990-03-17
1990,3,18,15.739,0,1990-03-18
1990,3,19,15.715,0,1990-03-19
1990,3,20,15.627,0,1990-03-20
1990,3,21,15.683,0,1990-03-21
1990,3,22,15.734,0,1990-03-22
1990,3,23,15.771,0,1990-03-23
1990,3,24,15.74,0,1990-03-24
1990,3,25,15.609,0,1990-03-25
1990,3,26,15.564,0,1990-03-26
1990,3,27,15.479,0,1990-03-27
1990,3,28,15.483,0,1990-03-28
1990,3,29,15.526,0,1990-03-29
1990,3,30,15.54,0,1990-03-30
1990,3,31,15.551,0,1990-03-31
1990,4,1,15.533,0,1990-04-01
1990,4,2,15.483,0,1990-04-02
1990,4,3,15.551,0,1990-04-03
1990,4,4,15.524,0,1990-04-04
1990,4,5,15.455,0,1990-04-05
1990,4,6,15.402,0,1990-04-06
1990,4,7,15.393,0,1990-04-07
1990,4,8,15.275,0,1990-04-08
1990,4,9,15.037,0,1990-04-09
1990,4,10,14.897,0,1990-04-10
1990,4,11,14.85,0,1990-04-11
1990,4,12,14.743,0,1990-04-12
1990,4,13,14.664,0,1990-04-13
1990,4,14,14.673,0,1990-04-14
1990,4,15,14.627,0,1990-04-15
1990,4,16,14.566,0,1990-04-16
1990,4,17,14.384,0,1990-04-17
1990,4,18,14.303,0,1990-04-18
1990,4,19,14.247,0,1990-04-19
1990,4,20,14.364,0,1990-04-20
1990,4,21,14.322,0,1990-04-21
1990,4,22,14.268,0,1990-04-22
1990,4,23,14.212,0,1990-04-23
1990,4,24,14.162,0,1990-04-24
1990,4,25,14.051,0,1990-04-25
1990,4,26,14.04,0,1990-04-26
1990,4,27,13.981,0,1990-04-27
1990,4,28,13.85,0,1990-04-28
1990,4,29,13.798,0,1990-04-29
1990,4,30,13.847,0,1990-04-30
1990,5,1,13.621,0,1990-05-01
1990,5,2,13.587,0,1990-05-02
1990,5,3,13.571,0,1990-05-03
1990,5,4,13.563,0,1990-05-04
1990,5,5,13.6,0,1990-05-05
1990,5,6,13.614,0,1990-05-06
1990,5,7,13.609,0,1990-05-07
1990,5,8,13.556,0,1990-05-08
1990,5,9,13.502,0,1990-05-09
1990,5,10,13.432,0,1990-05-10
1990,5,11,13.423,0,1990-05-11
1990,5,12,13.419,0,1990-05-12
1990,5,13,13.31,0,1990-05-13
1990,5,14,13.277,0,1990-05-14
1990,5,15,13.284,0,1990-05-15
1990,5,16,13.284,0,1990-05-16
1990,5,17,13.217,0,1990-05-17
1990,5,18,13.218,0,1990-05-18
1990,5,19,13.167,0,1990-05-19
1990,5,20,13.185,0,1990-05-20
1990,5,21,13.155,0,1990-05-21
1990,5,22,13.04,0,1990-05-22
1990,5,23,12.969,0,1990-05-23
1990,5,24,12.972,0,1990-05-24
1990,5,25,12.922,0,1990-05-25
1990,5,26,12.871,0,1990-05-26
1990,5,27,12.794,0,1990-05-27
1990,5,28,12.776,0,1990-05-28
1990,5,29,12.753,0,1990-05-29
1990,5,30,12.705,0,1990-05-30
1990,5,31,12.605,0,1990-05-31
1990,6,1,12.361,0,1990-06-01
1990,6,2,12.258,0,1990-06-02
1990,6,3,12.257,0,1990-06-03
1990,6,4,12.16,0,1990-06-04
1990,6,5,12.145,0,1990-06-05
1990,6,6,12.107,0,1990-06-06
1990,6,7,12.056,0,1990-06-07
1990,6,8,12.002,0,1990-06-08
1990,6,9,11.952,0,1990-06-09
1990,6,10,11.927,0,1990-06-10
1990,6,11,11.849,0,1990-06-11
1990,6,12,11.773,0,1990-06-12
1990,6,13,11.765,0,1990-06-13
1990,6,14,11.751,0,1990-06-14
1990,6,15,11.75,0,1990-06-15
1990,6,16,11.682,0,1990-06-16
1990,6,17,11.59,0,1990-06-17
1990,6,18,11.497,0,1990-06-18
1990,6,19,11.487,0,1990-06-19
1990,6,20,11.372,0,1990-06-20
1990,6,21,11.336,0,1990-06-21
1990,6,22,11.34,0,1990-06-22
1990,6,23,11.308,0,1990-06-23
1990,6,24,11.229,0,1990-06-24
1990,6,25,11.164,0,1990-06-25
1990,6,26,11.116,0,1990-06-26
1990,6,27,11.088,0,1990-06-27
1990,6,28,11.049,0,1990-06-28
1990,6,29,10.991,0,1990-06-29
1990,6,30,10.855,0,1990-06-30
1990,7,1,10.624,0,1990-07-01
1990,7,2,10.571,0,1990-07-02
1990,7,3,10.49,0,1990-07-03
1990,7,4,10.438,0,1990-07-04
1990,7,5,10.328,0,1990-07-05
1990,7,6,10.305,0,1990-07-06
1990,7,7,10.21,0,1990-07-07
1990,7,8,10.079,0,1990-07-08
1990,7,9,10.043,0,1990-07-09
1990,7,10,9.881,0,1990-07-10
1990,7,11,9.815,0,1990-07-11
1990,7,12,9.711,0,1990-07-12
1990,7,13,9.599,0,1990-07-13
1990,7,14,9.548,0,1990-07-14
1990,7,15,9.284,0,1990-07-15
1990,7,16,9.16,0,1990-07-16
1990,7,17,9.084,0,1990-07-17
1990,7,18,9.04,0,1990-07-18
1990,7,19,8.949,0,1990-07-19
1990,7,20,8.86,0,1990-07-20
1990,7,21,8.813,0,1990-07-21
1990,7,22,8.759,0,1990-07-22
1990,7,23,8.569,0,1990-07-23
1990,7,24,8.451,0,1990-07-24
1990,7,25,8.312,0,1990-07-25
1990,7,26,8.208,0,1990-07-26
1990,7,27,8.095,0,1990-07-27
1990,7,28,7.912,0,1990-07-28
1990,7,29,7.891,0,1990-07-29
1990,7,30,7.864,0,1990-07-30
1990,7,31,7.752,0,1990-07-31
1990,8,1,7.686,0,1990-08-01
1990,8,2,7.536,0,1990-08-02
1990,8,3,7.52,0,1990-08-03
1990,8,4,7.505,0,1990-08-04
1990,8,5,7.368,0,1990-08-05
1990,8,6,7.307,0,1990-08-06
1990,8,7,7.15,0,1990-08-07
1990,8,8,7.164,0,1990-08-08
1990,8,9,7.098,0,1990-08-09
1990,8,10,7.068,0,1990-08-10
1990,8,11,7.018,0,1990-08-11
1990,8,12,7.007,0,1990-08-12
1990,8,13,6.924,0,1990-08-13
1990,8,14,6.891,0,1990-08-14
1990,8,15,6.861,0,1990-08-15
1990,8,16,6.723,0,1990-08-16
1990,8,17,6.649,0,1990-08-17
1990,8,18,6.607,0,1990-08-18
1990,8,19,6.6,0,1990-08-19
1990,8,20,6.511,0,1990-08-20
1990,8,21,6.564,0,1990-08-21
1990,8,22,6.46,0,1990-08-22
1990,8,23,6.41,0,1990-08-23
1990,8,24,6.359,0,1990-08-24
1990,8,25,6.318,0,1990-08-25
1990,8,26,6.274,0,1990-08-26
1990,8,27,6.254,0,1990-08-27
1990,8,28,6.238,0,1990-08-28
1990,8,29,6.21,0,1990-08-29
1990,8,30,6.231,0,1990-08-30
1990,8,31,6.211,0,1990-08-31
1990,9,1,6.198,0,1990-09-01
1990,9,2,6.191,0,1990-09-02
1990,9,3,6.207,0,1990-09-03
1990,9,4,6.116,0,1990-09-04
1990,9,5,6.141,0,1990-09-05
1990,9,6,6.162,0,1990-09-06
1990,9,7,6.127,0,1990-09-07
1990,9,8,6.161,0,1990-09-08
1990,9,9,6.197,0,1990-09-09
1990,9,10,6.117,0,1990-09-10
1990,9,11,6.094,0,1990-09-11
1990,9,12,6.147,0,1990-09-12
1990,9,13,6.103,0,1990-09-13
1990,9,14,6.111,0,1990-09-14
1990,9,15,6.131,0,1990-09-15
1990,9,16,6.089,0,1990-09-16
1990,9,17,6.133,0,1990-09-17
1990,9,18,6.035,0,1990-09-18
1990,9,19,6.031,0,1990-09-19
1990,9,20,6.066,0,1990-09-20
1990,9,21,6.011,0,1990-09-21
1990,9,22,6.039,0,1990-09-22
1990,9,23,6.074,0,1990-09-23
1990,9,24,6.125,0,1990-09-24
1990,9,25,6.141,0,1990-09-25
1990,9,26,6.135,0,1990-09-26
1990,9,27,6.174,0,1990-09-27
1990,9,28,6.252,0,1990-09-28
1990,9,29,6.338,0,1990-09-29
1990,9,30,6.438,0,1990-09-30
1990,10,1,6.626,0,1990-10-01
1990,10,2,6.74,0,1990-10-02
1990,10,3,6.879,0,1990-10-03
1990,10,4,7.063,0,1990-10-04
1990,10,5,7.172,0,1990-10-05
1990,10,6,7.196,0,1990-10-06
1990,10,7,7.242,0,1990-10-07
1990,10,8,7.294,0,1990-10-08
1990,10,9,7.472,0,1990-10-09
1990,10,10,7.608,0,1990-10-10
1990,10,11,7.692,0,1990-10-11
1990,10,12,7.846,0,1990-10-12
1990,10,13,7.943,0,1990-10-13
1990,10,14,8.137,0,1990-10-14
1990,10,15,8.409,0,1990-10-15
1990,10,16,8.551,0,1990-10-16
1990,10,17,8.722,0,1990-10-17
1990,10,18,8.977,0,1990-10-18
1990,10,19,9.102,0,1990-10-19
1990,10,20,9.297,0,1990-10-20
1990,10,21,9.452,0,1990-10-21
1990,10,22,9.549,0,1990-10-22
1990,10,23,9.595,0,1990-10-23
1990,10,24,9.579,0,1990-10-24
1990,10,25,9.665,0,1990-10-25
1990,10,26,9.757,0,1990-10-26
1990,10,27,9.827,0,1990-10-27
1990,10,28,9.854,0,1990-10-28
1990,10,29,9.878,0,1990-10-29
1990,10,30,9.906,0,1990-10-30
1990,10,31,10.003,0,1990-10-31
1990,11,1,10.155,0,1990-11-01
1990,11,2,10.279,0,1990-11-02
1990,11,3,10.317,0,1990-11-03
1990,11,4,10.266,0,1990-11-04
1990,11,5,10.337,0,1990-11-05
1990,11,6,10.396,0,1990-11-06
1990,11,7,10.521,0,1990-11-07
1990,11,8,10.643,0,1990-11-08
1990,11,9,10.696,0,1990-11-09
1990,11,10,10.775,0,1990-11-10
1990,11,11,10.822,0,1990-11-11
1990,11,12,10.831,0,1990-11-12
1990,11,13,10.928,0,1990-11-13
1990,11,14,10.956,0,1990-11-14
1990,11,15,11.018,0,1990-11-15
1990,11,16,11.105,0,1990-11-16
1990,11,17,11.19,0,1990-11-17
1990,11,18,11.209,0,1990-11-18
1990,11,19,11.248,0,1990-11-19
1990,11,20,11.279,0,1990-11-20
1990,11,21,11.503,0,1990-11-21
1990,11,22,11.529,0,1990-11-22
1990,11,23,11.535,0,1990-11-23
1990,11,24,11.557,0,1990-11-24
1990,11,25,11.68,0,1990-11-25
1990,11,26,11.689,0,1990-11-26
1990,11,27,11.763,0,1990-11-27
1990,11,28,11.91,0,1990-11-28
1990,11,29,12.056,0,1990-11-29
1990,11,30,12.063,0,1990-11-30
1990,12,1,12.279,0,1990-12-01
1990,12,2,12.422,0,1990-12-02
1990,12,3,12.47,0,1990-12-03
1990,12,4,12.548,0,1990-12-04
1990,12,5,12.643,0,1990-12-05
1990,12,6,12.653,0,1990-12-06
1990,12,7,12.613,0,1990-12-07
1990,12,8,12.683,0,1990-12-08
1990,12,9,12.756,0,1990-12-09
1990,12,10,12.818,0,1990-12-10
1990,12,11,12.845,0,1990-12-11
1990,12,12,12.915,0,1990-12-12
1990,12,13,13.019,0,1990-12-13
1990,12,14,13.106,0,1990-12-14
1990,12,15,13.158,0,1990-12-15
1990,12,16,13.226,0,1990-12-16
1990,12,17,13.353,0,1990-12-17
1990,12,18,13.28,0,1990-12-18
1990,12,19,13.324,0,1990-12-19
1990,12,20,13.417,0,1990-12-20
1990,12,21,13.525,0,1990-12-21
1990,12,22,13.563,0,1990-12-22
1990,12,23,13.62,0,1990-12-23
1990,12,24,13.62,0,1990-12-24
1990,12,25,13.601,0,1990-12-25
1990,12,26,13.541,0,1990-12-26
1990,12,27,13.48,0,1990-12-27
1990,12,28,13.432,0,1990-12-28
1990,12,29,13.439,0,1990-12-29
1990,12,30,13.437,0,1990-12-30
1990,12,31,13.486,0,1990-12-31
1991,1,1,13.634,0,1991-01-01
1991,1,2,13.831,0,1991-01-02
1991,1,3,13.847,0,1991-01-03
1991,1,4,13.858,0,1991-01-04
1991,1,5,13.872,0,1991-01-05
1991,1,6,13.958,0,1991-01-06
1991,1,7,13.976,0,1991-01-07
1991,1,8,13.985,0,1991-01-08
1991,1,9,14.071,0,1991-01-09
1991,1,10,14.141,0,1991-01-10
1991,1,11,14.205,0,1991-01-11
1991,1,12,14.212,0,1991-01-12
1991,1,13,14.348,0,1991-01-13
1991,1,14,14.346,0,1991-01-14
1991,1,15,14.389,0,1991-01-15
1991,1,16,14.404,0,1991-01-16
1991,1,17,14.468,0,1991-01-17
1991,1,18,14.458,0,1991-01-18
1991,1,19,14.561,0,1991-01-19
1991,1,20,14.577,0,1991-01-20
1991,1,21,14.635,0,1991-01-21
1991,1,22,14.642,0,1991-01-22
1991,1,23,14.711,0,1991-01-23
1991,1,24,14.715,0,1991-01-24
1991,1,25,14.789,0,1991-01-25
1991,1,26,14.742,0,1991-01-26
1991,1,27,14.753,0,1991-01-27
1991,1,28,14.762,0,1991-01-28
1991,1,29,14.744,0,1991-01-29
1991,1,30,14.813,0,1991-01-30
1991,1,31,14.831,0,1991-01-31
1991,2,1,14.852,0,1991-02-01
1991,2,2,14.84,0,1991-02-02
1991,2,3,14.86,0,1991-02-03
1991,2,4,14.779,0,1991-02-04
1991,2,5,14.855,0,1991-02-05
1991,2,6,14.849,0,1991-02-06
1991,2,7,14.886,0,1991-02-07
1991,2,8,14.955,0,1991-02-08
1991,2,9,15.018,0,1991-02-09
1991,2,10,15.066,0,1991-02-10
1991,2,11,15.12,0,1991-02-11
1991,2,12,15.169,0,1991-02-12
1991,2,13,15.28,0,1991-02-13
1991,2,14,15.347,0,1991-02-14
1991,2,15,15.372,0,1991-02-15
1991,2,16,15.388,0,1991-02-16
1991,2,17,15.412,0,1991-02-17
1991,2,18,15.417,0,1991-02-18
1991,2,19,15.499,0,1991-02-19
1991,2,20,15.56,0,1991-02-20
1991,2,21,15.467,0,1991-02-21
1991,2,22,15.459,0,1991-02-22
1991,2,23,15.596,0,1991-02-23
1991,2,24,15.575,0,1991-02-24
1991,2,25,15.647,0,1991-02-25
1991,2,26,15.586,0,1991-02-26
1991,2,27,15.6,0,1991-02-27
1991,2,28,15.529,0,1991-02-28
1991,3,1,15.488,0,1991-03-01
1991,3,2,15.509,0,1991-03-02
1991,3,3,15.422,0,1991-03-03
1991,3,4,15.326,0,1991-03-04
1991,3,5,15.352,0,1991-03-05
1991,3,6,15.437,0,1991-03-06
1991,3,7,15.39,0,1991-03-07
1991,3,8,15.51,0,1991-03-08
1991,3,9,15.487,0,1991-03-09
1991,3,10,15.472,0,1991-03-10
1991,3,11,15.454,0,1991-03-11
1991,3,12,15.436,0,1991-03-12
1991,3,13,15.459,0,1991-03-13
1991,3,14,15.501,0,1991-03-14
1991,3,15,15.472,0,1991-03-15
1991,3,16,15.521,0,1991-03-16
1991,3,17,15.48,0,1991-03-17
1991,3,18,15.499,0,1991-03-18
1991,3,19,15.536,0,1991-03-19
1991,3,20,15.448,0,1991-03-20
1991,3,21,15.379,0,1991-03-21
1991,3,22,15.361,0,1991-03-22
1991,3,23,15.27,0,1991-03-23
1991,3,24,15.325,0,1991-03-24
1991,3,25,15.388,0,1991-03-25
1991,3,26,15.371,0,1991-03-26
1991,3,27,15.221,0,1991-03-27
1991,3,28,15.221,0,1991-03-28
1991,3,29,15.282,0,1991-03-29
1991,3,30,15.432,0,1991-03-30
1991,3,31,15.451,0,1991-03-31
1991,4,1,15.482,0,1991-04-01
1991,4,2,15.463,0,1991-04-02
1991,4,3,15.41,0,1991-04-03
1991,4,4,15.363,0,1991-04-04
1991,4,5,15.372,0,1991-04-05
1991,4,6,15.355,0,1991-04-06
1991,4,7,15.278,0,1991-04-07
1991,4,8,15.265,0,1991-04-08
1991,4,9,15.196,0,1991-04-09
1991,4,10,15.116,0,1991-04-10
1991,4,11,14.983,0,1991-04-11
1991,4,12,14.939,0,1991-04-12
1991,4,13,14.891,0,1991-04-13
1991,4,14,14.899,0,1991-04-14
1991,4,15,14.85,0,1991-04-15
1991,4,16,14.787,0,1991-04-16
1991,4,17,14.81,0,1991-04-17
1991,4,18,14.753,0,1991-04-18
1991,4,19,14.635,0,1991-04-19
1991,4,20,14.63,0,1991-04-20
1991,4,21,14.62,0,1991-04-21
1991,4,22,14.606,0,1991-04-22
1991,4,23,14.583,0,1991-04-23
1991,4,24,14.519,0,1991-04-24
1991,4,25,14.478,0,1991-04-25
1991,4,26,14.418,0,1991-04-26
1991,4,27,14.34,0,1991-04-27
1991,4,28,14.249,0,1991-04-28
1991,4,29,14.273,0,1991-04-29
1991,4,30,14.229,0,1991-04-30
1991,5,1,14.068,0,1991-05-01
1991,5,2,14.01,0,1991-05-02
1991,5,3,13.944,0,1991-05-03
1991,5,4,13.945,0,1991-05-04
1991,5,5,13.862,0,1991-05-05
1991,5,6,13.815,0,1991-05-06
1991,5,7,13.801,0,1991-05-07
1991,5,8,13.756,0,1991-05-08
1991,5,9,13.702,0,1991-05-09
1991,5,10,13.677,0,1991-05-10
1991,5,11,13.612,0,1991-05-11
1991,5,12,13.667,0,1991-05-12
1991,5,13,13.62,0,1991-05-13
1991,5,14,13.56,0,1991-05-14
1991,5,15,13.474,0,1991-05-15
1991,5,16,13.495,0,1991-05-16
1991,5,17,13.48,0,1991-05-17
1991,5,18,13.394,0,1991-05-18
1991,5,19,13.35,0,1991-05-19
1991,5,20,13.314,0,1991-05-20
1991,5,21,13.266,0,1991-05-21
1991,5,22,13.192,0,1991-05-22
1991,5,23,13.196,0,1991-05-23
1991,5,24,13.144,0,1991-05-24
1991,5,25,13.122,0,1991-05-25
1991,5,26,13.104,0,1991-05-26
1991,5,27,13.073,0,1991-05-27
1991,5,28,13.038,0,1991-05-28
1991,5,29,13.051,0,1991-05-29
1991,5,30,12.97,0,1991-05-30
1991,5,31,12.965,0,1991-05-31
1991,6,1,12.781,0,1991-06-01
1991,6,2,12.756,0,1991-06-02
1991,6,3,12.755,0,1991-06-03
1991,6,4,12.707,0,1991-06-04
1991,6,5,12.667,0,1991-06-05
1991,6,6,12.623,0,1991-06-06
1991,6,7,12.556,0,1991-06-07
1991,6,8,12.526,0,1991-06-08
1991,6,9,12.425,0,1991-06-09
1991,6,10,12.346,0,1991-06-10
1991,6,11,12.251,0,1991-06-11
1991,6,12,12.271,0,1991-06-12
1991,6,13,12.263,0,1991-06-13
1991,6,14,12.197,0,1991-06-14
1991,6,15,12.116,0,1991-06-15
1991,6,16,12.063,0,1991-06-16
1991,6,17,12.026,0,1991-06-17
1991,6,18,11.959,0,1991-06-18
1991,6,19,11.946,0,1991-06-19
1991,6,20,11.931,0,1991-06-20
1991,6,21,11.877,0,1991-06-21
1991,6,22,11.904,0,1991-06-22
1991,6,23,11.821,0,1991-06-23
1991,6,24,11.674,0,1991-06-24
1991,6,25,11.629,0,1991-06-25
1991,6,26,11.646,0,1991-06-26
1991,6,27,11.495,0,1991-06-27
1991,6,28,11.433,0,1991-06-28
1991,6,29,11.319,0,1991-06-29
1991,6,30,11.278,0,1991-06-30
1991,7,1,10.992,0,1991-07-01
1991,7,2,10.885,0,1991-07-02
1991,7,3,10.79,0,1991-07-03
1991,7,4,10.72,0,1991-07-04
1991,7,5,10.58,0,1991-07-05
1991,7,6,10.306,0,1991-07-06
1991,7,7,10.212,0,1991-07-07
1991,7,8,10.242,0,1991-07-08
1991,7,9,10.173,0,1991-07-09
1991,7,10,10.023,0,1991-07-10
1991,7,11,10.07,0,1991-07-11
1991,7,12,9.852,0,1991-07-12
1991,7,13,9.758,0,1991-07-13
1991,7,14,9.594,0,1991-07-14
1991,7,15,9.491,0,1991-07-15
1991,7,16,9.458,0,1991-07-16
1991,7,17,9.307,0,1991-07-17
1991,7,18,9.216,0,1991-07-18
1991,7,19,9.213,0,1991-07-19
1991,7,20,9.197,0,1991-07-20
1991,7,21,9.049,0,1991-07-21
1991,7,22,9.006,0,1991-07-22
1991,7,23,8.944,0,1991-07-23
1991,7,24,8.891,0,1991-07-24
1991,7,25,8.829,0,1991-07-25
1991,7,26,8.603,0,1991-07-26
1991,7,27,8.513,0,1991-07-27
1991,7,28,8.405,0,1991-07-28
1991,7,29,8.323,0,1991-07-29
1991,7,30,8.224,0,1991-07-30
1991,7,31,8.069,0,1991-07-31
1991,8,1,7.969,0,1991-08-01
1991,8,2,7.98,0,1991-08-02
1991,8,3,7.859,0,1991-08-03
1991,8,4,7.744,0,1991-08-04
1991,8,5,7.788,0,1991-08-05
1991,8,6,7.811,0,1991-08-06
1991,8,7,7.715,0,1991-08-07
1991,8,8,7.722,0,1991-08-08
1991,8,9,7.731,0,1991-08-09
1991,8,10,7.642,0,1991-08-10
1991,8,11,7.629,0,1991-08-11
1991,8,12,7.586,0,1991-08-12
1991,8,13,7.516,0,1991-08-13
1991,8,14,7.464,0,1991-08-14
1991,8,15,7.466,0,1991-08-15
1991,8,16,7.465,0,1991-08-16
1991,8,17,7.404,0,1991-08-17
1991,8,18,7.306,0,1991-08-18
1991,8,19,7.349,0,1991-08-19
1991,8,20,7.33,0,1991-08-20
1991,8,21,7.23,0,1991-08-21
1991,8,22,7.218,0,1991-08-22
1991,8,23,7.185,0,1991-08-23
1991,8,24,7.102,0,1991-08-24
1991,8,25,7.151,0,1991-08-25
1991,8,26,7.02,0,1991-08-26
1991,8,27,6.97,0,1991-08-27
1991,8,28,6.976,0,1991-08-28
1991,8,29,6.889,0,1991-08-29
1991,8,30,6.873,0,1991-08-30
1991,8,31,6.786,0,1991-08-31
1991,9,1,6.766,0,1991-09-01
1991,9,2,6.706,0,1991-09-02
1991,9,3,6.797,0,1991-09-03
1991,9,4,6.796,0,1991-09-04
1991,9,5,6.728,0,1991-09-05
1991,9,6,6.617,0,1991-09-06
1991,9,7,6.516,0,1991-09-07
1991,9,8,6.465,0,1991-09-08
1991,9,9,6.464,0,1991-09-09
1991,9,10,6.445,0,1991-09-10
1991,9,11,6.434,0,1991-09-11
1991,9,12,6.369,0,1991-09-12
1991,9,13,6.35,0,1991-09-13
1991,9,14,6.28,0,1991-09-14
1991,9,15,6.284,0,1991-09-15
1991,9,16,6.259,0,1991-09-16
1991,9,17,6.367,0,1991-09-17
1991,9,18,6.319,0,1991-09-18
1991,9,19,6.384,0,1991-09-19
1991,9,20,6.386,0,1991-09-20
1991,9,21,6.325,0,1991-09-21
1991,9,22,6.297,0,1991-09-22
1991,9,23,6.33,0,1991-09-23
1991,9,24,6.411,0,1991-09-24
1991,9,25,6.416,0,1991-09-25
1991,9,26,6.431,0,1991-09-26
1991,9,27,6.432,0,1991-09-27
1991,9,28,6.511,0,1991-09-28
1991,9,29,6.602,0,1991-09-29
1991,9,30,6.7,0,1991-09-30
1991,10,1,6.85,0,1991-10-01
1991,10,2,6.988,0,1991-10-02
1991,10,3,7.027,0,1991-10-03
1991,10,4,7.16,0,1991-10-04
1991,10,5,7.25,0,1991-10-05
1991,10,6,7.35,0,1991-10-06
1991,10,7,7.499,0,1991-10-07
1991,10,8,7.579,0,1991-10-08
1991,10,9,7.713,0,1991-10-09
1991,10,10,7.811,0,1991-10-10
1991,10,11,8.002,0,1991-10-11
1991,10,12,8.243,0,1991-10-12
1991,10,13,8.448,0,1991-10-13
1991,10,14,8.609,0,1991-10-14
1991,10,15,8.798,0,1991-10-15
1991,10,16,8.924,0,1991-10-16
1991,10,17,8.999,0,1991-10-17
1991,10,18,9.184,0,1991-10-18
1991,10,19,9.174,0,1991-10-19
1991,10,20,9.194,0,1991-10-20
1991,10,21,9.252,0,1991-10-21
1991,10,22,9.257,0,1991-10-22
1991,10,23,9.309,0,1991-10-23
1991,10,24,9.348,0,1991-10-24
1991,10,25,9.318,0,1991-10-25
1991,10,26,9.404,0,1991-10-26
1991,10,27,9.511,0,1991-10-27
1991,10,28,9.576,0,1991-10-28
1991,10,29,9.671,0,1991-10-29
1991,10,30,9.64,0,1991-10-30
1991,10,31,9.696,0,1991-10-31
1991,11,1,9.854,0,1991-11-01
1991,11,2,9.984,0,1991-11-02
1991,11,3,10.048,0,1991-11-03
1991,11,4,10.052,0,1991-11-04
1991,11,5,10.161,0,1991-11-05
1991,11,6,10.236,0,1991-11-06
1991,11,7,10.294,0,1991-11-07
1991,11,8,10.412,0,1991-11-08
1991,11,9,10.53,0,1991-11-09
1991,11,10,10.619,0,1991-11-10
1991,11,11,10.653,0,1991-11-11
1991,11,12,10.718,0,1991-11-12
1991,11,13,10.773,0,1991-11-13
1991,11,14,10.769,0,1991-11-14
1991,11,15,10.779,0,1991-11-15
1991,11,16,10.948,0,1991-11-16
1991,11,17,10.946,0,1991-11-17
1991,11,18,10.985,0,1991-11-18
1991,11,19,11.077,0,1991-11-19
1991,11,20,11.133,0,1991-11-20
1991,11,21,11.202,0,1991-11-21
1991,11,22,11.287,0,1991-11-22
1991,11,23,11.396,0,1991-11-23
1991,11,24,11.512,0,1991-11-24
1991,11,25,11.615,0,1991-11-25
1991,11,26,11.681,0,1991-11-26
1991,11,27,11.667,0,1991-11-27
1991,11,28,11.718,0,1991-11-28
1991,11,29,11.725,0,1991-11-29
1991,11,30,11.764,0,1991-11-30
1991,12,1,12.026,0,1991-12-01
1991,12,2,12.078,0,1991-12-02
1991,12,3,12.104,0,1991-12-03
1991,12,4,12.217,0,1991-12-04
1991,12,5,12.3,0,1991-12-05
1991,12,6,12.331,0,1991-12-06
1991,12,7,12.377,0,1991-12-07
1991,12,8,12.49,0,1991-12-08
1991,12,9,12.517,0,1991-12-09
1991,12,10,12.526,0,1991-12-10
1991,12,11,12.58,0,1991-12-11
1991,12,12,12.606,0,1991-12-12
1991,12,13,12.808,0,1991-12-13
1991,12,14,12.836,0,1991-12-14
1991,12,15,12.907,0,1991-12-15
1991,12,16,12.969,0,1991-12-16
1991,12,17,12.994,0,1991-12-17
1991,12,18,13.13,0,1991-12-18
1991,12,19,13.083,0,1991-12-19
1991,12,20,13.098,0,1991-12-20
1991,12,21,13.14,0,1991-12-21
1991,12,22,13.215,0,1991-12-22
1991,12,23,13.367,0,1991-12-23
1991,12,24,13.346,0,1991-12-24
1991,12,25,13.465,0,1991-12-25
1991,12,26,13.597,0,1991-12-26
1991,12,27,13.658,0,1991-12-27
1991,12,28,13.8,0,1991-12-28
1991,12,29,13.954,0,1991-12-29
1991,12,30,13.885,0,1991-12-30
1991,12,31,13.894,0,1991-12-31
1992,1,1,14.069,0,1992-01-01
1992,1,2,14.092,0,1992-01-02
1992,1,3,14.141,0,1992-01-03
1992,1,4,14.072,0,1992-01-04
1992,1,5,14.185,0,1992-01-05
1992,1,6,14.254,0,1992-01-06
1992,1,7,14.282,0,1992-01-07
1992,1,8,14.406,0,1992-01-08
1992,1,9,14.419,0,1992-01-09
1992,1,10,14.481,0,1992-01-10
1992,1,11,14.509,0,1992-01-11
1992,1,12,14.51,0,1992-01-12
1992,1,13,14.543,0,1992-01-13
1992,1,14,14.631,0,1992-01-14
1992,1,15,14.56,0,1992-01-15
1992,1,16,14.52,0,1992-01-16
1992,1,17,14.614,0,1992-01-17
1992,1,18,14.658,0,1992-01-18
1992,1,19,14.745,0,1992-01-19
1992,1,20,14.772,0,1992-01-20
1992,1,21,14.83,0,1992-01-21
1992,1,22,14.906,0,1992-01-22
1992,1,23,14.932,0,1992-01-23
1992,1,24,14.946,0,1992-01-24
1992,1,25,14.905,0,1992-01-25
1992,1,26,15,0,1992-01-26
1992,1,27,15.1,0,1992-01-27
1992,1,28,15.212,0,1992-01-28
1992,1,29,15.182,0,1992-01-29
1992,1,30,15.188,0,1992-01-30
1992,1,31,15.259,0,1992-01-31
1992,2,1,15.419,0,1992-02-01
1992,2,2,15.387,0,1992-02-02
1992,2,3,15.396,0,1992-02-03
1992,2,4,15.396,0,1992-02-04
1992,2,5,15.365,0,1992-02-05
1992,2,6,15.481,0,1992-02-06
1992,2,7,15.446,0,1992-02-07
1992,2,8,15.424,0,1992-02-08
1992,2,9,15.43,0,1992-02-09
1992,2,10,15.358,0,1992-02-10
1992,2,11,15.318,0,1992-02-11
1992,2,12,15.367,0,1992-02-12
1992,2,13,15.382,0,1992-02-13
1992,2,14,15.449,0,1992-02-14
1992,2,15,15.466,0,1992-02-15
1992,2,16,15.567,0,1992-02-16
1992,2,17,15.561,0,1992-02-17
1992,2,18,15.518,0,1992-02-18
1992,2,19,15.532,0,1992-02-19
1992,2,20,15.508,0,1992-02-20
1992,2,21,15.523,0,1992-02-21
1992,2,22,15.574,0,1992-02-22
1992,2,23,15.535,0,1992-02-23
1992,2,24,15.53,0,1992-02-24
1992,2,25,15.494,0,1992-02-25
1992,2,26,15.53,0,1992-02-26
1992,2,27,15.496,0,1992-02-27
1992,2,28,15.532,0,1992-02-28
1992,2,29,15.417,0,1992-02-29
1992,3,1,15.487,0,1992-03-01
1992,3,2,15.516,0,1992-03-02
1992,3,3,15.44,0,1992-03-03
1992,3,4,15.402,0,1992-03-04
1992,3,5,15.39,0,1992-03-05
1992,3,6,15.399,0,1992-03-06
1992,3,7,15.424,0,1992-03-07
1992,3,8,15.48,0,1992-03-08
1992,3,9,15.527,0,1992-03-09
1992,3,10,15.525,0,1992-03-10
1992,3,11,15.546,0,1992-03-11
1992,3,12,15.576,0,1992-03-12
1992,3,13,15.521,0,1992-03-13
1992,3,14,15.493,0,1992-03-14
1992,3,15,15.476,0,1992-03-15
1992,3,16,15.422,0,1992-03-16
1992,3,17,15.371,0,1992-03-17
1992,3,18,15.406,0,1992-03-18
1992,3,19,15.461,0,1992-03-19
1992,3,20,15.505,0,1992-03-20
1992,3,21,15.512,0,1992-03-21
1992,3,22,15.547,0,1992-03-22
1992,3,23,15.535,0,1992-03-23
1992,3,24,15.56,0,1992-03-24
1992,3,25,15.57,0,1992-03-25
1992,3,26,15.569,0,1992-03-26
1992,3,27,15.554,0,1992-03-27
1992,3,28,15.543,0,1992-03-28
1992,3,29,15.401,0,1992-03-29
1992,3,30,15.41,0,1992-03-30
1992,3,31,15.347,0,1992-03-31
1992,4,1,15.311,0,1992-04-01
1992,4,2,15.222,0,1992-04-02
1992,4,3,15.135,0,1992-04-03
1992,4,4,15.108,0,1992-04-04
1992,4,5,15.013,0,1992-04-05
1992,4,6,14.935,0,1992-04-06
1992,4,7,14.93,0,1992-04-07
1992,4,8,14.884,0,1992-04-08
1992,4,9,14.809,0,1992-04-09
1992,4,10,14.736,0,1992-04-10
1992,4,11,14.747,0,1992-04-11
1992,4,12,14.719,0,1992-04-12
1992,4,13,14.708,0,1992-04-13
1992,4,14,14.689,0,1992-04-14
1992,4,15,14.709,0,1992-04-15
1992,4,16,14.652,0,1992-04-16
1992,4,17,14.677,0,1992-04-17
1992,4,18,14.622,0,1992-04-18
1992,4,19,14.607,0,1992-04-19
1992,4,20,14.595,0,1992-04-20
1992,4,21,14.563,0,1992-04-21
1992,4,22,14.606,0,1992-04-22
1992,4,23,14.571,0,1992-04-23
1992,4,24,14.463,0,1992-04-24
1992,4,25,14.351,0,1992-04-25
1992,4,26,14.303,0,1992-04-26
1992,4,27,14.297,0,1992-04-27
1992,4,28,14.198,0,1992-04-28
1992,4,29,14.121,0,1992-04-29
1992,4,30,14.026,0,1992-04-30
1992,5,1,13.867,0,1992-05-01
1992,5,2,13.801,0,1992-05-02
1992,5,3,13.657,0,1992-05-03
1992,5,4,13.566,0,1992-05-04
1992,5,5,13.53,0,1992-05-05
1992,5,6,13.536,0,1992-05-06
1992,5,7,13.502,0,1992-05-07
1992,5,8,13.521,0,1992-05-08
1992,5,9,13.436,0,1992-05-09
1992,5,10,13.356,0,1992-05-10
1992,5,11,13.24,0,1992-05-11
1992,5,12,13.23,0,1992-05-12
1992,5,13,13.192,0,1992-05-13
1992,5,14,13.186,0,1992-05-14
1992,5,15,13.162,0,1992-05-15
1992,5,16,13.13,0,1992-05-16
1992,5,17,13.089,0,1992-05-17
1992,5,18,13.12,0,1992-05-18
1992,5,19,13.09,0,1992-05-19
1992,5,20,13.069,0,1992-05-20
1992,5,21,13.06,0,1992-05-21
1992,5,22,13.043,0,1992-05-22
1992,5,23,12.978,0,1992-05-23
1992,5,24,12.988,0,1992-05-24
1992,5,25,12.934,0,1992-05-25
1992,5,26,12.915,0,1992-05-26
1992,5,27,12.947,0,1992-05-27
1992,5,28,12.96,0,1992-05-28
1992,5,29,12.89,0,1992-05-29
1992,5,30,12.878,0,1992-05-30
1992,5,31,12.809,0,1992-05-31
1992,6,1,12.665,0,1992-06-01
1992,6,2,12.644,0,1992-06-02
1992,6,3,12.593,0,1992-06-03
1992,6,4,12.59,0,1992-06-04
1992,6,5,12.461,0,1992-06-05
1992,6,6,12.415,0,1992-06-06
1992,6,7,12.379,0,1992-06-07
1992,6,8,12.382,0,1992-06-08
1992,6,9,12.353,0,1992-06-09
1992,6,10,12.334,0,1992-06-10
1992,6,11,12.336,0,1992-06-11
1992,6,12,12.32,0,1992-06-12
1992,6,13,12.275,0,1992-06-13
1992,6,14,12.266,0,1992-06-14
1992,6,15,12.189,0,1992-06-15
1992,6,16,12.16,0,1992-06-16
1992,6,17,12.107,0,1992-06-17
1992,6,18,12.026,0,1992-06-18
1992,6,19,11.989,0,1992-06-19
1992,6,20,12.014,0,1992-06-20
1992,6,21,11.904,0,1992-06-21
1992,6,22,11.886,0,1992-06-22
1992,6,23,11.911,0,1992-06-23
1992,6,24,11.852,0,1992-06-24
1992,6,25,11.797,0,1992-06-25
1992,6,26,11.82,0,1992-06-26
1992,6,27,11.752,0,1992-06-27
1992,6,28,11.732,0,1992-06-28
1992,6,29,11.682,0,1992-06-29
1992,6,30,11.569,0,1992-06-30
1992,7,1,11.38,0,1992-07-01
1992,7,2,11.341,0,1992-07-02
1992,7,3,11.28,0,1992-07-03
1992,7,4,11.242,0,1992-07-04
1992,7,5,11.198,0,1992-07-05
1992,7,6,11.087,0,1992-07-06
1992,7,7,11.052,0,1992-07-07
1992,7,8,10.988,0,1992-07-08
1992,7,9,10.919,0,1992-07-09
1992,7,10,10.825,0,1992-07-10
1992,7,11,10.853,0,1992-07-11
1992,7,12,10.723,0,1992-07-12
1992,7,13,10.648,0,1992-07-13
1992,7,14,10.603,0,1992-07-14
1992,7,15,10.481,0,1992-07-15
1992,7,16,10.333,0,1992-07-16
1992,7,17,10.274,0,1992-07-17
1992,7,18,10.252,0,1992-07-18
1992,7,19,10.133,0,1992-07-19
1992,7,20,10.058,0,1992-07-20
1992,7,21,9.9,0,1992-07-21
1992,7,22,9.906,0,1992-07-22
1992,7,23,9.838,0,1992-07-23
1992,7,24,9.744,0,1992-07-24
1992,7,25,9.562,0,1992-07-25
1992,7,26,9.437,0,1992-07-26
1992,7,27,9.358,0,1992-07-27
1992,7,28,9.304,0,1992-07-28
1992,7,29,9.184,0,1992-07-29
1992,7,30,9.076,0,1992-07-30
1992,7,31,9.038,0,1992-07-31
1992,8,1,8.888,0,1992-08-01
1992,8,2,8.813,0,1992-08-02
1992,8,3,8.707,0,1992-08-03
1992,8,4,8.638,0,1992-08-04
1992,8,5,8.545,0,1992-08-05
1992,8,6,8.505,0,1992-08-06
1992,8,7,8.401,0,1992-08-07
1992,8,8,8.256,0,1992-08-08
1992,8,9,8.185,0,1992-08-09
1992,8,10,8.142,0,1992-08-10
1992,8,11,7.999,0,1992-08-11
1992,8,12,8.015,0,1992-08-12
1992,8,13,8.009,0,1992-08-13
1992,8,14,7.994,0,1992-08-14
1992,8,15,7.915,0,1992-08-15
1992,8,16,7.794,0,1992-08-16
1992,8,17,7.757,0,1992-08-17
1992,8,18,7.73,0,1992-08-18
1992,8,19,7.775,0,1992-08-19
1992,8,20,7.682,0,1992-08-20
1992,8,21,7.674,0,1992-08-21
1992,8,22,7.614,0,1992-08-22
1992,8,23,7.562,0,1992-08-23
1992,8,24,7.536,0,1992-08-24
1992,8,25,7.446,0,1992-08-25
1992,8,26,7.428,0,1992-08-26
1992,8,27,7.4,0,1992-08-27
1992,8,28,7.404,0,1992-08-28
1992,8,29,7.346,0,1992-08-29
1992,8,30,7.286,0,1992-08-30
1992,8,31,7.237,0,1992-08-31
1992,9,1,7.235,0,1992-09-01
1992,9,2,7.319,0,1992-09-02
1992,9,3,7.296,0,1992-09-03
1992,9,4,7.279,0,1992-09-04
1992,9,5,7.234,0,1992-09-05
1992,9,6,7.169,0,1992-09-06
1992,9,7,7.159,0,1992-09-07
1992,9,8,7.212,0,1992-09-08
1992,9,9,7.27,0,1992-09-09
1992,9,10,7.269,0,1992-09-10
1992,9,11,7.252,0,1992-09-11
1992,9,12,7.256,0,1992-09-12
1992,9,13,7.245,0,1992-09-13
1992,9,14,7.28,0,1992-09-14
1992,9,15,7.281,0,1992-09-15
1992,9,16,7.324,0,1992-09-16
1992,9,17,7.361,0,1992-09-17
1992,9,18,7.419,0,1992-09-18
1992,9,19,7.428,0,1992-09-19
1992,9,20,7.483,0,1992-09-20
1992,9,21,7.519,0,1992-09-21
1992,9,22,7.576,0,1992-09-22
1992,9,23,7.641,0,1992-09-23
1992,9,24,7.728,0,1992-09-24
1992,9,25,7.752,0,1992-09-25
1992,9,26,7.85,0,1992-09-26
1992,9,27,7.975,0,1992-09-27
1992,9,28,8.068,0,1992-09-28
1992,9,29,8.137,0,1992-09-29
1992,9,30,8.194,0,1992-09-30
1992,10,1,8.359,0,1992-10-01
1992,10,2,8.387,0,1992-10-02
1992,10,3,8.545,0,1992-10-03
1992,10,4,8.619,0,1992-10-04
1992,10,5,8.732,0,1992-10-05
1992,10,6,8.819,0,1992-10-06
1992,10,7,8.801,0,1992-10-07
1992,10,8,8.885,0,1992-10-08
1992,10,9,8.971,0,1992-10-09
1992,10,10,9.052,0,1992-10-10
1992,10,11,9.097,0,1992-10-11
1992,10,12,9.177,0,1992-10-12
1992,10,13,9.292,0,1992-10-13
1992,10,14,9.281,0,1992-10-14
1992,10,15,9.327,0,1992-10-15
1992,10,16,9.41,0,1992-10-16
1992,10,17,9.422,0,1992-10-17
1992,10,18,9.43,0,1992-10-18
1992,10,19,9.482,0,1992-10-19
1992,10,20,9.473,0,1992-10-20
1992,10,21,9.505,0,1992-10-21
1992,10,22,9.626,0,1992-10-22
1992,10,23,9.743,0,1992-10-23
1992,10,24,9.771,0,1992-10-24
1992,10,25,9.828,0,1992-10-25
1992,10,26,9.794,0,1992-10-26
1992,10,27,9.787,0,1992-10-27
1992,10,28,9.901,0,1992-10-28
1992,10,29,10.019,0,1992-10-29
1992,10,30,10.158,0,1992-10-30
1992,10,31,10.212,0,1992-10-31
1992,11,1,10.376,0,1992-11-01
1992,11,2,10.398,0,1992-11-02
1992,11,3,10.368,0,1992-11-03
1992,11,4,10.431,0,1992-11-04
1992,11,5,10.424,0,1992-11-05
1992,11,6,10.564,0,1992-11-06
1992,11,7,10.653,0,1992-11-07
1992,11,8,10.723,0,1992-11-08
1992,11,9,10.669,0,1992-11-09
1992,11,10,10.756,0,1992-11-10
1992,11,11,10.844,0,1992-11-11
1992,11,12,10.971,0,1992-11-12
1992,11,13,11.051,0,1992-11-13
1992,11,14,11.016,0,1992-11-14
1992,11,15,11.138,0,1992-11-15
1992,11,16,11.361,0,1992-11-16
1992,11,17,11.576,0,1992-11-17
1992,11,18,11.653,0,1992-11-18
1992,11,19,11.81,0,1992-11-19
1992,11,20,11.907,0,1992-11-20
1992,11,21,11.986,0,1992-11-21
1992,11,22,11.98,0,1992-11-22
1992,11,23,12.103,0,1992-11-23
1992,11,24,12.253,0,1992-11-24
1992,11,25,12.273,0,1992-11-25
1992,11,26,12.288,0,1992-11-26
1992,11,27,12.348,0,1992-11-27
1992,11,28,12.424,0,1992-11-28
1992,11,29,12.511,0,1992-11-29
1992,11,30,12.505,0,1992-11-30
1992,12,1,12.715,0,1992-12-01
1992,12,2,12.811,0,1992-12-02
1992,12,3,12.855,0,1992-12-03
1992,12,4,12.998,0,1992-12-04
1992,12,5,13.013,0,1992-12-05
1992,12,6,13.134,0,1992-12-06
1992,12,7,13.189,0,1992-12-07
1992,12,8,13.14,0,1992-12-08
1992,12,9,13.116,0,1992-12-09
1992,12,10,13.212,0,1992-12-10
1992,12,11,13.355,0,1992-12-11
1992,12,12,13.239,0,1992-12-12
1992,12,13,13.298,0,1992-12-13
1992,12,14,13.324,0,1992-12-14
1992,12,15,13.417,0,1992-12-15
1992,12,16,13.479,0,1992-12-16
1992,12,17,13.429,0,1992-12-17
1992,12,18,13.468,0,1992-12-18
1992,12,19,13.57,0,1992-12-19
1992,12,20,13.612,0,1992-12-20
1992,12,21,13.619,0,1992-12-21
1992,12,22,13.672,0,1992-12-22
1992,12,23,13.67,0,1992-12-23
1992,12,24,13.67,0,1992-12-24
1992,12,25,13.666,0,1992-12-25
1992,12,26,13.733,0,1992-12-26
1992,12,27,13.736,0,1992-12-27
1992,12,28,13.792,0,1992-12-28
1992,12,29,13.837,0,1992-12-29
1992,12,30,13.915,0,1992-12-30
1992,12,31,13.945,0,1992-12-31
1993,1,1,14.035,0,1993-01-01
1993,1,2,14.141,0,1993-01-02
1993,1,3,14.25,0,1993-01-03
1993,1,4,14.255,0,1993-01-04
1993,1,5,14.266,0,1993-01-05
1993,1,6,14.22,0,1993-01-06
1993,1,7,14.348,0,1993-01-07
1993,1,8,14.434,0,1993-01-08
1993,1,9,14.493,0,1993-01-09
1993,1,10,14.507,0,1993-01-10
1993,1,11,14.523,0,1993-01-11
1993,1,12,14.593,0,1993-01-12
1993,1,13,14.623,0,1993-01-13
1993,1,14,14.765,0,1993-01-14
1993,1,15,14.899,0,1993-01-15
1993,1,16,14.985,0,1993-01-16
1993,1,17,15.109,0,1993-01-17
1993,1,18,15.138,0,1993-01-18
1993,1,19,15.154,0,1993-01-19
1993,1,20,15.206,0,1993-01-20
1993,1,21,15.175,0,1993-01-21
1993,1,22,15.324,0,1993-01-22
1993,1,23,15.31,0,1993-01-23
1993,1,24,15.394,0,1993-01-24
1993,1,25,15.447,0,1993-01-25
1993,1,26,15.515,0,1993-01-26
1993,1,27,15.551,0,1993-01-27
1993,1,28,15.601,0,1993-01-28
1993,1,29,15.548,0,1993-01-29
1993,1,30,15.507,0,1993-01-30
1993,1,31,15.462,0,1993-01-31
1993,2,1,15.449,0,1993-02-01
1993,2,2,15.475,0,1993-02-02
1993,2,3,15.555,0,1993-02-03
1993,2,4,15.51,0,1993-02-04
1993,2,5,15.52,0,1993-02-05
1993,2,6,15.525,0,1993-02-06
1993,2,7,15.65,0,1993-02-07
1993,2,8,15.707,0,1993-02-08
1993,2,9,15.778,0,1993-02-09
1993,2,10,15.933,0,1993-02-10
1993,2,11,15.796,0,1993-02-11
1993,2,12,15.726,0,1993-02-12
1993,2,13,15.744,0,1993-02-13
1993,2,14,15.634,0,1993-02-14
1993,2,15,15.652,0,1993-02-15
1993,2,16,15.637,0,1993-02-16
1993,2,17,15.763,0,1993-02-17
1993,2,18,15.82,0,1993-02-18
1993,2,19,15.798,0,1993-02-19
1993,2,20,15.819,0,1993-02-20
1993,2,21,15.799,0,1993-02-21
1993,2,22,15.885,0,1993-02-22
1993,2,23,15.874,0,1993-02-23
1993,2,24,15.749,0,1993-02-24
1993,2,25,15.553,0,1993-02-25
1993,2,26,15.525,0,1993-02-26
1993,2,27,15.611,0,1993-02-27
1993,2,28,15.711,0,1993-02-28
1993,3,1,15.754,0,1993-03-01
1993,3,2,15.825,0,1993-03-02
1993,3,3,15.839,0,1993-03-03
1993,3,4,15.764,0,1993-03-04
1993,3,5,15.882,0,1993-03-05
1993,3,6,15.888,0,1993-03-06
1993,3,7,15.878,0,1993-03-07
1993,3,8,15.914,0,1993-03-08
1993,3,9,15.929,0,1993-03-09
1993,3,10,15.906,0,1993-03-10
1993,3,11,15.985,0,1993-03-11
1993,3,12,15.965,0,1993-03-12
1993,3,13,16.048,0,1993-03-13
1993,3,14,16.031,0,1993-03-14
1993,3,15,15.865,0,1993-03-15
1993,3,16,15.835,0,1993-03-16
1993,3,17,15.86,0,1993-03-17
1993,3,18,15.784,0,1993-03-18
1993,3,19,15.635,0,1993-03-19
1993,3,20,15.656,0,1993-03-20
1993,3,21,15.734,0,1993-03-21
1993,3,22,15.732,0,1993-03-22
1993,3,23,15.776,0,1993-03-23
1993,3,24,15.775,0,1993-03-24
1993,3,25,15.719,0,1993-03-25
1993,3,26,15.754,0,1993-03-26
1993,3,27,15.699,0,1993-03-27
1993,3,28,15.67,0,1993-03-28
1993,3,29,15.74,0,1993-03-29
1993,3,30,15.736,0,1993-03-30
1993,3,31,15.63,0,1993-03-31
1993,4,1,15.598,0,1993-04-01
1993,4,2,15.527,0,1993-04-02
1993,4,3,15.466,0,1993-04-03
1993,4,4,15.398,0,1993-04-04
1993,4,5,15.38,0,1993-04-05
1993,4,6,15.381,0,1993-04-06
1993,4,7,15.396,0,1993-04-07
1993,4,8,15.348,0,1993-04-08
1993,4,9,15.257,0,1993-04-09
1993,4,10,15.286,0,1993-04-10
1993,4,11,15.319,0,1993-04-11
1993,4,12,15.296,0,1993-04-12
1993,4,13,15.273,0,1993-04-13
1993,4,14,15.248,0,1993-04-14
1993,4,15,15.19,0,1993-04-15
1993,4,16,15.182,0,1993-04-16
1993,4,17,15.168,0,1993-04-17
1993,4,18,15.079,0,1993-04-18
1993,4,19,15.015,0,1993-04-19
1993,4,20,14.957,0,1993-04-20
1993,4,21,15.032,0,1993-04-21
1993,4,22,14.88,0,1993-04-22
1993,4,23,14.802,0,1993-04-23
1993,4,24,14.837,0,1993-04-24
1993,4,25,14.758,0,1993-04-25
1993,4,26,14.717,0,1993-04-26
1993,4,27,14.509,0,1993-04-27
1993,4,28,14.391,0,1993-04-28
1993,4,29,14.341,0,1993-04-29
1993,4,30,14.285,0,1993-04-30
1993,5,1,14.172,0,1993-05-01
1993,5,2,14.134,0,1993-05-02
1993,5,3,14.028,0,1993-05-03
1993,5,4,14.036,0,1993-05-04
1993,5,5,13.955,0,1993-05-05
1993,5,6,13.902,0,1993-05-06
1993,5,7,13.862,0,1993-05-07
1993,5,8,13.872,0,1993-05-08
1993,5,9,13.797,0,1993-05-09
1993,5,10,13.674,0,1993-05-10
1993,5,11,13.657,0,1993-05-11
1993,5,12,13.604,0,1993-05-12
1993,5,13,13.599,0,1993-05-13
1993,5,14,13.571,0,1993-05-14
1993,5,15,13.469,0,1993-05-15
1993,5,16,13.37,0,1993-05-16
1993,5,17,13.307,0,1993-05-17
1993,5,18,13.21,0,1993-05-18
1993,5,19,13.188,0,1993-05-19
1993,5,20,13.061,0,1993-05-20
1993,5,21,13.044,0,1993-05-21
1993,5,22,12.957,0,1993-05-22
1993,5,23,12.929,0,1993-05-23
1993,5,24,12.887,0,1993-05-24
1993,5,25,12.9,0,1993-05-25
1993,5,26,12.812,0,1993-05-26
1993,5,27,12.75,0,1993-05-27
1993,5,28,12.758,0,1993-05-28
1993,5,29,12.681,0,1993-05-29
1993,5,30,12.665,0,1993-05-30
1993,5,31,12.564,0,1993-05-31
1993,6,1,12.431,0,1993-06-01
1993,6,2,12.429,0,1993-06-02
1993,6,3,12.363,0,1993-06-03
1993,6,4,12.375,0,1993-06-04
1993,6,5,12.342,0,1993-06-05
1993,6,6,12.297,0,1993-06-06
1993,6,7,12.278,0,1993-06-07
1993,6,8,12.254,0,1993-06-08
1993,6,9,12.248,0,1993-06-09
1993,6,10,12.145,0,1993-06-10
1993,6,11,12.095,0,1993-06-11
1993,6,12,12.097,0,1993-06-12
1993,6,13,12.024,0,1993-06-13
1993,6,14,11.984,0,1993-06-14
1993,6,15,11.907,0,1993-06-15
1993,6,16,11.821,0,1993-06-16
1993,6,17,11.842,0,1993-06-17
1993,6,18,11.826,0,1993-06-18
1993,6,19,11.709,0,1993-06-19
1993,6,20,11.668,0,1993-06-20
1993,6,21,11.637,0,1993-06-21
1993,6,22,11.58,0,1993-06-22
1993,6,23,11.575,0,1993-06-23
1993,6,24,11.514,0,1993-06-24
1993,6,25,11.45,0,1993-06-25
1993,6,26,11.346,0,1993-06-26
1993,6,27,11.318,0,1993-06-27
1993,6,28,11.304,0,1993-06-28
1993,6,29,11.199,0,1993-06-29
1993,6,30,11.069,0,1993-06-30
1993,7,1,10.845,0,1993-07-01
1993,7,2,10.809,0,1993-07-02
1993,7,3,10.751,0,1993-07-03
1993,7,4,10.67,0,1993-07-04
1993,7,5,10.571,0,1993-07-05
1993,7,6,10.416,0,1993-07-06
1993,7,7,10.176,0,1993-07-07
1993,7,8,10.098,0,1993-07-08
1993,7,9,10.003,0,1993-07-09
1993,7,10,9.909,0,1993-07-10
1993,7,11,9.735,0,1993-07-11
1993,7,12,9.619,0,1993-07-12
1993,7,13,9.583,0,1993-07-13
1993,7,14,9.488,0,1993-07-14
1993,7,15,9.449,0,1993-07-15
1993,7,16,9.326,0,1993-07-16
1993,7,17,9.293,0,1993-07-17
1993,7,18,9.172,0,1993-07-18
1993,7,19,9.062,0,1993-07-19
1993,7,20,9.047,0,1993-07-20
1993,7,21,9.068,0,1993-07-21
1993,7,22,8.944,0,1993-07-22
1993,7,23,8.849,0,1993-07-23
1993,7,24,8.827,0,1993-07-24
1993,7,25,8.76,0,1993-07-25
1993,7,26,8.679,0,1993-07-26
1993,7,27,8.594,0,1993-07-27
1993,7,28,8.5,0,1993-07-28
1993,7,29,8.498,0,1993-07-29
1993,7,30,8.518,0,1993-07-30
1993,7,31,8.508,0,1993-07-31
1993,8,1,8.306,0,1993-08-01
1993,8,2,8.204,0,1993-08-02
1993,8,3,8.134,0,1993-08-03
1993,8,4,8.128,0,1993-08-04
1993,8,5,8.119,0,1993-08-05
1993,8,6,8.07,0,1993-08-06
1993,8,7,7.96,0,1993-08-07
1993,8,8,7.912,0,1993-08-08
1993,8,9,7.852,0,1993-08-09
1993,8,10,7.757,0,1993-08-10
1993,8,11,7.633,0,1993-08-11
1993,8,12,7.56,0,1993-08-12
1993,8,13,7.443,0,1993-08-13
1993,8,14,7.41,0,1993-08-14
1993,8,15,7.326,0,1993-08-15
1993,8,16,7.247,0,1993-08-16
1993,8,17,7.208,0,1993-08-17
1993,8,18,7.194,0,1993-08-18
1993,8,19,7.12,0,1993-08-19
1993,8,20,7.079,0,1993-08-20
1993,8,21,7.009,0,1993-08-21
1993,8,22,6.934,0,1993-08-22
1993,8,23,6.856,0,1993-08-23
1993,8,24,6.814,0,1993-08-24
1993,8,25,6.853,0,1993-08-25
1993,8,26,6.714,0,1993-08-26
1993,8,27,6.633,0,1993-08-27
1993,8,28,6.528,0,1993-08-28
1993,8,29,6.469,0,1993-08-29
1993,8,30,6.464,0,1993-08-30
1993,8,31,6.449,0,1993-08-31
1993,9,1,6.348,0,1993-09-01
1993,9,2,6.321,0,1993-09-02
1993,9,3,6.304,0,1993-09-03
1993,9,4,6.265,0,1993-09-04
1993,9,5,6.205,0,1993-09-05
1993,9,6,6.163,0,1993-09-06
1993,9,7,6.162,0,1993-09-07
1993,9,8,6.175,0,1993-09-08
1993,9,9,6.218,0,1993-09-09
1993,9,10,6.206,0,1993-09-10
1993,9,11,6.22,0,1993-09-11
1993,9,12,6.201,0,1993-09-12
1993,9,13,6.161,0,1993-09-13
1993,9,14,6.189,0,1993-09-14
1993,9,15,6.189,0,1993-09-15
1993,9,16,6.212,0,1993-09-16
1993,9,17,6.295,0,1993-09-17
1993,9,18,6.352,0,1993-09-18
1993,9,19,6.365,0,1993-09-19
1993,9,20,6.391,0,1993-09-20
1993,9,21,6.341,0,1993-09-21
1993,9,22,6.401,0,1993-09-22
1993,9,23,6.457,0,1993-09-23
1993,9,24,6.52,0,1993-09-24
1993,9,25,6.64,0,1993-09-25
1993,9,26,6.778,0,1993-09-26
1993,9,27,6.9,0,1993-09-27
1993,9,28,6.91,0,1993-09-28
1993,9,29,6.99,0,1993-09-29
1993,9,30,7.021,0,1993-09-30
1993,10,1,7.251,0,1993-10-01
1993,10,2,7.312,0,1993-10-02
1993,10,3,7.292,0,1993-10-03
1993,10,4,7.401,0,1993-10-04
1993,10,5,7.65,0,1993-10-05
1993,10,6,7.862,0,1993-10-06
1993,10,7,8.057,0,1993-10-07
1993,10,8,8.188,0,1993-10-08
1993,10,9,8.336,0,1993-10-09
1993,10,10,8.376,0,1993-10-10
1993,10,11,8.535,0,1993-10-11
1993,10,12,8.713,0,1993-10-12
1993,10,13,8.883,0,1993-10-13
1993,10,14,8.935,0,1993-10-14
1993,10,15,8.908,0,1993-10-15
1993,10,16,8.873,0,1993-10-16
1993,10,17,8.886,0,1993-10-17
1993,10,18,8.939,0,1993-10-18
1993,10,19,8.999,0,1993-10-19
1993,10,20,9.046,0,1993-10-20
1993,10,21,9.147,0,1993-10-21
1993,10,22,9.233,0,1993-10-22
1993,10,23,9.358,0,1993-10-23
1993,10,24,9.522,0,1993-10-24
1993,10,25,9.596,0,1993-10-25
1993,10,26,9.62,0,1993-10-26
1993,10,27,9.684,0,1993-10-27
1993,10,28,9.776,0,1993-10-28
1993,10,29,9.849,0,1993-10-29
1993,10,30,9.985,0,1993-10-30
1993,10,31,10.158,0,1993-10-31
1993,11,1,10.29,0,1993-11-01
1993,11,2,10.424,0,1993-11-02
1993,11,3,10.553,0,1993-11-03
1993,11,4,10.639,0,1993-11-04
1993,11,5,10.7,0,1993-11-05
1993,11,6,10.794,0,1993-11-06
1993,11,7,10.874,0,1993-11-07
1993,11,8,10.988,0,1993-11-08
1993,11,9,11.031,0,1993-11-09
1993,11,10,11.032,0,1993-11-10
1993,11,11,11.082,0,1993-11-11
1993,11,12,11.14,0,1993-11-12
1993,11,13,11.286,0,1993-11-13
1993,11,14,11.326,0,1993-11-14
1993,11,15,11.422,0,1993-11-15
1993,11,16,11.361,0,1993-11-16
1993,11,17,11.413,0,1993-11-17
1993,11,18,11.435,0,1993-11-18
1993,11,19,11.511,0,1993-11-19
1993,11,20,11.61,0,1993-11-20
1993,11,21,11.55,0,1993-11-21
1993,11,22,11.594,0,1993-11-22
1993,11,23,11.653,0,1993-11-23
1993,11,24,11.746,0,1993-11-24
1993,11,25,11.889,0,1993-11-25
1993,11,26,11.917,0,1993-11-26
1993,11,27,11.994,0,1993-11-27
1993,11,28,12.04,0,1993-11-28
1993,11,29,12.108,0,1993-11-29
1993,11,30,12.16,0,1993-11-30
1993,12,1,12.288,0,1993-12-01
1993,12,2,12.345,0,1993-12-02
1993,12,3,12.431,0,1993-12-03
1993,12,4,12.475,0,1993-12-04
1993,12,5,12.633,0,1993-12-05
1993,12,6,12.69,0,1993-12-06
1993,12,7,12.772,0,1993-12-07
1993,12,8,12.97,0,1993-12-08
1993,12,9,13.033,0,1993-12-09
1993,12,10,13.147,0,1993-12-10
1993,12,11,13.225,0,1993-12-11
1993,12,12,13.246,0,1993-12-12
1993,12,13,13.188,0,1993-12-13
1993,12,14,13.281,0,1993-12-14
1993,12,15,13.354,0,1993-12-15
1993,12,16,13.414,0,1993-12-16
1993,12,17,13.453,0,1993-12-17
1993,12,18,13.59,0,1993-12-18
1993,12,19,13.645,0,1993-12-19
1993,12,20,13.783,0,1993-12-20
1993,12,21,13.678,0,1993-12-21
1993,12,22,13.68,0,1993-12-22
1993,12,23,13.623,0,1993-12-23
1993,12,24,13.631,0,1993-12-24
1993,12,25,13.786,0,1993-12-25
1993,12,26,13.867,0,1993-12-26
1993,12,27,13.903,0,1993-12-27
1993,12,28,13.886,0,1993-12-28
1993,12,29,13.927,0,1993-12-29
1993,12,30,13.977,0,1993-12-30
1993,12,31,13.967,0,1993-12-31
1994,1,1,14.095,0,1994-01-01
1994,1,2,14.11,0,1994-01-02
1994,1,3,14.042,0,1994-01-03
1994,1,4,14.168,0,1994-01-04
1994,1,5,14.231,0,1994-01-05
1994,1,6,14.295,0,1994-01-06
1994,1,7,14.381,0,1994-01-07
1994,1,8,14.322,0,1994-01-08
1994,1,9,14.397,0,1994-01-09
1994,1,10,14.476,0,1994-01-10
1994,1,11,14.515,0,1994-01-11
1994,1,12,14.58,0,1994-01-12
1994,1,13,14.595,0,1994-01-13
1994,1,14,14.617,0,1994-01-14
1994,1,15,14.685,0,1994-01-15
1994,1,16,14.757,0,1994-01-16
1994,1,17,14.807,0,1994-01-17
1994,1,18,14.895,0,1994-01-18
1994,1,19,14.865,0,1994-01-19
1994,1,20,14.894,0,1994-01-20
1994,1,21,14.948,0,1994-01-21
1994,1,22,14.933,0,1994-01-22
1994,1,23,15.021,0,1994-01-23
1994,1,24,15.054,0,1994-01-24
1994,1,25,15.089,0,1994-01-25
1994,1,26,15.141,0,1994-01-26
1994,1,27,15.255,0,1994-01-27
1994,1,28,15.299,0,1994-01-28
1994,1,29,15.359,0,1994-01-29
1994,1,30,15.4,0,1994-01-30
1994,1,31,15.397,0,1994-01-31
1994,2,1,15.409,0,1994-02-01
1994,2,2,15.42,0,1994-02-02
1994,2,3,15.438,0,1994-02-03
1994,2,4,15.429,0,1994-02-04
1994,2,5,15.479,0,1994-02-05
1994,2,6,15.515,0,1994-02-06
1994,2,7,15.474,0,1994-02-07
1994,2,8,15.521,0,1994-02-08
1994,2,9,15.46,0,1994-02-09
1994,2,10,15.525,0,1994-02-10
1994,2,11,15.539,0,1994-02-11
1994,2,12,15.541,0,1994-02-12
1994,2,13,15.549,0,1994-02-13
1994,2,14,15.579,0,1994-02-14
1994,2,15,15.492,0,1994-02-15
1994,2,16,15.507,0,1994-02-16
1994,2,17,15.549,0,1994-02-17
1994,2,18,15.581,0,1994-02-18
1994,2,19,15.624,0,1994-02-19
1994,2,20,15.701,0,1994-02-20
1994,2,21,15.77,0,1994-02-21
1994,2,22,15.738,0,1994-02-22
1994,2,23,15.686,0,1994-02-23
1994,2,24,15.682,0,1994-02-24
1994,2,25,15.613,0,1994-02-25
1994,2,26,15.592,0,1994-02-26
1994,2,27,15.641,0,1994-02-27
1994,2,28,15.679,0,1994-02-28
1994,3,1,15.675,0,1994-03-01
1994,3,2,15.765,0,1994-03-02
1994,3,3,15.729,0,1994-03-03
1994,3,4,15.735,0,1994-03-04
1994,3,5,15.711,0,1994-03-05
1994,3,6,15.658,0,1994-03-06
1994,3,7,15.634,0,1994-03-07
1994,3,8,15.601,0,1994-03-08
1994,3,9,15.491,0,1994-03-09
1994,3,10,15.502,0,1994-03-10
1994,3,11,15.55,0,1994-03-11
1994,3,12,15.521,0,1994-03-12
1994,3,13,15.559,0,1994-03-13
1994,3,14,15.589,0,1994-03-14
1994,3,15,15.607,0,1994-03-15
1994,3,16,15.562,0,1994-03-16
1994,3,17,15.498,0,1994-03-17
1994,3,18,15.475,0,1994-03-18
1994,3,19,15.45,0,1994-03-19
1994,3,20,15.368,0,1994-03-20
1994,3,21,15.399,0,1994-03-21
1994,3,22,15.399,0,1994-03-22
1994,3,23,15.502,0,1994-03-23
1994,3,24,15.543,0,1994-03-24
1994,3,25,15.494,0,1994-03-25
1994,3,26,15.523,0,1994-03-26
1994,3,27,15.553,0,1994-03-27
1994,3,28,15.555,0,1994-03-28
1994,3,29,15.551,0,1994-03-29
1994,3,30,15.485,0,1994-03-30
1994,3,31,15.478,0,1994-03-31
1994,4,1,15.47,0,1994-04-01
1994,4,2,15.357,0,1994-04-02
1994,4,3,15.307,0,1994-04-03
1994,4,4,15.241,0,1994-04-04
1994,4,5,15.146,0,1994-04-05
1994,4,6,15.142,0,1994-04-06
1994,4,7,15.095,0,1994-04-07
1994,4,8,15.076,0,1994-04-08
1994,4,9,15.088,0,1994-04-09
1994,4,10,15.116,0,1994-04-10
1994,4,11,15.052,0,1994-04-11
1994,4,12,14.997,0,1994-04-12
1994,4,13,15.004,0,1994-04-13
1994,4,14,14.962,0,1994-04-14
1994,4,15,14.89,0,1994-04-15
1994,4,16,14.839,0,1994-04-16
1994,4,17,14.78,0,1994-04-17
1994,4,18,14.792,0,1994-04-18
1994,4,19,14.754,0,1994-04-19
1994,4,20,14.776,0,1994-04-20
1994,4,21,14.773,0,1994-04-21
1994,4,22,14.65,0,1994-04-22
1994,4,23,14.634,0,1994-04-23
1994,4,24,14.632,0,1994-04-24
1994,4,25,14.618,0,1994-04-25
1994,4,26,14.635,0,1994-04-26
1994,4,27,14.578,0,1994-04-27
1994,4,28,14.519,0,1994-04-28
1994,4,29,14.418,0,1994-04-29
1994,4,30,14.3,0,1994-04-30
1994,5,1,14.126,0,1994-05-01
1994,5,2,14.187,0,1994-05-02
1994,5,3,14.147,0,1994-05-03
1994,5,4,14.099,0,1994-05-04
1994,5,5,14.105,0,1994-05-05
1994,5,6,14.123,0,1994-05-06
1994,5,7,14.028,0,1994-05-07
1994,5,8,13.941,0,1994-05-08
1994,5,9,13.91,0,1994-05-09
1994,5,10,13.906,0,1994-05-10
1994,5,11,13.871,0,1994-05-11
1994,5,12,13.842,0,1994-05-12
1994,5,13,13.804,0,1994-05-13
1994,5,14,13.782,0,1994-05-14
1994,5,15,13.707,0,1994-05-15
1994,5,16,13.668,0,1994-05-16
1994,5,17,13.655,0,1994-05-17
1994,5,18,13.61,0,1994-05-18
1994,5,19,13.517,0,1994-05-19
1994,5,20,13.502,0,1994-05-20
1994,5,21,13.461,0,1994-05-21
1994,5,22,13.384,0,1994-05-22
1994,5,23,13.296,0,1994-05-23
1994,5,24,13.188,0,1994-05-24
1994,5,25,13.157,0,1994-05-25
1994,5,26,13.127,0,1994-05-26
1994,5,27,13.11,0,1994-05-27
1994,5,28,13.112,0,1994-05-28
1994,5,29,13.039,0,1994-05-29
1994,5,30,12.985,0,1994-05-30
1994,5,31,12.967,0,1994-05-31
1994,6,1,12.779,0,1994-06-01
1994,6,2,12.696,0,1994-06-02
1994,6,3,12.599,0,1994-06-03
1994,6,4,12.575,0,1994-06-04
1994,6,5,12.543,0,1994-06-05
1994,6,6,12.52,0,1994-06-06
1994,6,7,12.487,0,1994-06-07
1994,6,8,12.383,0,1994-06-08
1994,6,9,12.301,0,1994-06-09
1994,6,10,12.295,0,1994-06-10
1994,6,11,12.304,0,1994-06-11
1994,6,12,12.239,0,1994-06-12
1994,6,13,12.133,0,1994-06-13
1994,6,14,12.137,0,1994-06-14
1994,6,15,12.066,0,1994-06-15
1994,6,16,11.968,0,1994-06-16
1994,6,17,11.911,0,1994-06-17
1994,6,18,11.896,0,1994-06-18
1994,6,19,11.826,0,1994-06-19
1994,6,20,11.777,0,1994-06-20
1994,6,21,11.743,0,1994-06-21
1994,6,22,11.68,0,1994-06-22
1994,6,23,11.704,0,1994-06-23
1994,6,24,11.626,0,1994-06-24
1994,6,25,11.507,0,1994-06-25
1994,6,26,11.442,0,1994-06-26
1994,6,27,11.426,0,1994-06-27
1994,6,28,11.356,0,1994-06-28
1994,6,29,11.341,0,1994-06-29
1994,6,30,11.232,0,1994-06-30
1994,7,1,11.091,0,1994-07-01
1994,7,2,11,0,1994-07-02
1994,7,3,10.94,0,1994-07-03
1994,7,4,10.905,0,1994-07-04
1994,7,5,10.869,0,1994-07-05
1994,7,6,10.844,0,1994-07-06
1994,7,7,10.737,0,1994-07-07
1994,7,8,10.719,0,1994-07-08
1994,7,9,10.578,0,1994-07-09
1994,7,10,10.498,0,1994-07-10
1994,7,11,10.441,0,1994-07-11
1994,7,12,10.402,0,1994-07-12
1994,7,13,10.304,0,1994-07-13
1994,7,14,10.157,0,1994-07-14
1994,7,15,10.013,0,1994-07-15
1994,7,16,9.955,0,1994-07-16
1994,7,17,9.821,0,1994-07-17
1994,7,18,9.761,0,1994-07-18
1994,7,19,9.658,0,1994-07-19
1994,7,20,9.534,0,1994-07-20
1994,7,21,9.379,0,1994-07-21
1994,7,22,9.273,0,1994-07-22
1994,7,23,9.268,0,1994-07-23
1994,7,24,9.218,0,1994-07-24
1994,7,25,9.104,0,1994-07-25
1994,7,26,9.08,0,1994-07-26
1994,7,27,9.007,0,1994-07-27
1994,7,28,8.937,0,1994-07-28
1994,7,29,8.824,0,1994-07-29
1994,7,30,8.734,0,1994-07-30
1994,7,31,8.629,0,1994-07-31
1994,8,1,8.505,0,1994-08-01
1994,8,2,8.377,0,1994-08-02
1994,8,3,8.37,0,1994-08-03
1994,8,4,8.344,0,1994-08-04
1994,8,5,8.229,0,1994-08-05
1994,8,6,8.209,0,1994-08-06
1994,8,7,8.089,0,1994-08-07
1994,8,8,7.956,0,1994-08-08
1994,8,9,7.912,0,1994-08-09
1994,8,10,7.816,0,1994-08-10
1994,8,11,7.724,0,1994-08-11
1994,8,12,7.709,0,1994-08-12
1994,8,13,7.627,0,1994-08-13
1994,8,14,7.545,0,1994-08-14
1994,8,15,7.588,0,1994-08-15
1994,8,16,7.533,0,1994-08-16
1994,8,17,7.428,0,1994-08-17
1994,8,18,7.381,0,1994-08-18
1994,8,19,7.446,0,1994-08-19
1994,8,20,7.367,0,1994-08-20
1994,8,21,7.272,0,1994-08-21
1994,8,22,7.339,0,1994-08-22
1994,8,23,7.334,0,1994-08-23
1994,8,24,7.273,0,1994-08-24
1994,8,25,7.282,0,1994-08-25
1994,8,26,7.197,0,1994-08-26
1994,8,27,7.24,0,1994-08-27
1994,8,28,7.242,0,1994-08-28
1994,8,29,7.258,0,1994-08-29
1994,8,30,7.161,0,1994-08-30
1994,8,31,7.065,0,1994-08-31
1994,9,1,7.072,0,1994-09-01
1994,9,2,7.023,0,1994-09-02
1994,9,3,7.027,0,1994-09-03
1994,9,4,6.946,0,1994-09-04
1994,9,5,6.934,0,1994-09-05
1994,9,6,6.956,0,1994-09-06
1994,9,7,6.995,0,1994-09-07
1994,9,8,6.973,0,1994-09-08
1994,9,9,6.992,0,1994-09-09
1994,9,10,6.938,0,1994-09-10
1994,9,11,6.97,0,1994-09-11
1994,9,12,7.019,0,1994-09-12
1994,9,13,6.945,0,1994-09-13
1994,9,14,6.975,0,1994-09-14
1994,9,15,7.027,0,1994-09-15
1994,9,16,7.145,0,1994-09-16
1994,9,17,7.096,0,1994-09-17
1994,9,18,7.118,0,1994-09-18
1994,9,19,7.139,0,1994-09-19
1994,9,20,7.19,0,1994-09-20
1994,9,21,7.182,0,1994-09-21
1994,9,22,7.185,0,1994-09-22
1994,9,23,7.192,0,1994-09-23
1994,9,24,7.243,0,1994-09-24
1994,9,25,7.303,0,1994-09-25
1994,9,26,7.362,0,1994-09-26
1994,9,27,7.376,0,1994-09-27
1994,9,28,7.427,0,1994-09-28
1994,9,29,7.617,0,1994-09-29
1994,9,30,7.761,0,1994-09-30
1994,10,1,7.894,0,1994-10-01
1994,10,2,7.954,0,1994-10-02
1994,10,3,7.983,0,1994-10-03
1994,10,4,8.005,0,1994-10-04
1994,10,5,8.15,0,1994-10-05
1994,10,6,8.117,0,1994-10-06
1994,10,7,8.168,0,1994-10-07
1994,10,8,8.11,0,1994-10-08
1994,10,9,8.176,0,1994-10-09
1994,10,10,8.27,0,1994-10-10
1994,10,11,8.364,0,1994-10-11
1994,10,12,8.445,0,1994-10-12
1994,10,13,8.458,0,1994-10-13
1994,10,14,8.542,0,1994-10-14
1994,10,15,8.652,0,1994-10-15
1994,10,16,8.781,0,1994-10-16
1994,10,17,8.924,0,1994-10-17
1994,10,18,9.053,0,1994-10-18
1994,10,19,9.079,0,1994-10-19
1994,10,20,9.231,0,1994-10-20
1994,10,21,9.354,0,1994-10-21
1994,10,22,9.412,0,1994-10-22
1994,10,23,9.564,0,1994-10-23
1994,10,24,9.694,0,1994-10-24
1994,10,25,9.776,0,1994-10-25
1994,10,26,9.851,0,1994-10-26
1994,10,27,9.953,0,1994-10-27
1994,10,28,10.01,0,1994-10-28
1994,10,29,10.07,0,1994-10-29
1994,10,30,10.154,0,1994-10-30
1994,10,31,10.18,0,1994-10-31
1994,11,1,10.241,0,1994-11-01
1994,11,2,10.293,0,1994-11-02
1994,11,3,10.342,0,1994-11-03
1994,11,4,10.422,0,1994-11-04
1994,11,5,10.545,0,1994-11-05
1994,11,6,10.576,0,1994-11-06
1994,11,7,10.665,0,1994-11-07
1994,11,8,10.685,0,1994-11-08
1994,11,9,10.671,0,1994-11-09
1994,11,10,10.817,0,1994-11-10
1994,11,11,10.845,0,1994-11-11
1994,11,12,10.944,0,1994-11-12
1994,11,13,10.971,0,1994-11-13
1994,11,14,11.016,0,1994-11-14
1994,11,15,11.022,0,1994-11-15
1994,11,16,11.042,0,1994-11-16
1994,11,17,11.114,0,1994-11-17
1994,11,18,11.17,0,1994-11-18
1994,11,19,11.27,0,1994-11-19
1994,11,20,11.348,0,1994-11-20
1994,11,21,11.431,0,1994-11-21
1994,11,22,11.513,0,1994-11-22
1994,11,23,11.487,0,1994-11-23
1994,11,24,11.592,0,1994-11-24
1994,11,25,11.744,0,1994-11-25
1994,11,26,11.862,0,1994-11-26
1994,11,27,11.938,0,1994-11-27
1994,11,28,12.023,0,1994-11-28
1994,11,29,12.034,0,1994-11-29
1994,11,30,12.073,0,1994-11-30
1994,12,1,12.284,0,1994-12-01
1994,12,2,12.363,0,1994-12-02
1994,12,3,12.478,0,1994-12-03
1994,12,4,12.639,0,1994-12-04
1994,12,5,12.574,0,1994-12-05
1994,12,6,12.632,0,1994-12-06
1994,12,7,12.649,0,1994-12-07
1994,12,8,12.816,0,1994-12-08
1994,12,9,12.907,0,1994-12-09
1994,12,10,13.004,0,1994-12-10
1994,12,11,13.061,0,1994-12-11
1994,12,12,13.055,0,1994-12-12
1994,12,13,13.033,0,1994-12-13
1994,12,14,13.069,0,1994-12-14
1994,12,15,13.158,0,1994-12-15
1994,12,16,13.301,0,1994-12-16
1994,12,17,13.365,0,1994-12-17
1994,12,18,13.509,0,1994-12-18
1994,12,19,13.55,0,1994-12-19
1994,12,20,13.577,0,1994-12-20
1994,12,21,13.624,0,1994-12-21
1994,12,22,13.673,0,1994-12-22
1994,12,23,13.706,0,1994-12-23
1994,12,24,13.782,0,1994-12-24
1994,12,25,13.765,0,1994-12-25
1994,12,26,13.83,0,1994-12-26
1994,12,27,13.919,0,1994-12-27
1994,12,28,13.899,0,1994-12-28
1994,12,29,14.024,0,1994-12-29
1994,12,30,14.074,0,1994-12-30
1994,12,31,14.108,0,1994-12-31
1995,1,1,14.145,0,1995-01-01
1995,1,2,14.258,0,1995-01-02
1995,1,3,14.335,0,1995-01-03
1995,1,4,14.288,0,1995-01-04
1995,1,5,14.304,0,1995-01-05
1995,1,6,14.325,0,1995-01-06
1995,1,7,14.364,0,1995-01-07
1995,1,8,14.344,0,1995-01-08
1995,1,9,14.31,0,1995-01-09
1995,1,10,14.263,0,1995-01-10
1995,1,11,14.336,0,1995-01-11
1995,1,12,14.479,0,1995-01-12
1995,1,13,14.518,0,1995-01-13
1995,1,14,14.619,0,1995-01-14
1995,1,15,14.56,0,1995-01-15
1995,1,16,14.588,0,1995-01-16
1995,1,17,14.69,0,1995-01-17
1995,1,18,14.668,0,1995-01-18
1995,1,19,14.737,0,1995-01-19
1995,1,20,14.764,0,1995-01-20
1995,1,21,14.793,0,1995-01-21
1995,1,22,14.801,0,1995-01-22
1995,1,23,14.826,0,1995-01-23
1995,1,24,14.758,0,1995-01-24
1995,1,25,14.802,0,1995-01-25
1995,1,26,14.76,0,1995-01-26
1995,1,27,14.794,0,1995-01-27
1995,1,28,14.867,0,1995-01-28
1995,1,29,14.96,0,1995-01-29
1995,1,30,14.956,0,1995-01-30
1995,1,31,14.966,0,1995-01-31
1995,2,1,15.054,0,1995-02-01
1995,2,2,15.086,0,1995-02-02
1995,2,3,15.094,0,1995-02-03
1995,2,4,15.139,0,1995-02-04
1995,2,5,15.259,0,1995-02-05
1995,2,6,15.212,0,1995-02-06
1995,2,7,15.213,0,1995-02-07
1995,2,8,15.251,0,1995-02-08
1995,2,9,15.238,0,1995-02-09
1995,2,10,15.19,0,1995-02-10
1995,2,11,15.197,0,1995-02-11
1995,2,12,15.281,0,1995-02-12
1995,2,13,15.194,0,1995-02-13
1995,2,14,15.173,0,1995-02-14
1995,2,15,15.173,0,1995-02-15
1995,2,16,15.181,0,1995-02-16
1995,2,17,15.266,0,1995-02-17
1995,2,18,15.228,0,1995-02-18
1995,2,19,15.267,0,1995-02-19
1995,2,20,15.245,0,1995-02-20
1995,2,21,15.264,0,1995-02-21
1995,2,22,15.21,0,1995-02-22
1995,2,23,15.227,0,1995-02-23
1995,2,24,15.352,0,1995-02-24
1995,2,25,15.358,0,1995-02-25
1995,2,26,15.296,0,1995-02-26
1995,2,27,15.301,0,1995-02-27
1995,2,28,15.37,0,1995-02-28
1995,3,1,15.344,0,1995-03-01
1995,3,2,15.318,0,1995-03-02
1995,3,3,15.271,0,1995-03-03
1995,3,4,15.326,0,1995-03-04
1995,3,5,15.296,0,1995-03-05
1995,3,6,15.359,0,1995-03-06
1995,3,7,15.3,0,1995-03-07
1995,3,8,15.333,0,1995-03-08
1995,3,9,15.352,0,1995-03-09
1995,3,10,15.239,0,1995-03-10
1995,3,11,15.203,0,1995-03-11
1995,3,12,15.138,0,1995-03-12
1995,3,13,15.182,0,1995-03-13
1995,3,14,15.12,0,1995-03-14
1995,3,15,15.124,0,1995-03-15
1995,3,16,15.191,0,1995-03-16
1995,3,17,15.243,0,1995-03-17
1995,3,18,15.206,0,1995-03-18
1995,3,19,15.167,0,1995-03-19
1995,3,20,15.251,0,1995-03-20
1995,3,21,15.288,0,1995-03-21
1995,3,22,15.3,0,1995-03-22
1995,3,23,15.271,0,1995-03-23
1995,3,24,15.256,0,1995-03-24
1995,3,25,15.217,0,1995-03-25
1995,3,26,15.193,0,1995-03-26
1995,3,27,15.261,0,1995-03-27
1995,3,28,15.289,0,1995-03-28
1995,3,29,15.304,0,1995-03-29
1995,3,30,15.339,0,1995-03-30
1995,3,31,15.384,0,1995-03-31
1995,4,1,15.219,0,1995-04-01
1995,4,2,15.118,0,1995-04-02
1995,4,3,15.108,0,1995-04-03
1995,4,4,14.977,0,1995-04-04
1995,4,5,14.906,0,1995-04-05
1995,4,6,14.937,0,1995-04-06
1995,4,7,14.923,0,1995-04-07
1995,4,8,14.871,0,1995-04-08
1995,4,9,14.71,0,1995-04-09
1995,4,10,14.686,0,1995-04-10
1995,4,11,14.593,0,1995-04-11
1995,4,12,14.596,0,1995-04-12
1995,4,13,14.536,0,1995-04-13
1995,4,14,14.458,0,1995-04-14
1995,4,15,14.483,0,1995-04-15
1995,4,16,14.34,0,1995-04-16
1995,4,17,14.325,0,1995-04-17
1995,4,18,14.337,0,1995-04-18
1995,4,19,14.35,0,1995-04-19
1995,4,20,14.261,0,1995-04-20
1995,4,21,14.231,0,1995-04-21
1995,4,22,14.161,0,1995-04-22
1995,4,23,14.06,0,1995-04-23
1995,4,24,14.006,0,1995-04-24
1995,4,25,13.984,0,1995-04-25
1995,4,26,13.951,0,1995-04-26
1995,4,27,13.925,0,1995-04-27
1995,4,28,13.882,0,1995-04-28
1995,4,29,13.814,0,1995-04-29
1995,4,30,13.71,0,1995-04-30
1995,5,1,13.556,0,1995-05-01
1995,5,2,13.539,0,1995-05-02
1995,5,3,13.54,0,1995-05-03
1995,5,4,13.515,0,1995-05-04
1995,5,5,13.449,0,1995-05-05
1995,5,6,13.437,0,1995-05-06
1995,5,7,13.419,0,1995-05-07
1995,5,8,13.404,0,1995-05-08
1995,5,9,13.36,0,1995-05-09
1995,5,10,13.379,0,1995-05-10
1995,5,11,13.388,0,1995-05-11
1995,5,12,13.35,0,1995-05-12
1995,5,13,13.321,0,1995-05-13
1995,5,14,13.245,0,1995-05-14
1995,5,15,13.212,0,1995-05-15
1995,5,16,13.107,0,1995-05-16
1995,5,17,13.068,0,1995-05-17
1995,5,18,12.951,0,1995-05-18
1995,5,19,12.859,0,1995-05-19
1995,5,20,12.775,0,1995-05-20
1995,5,21,12.662,0,1995-05-21
1995,5,22,12.559,0,1995-05-22
1995,5,23,12.495,0,1995-05-23
1995,5,24,12.436,0,1995-05-24
1995,5,25,12.348,0,1995-05-25
1995,5,26,12.335,0,1995-05-26
1995,5,27,12.349,0,1995-05-27
1995,5,28,12.298,0,1995-05-28
1995,5,29,12.295,0,1995-05-29
1995,5,30,12.268,0,1995-05-30
1995,5,31,12.215,0,1995-05-31
1995,6,1,12.096,0,1995-06-01
1995,6,2,12.048,0,1995-06-02
1995,6,3,11.995,0,1995-06-03
1995,6,4,11.987,0,1995-06-04
1995,6,5,11.969,0,1995-06-05
1995,6,6,11.882,0,1995-06-06
1995,6,7,11.844,0,1995-06-07
1995,6,8,11.84,0,1995-06-08
1995,6,9,11.753,0,1995-06-09
1995,6,10,11.768,0,1995-06-10
1995,6,11,11.657,0,1995-06-11
1995,6,12,11.656,0,1995-06-12
1995,6,13,11.583,0,1995-06-13
1995,6,14,11.551,0,1995-06-14
1995,6,15,11.523,0,1995-06-15
1995,6,16,11.509,0,1995-06-16
1995,6,17,11.399,0,1995-06-17
1995,6,18,11.311,0,1995-06-18
1995,6,19,11.314,0,1995-06-19
1995,6,20,11.253,0,1995-06-20
1995,6,21,11.147,0,1995-06-21
1995,6,22,11.055,0,1995-06-22
1995,6,23,11.08,0,1995-06-23
1995,6,24,10.983,0,1995-06-24
1995,6,25,11.016,0,1995-06-25
1995,6,26,10.967,0,1995-06-26
1995,6,27,10.895,0,1995-06-27
1995,6,28,10.798,0,1995-06-28
1995,6,29,10.704,0,1995-06-29
1995,6,30,10.63,0,1995-06-30
1995,7,1,10.423,0,1995-07-01
1995,7,2,10.346,0,1995-07-02
1995,7,3,10.294,0,1995-07-03
1995,7,4,10.256,0,1995-07-04
1995,7,5,10.137,0,1995-07-05
1995,7,6,9.894,0,1995-07-06
1995,7,7,9.754,0,1995-07-07
1995,7,8,9.672,0,1995-07-08
1995,7,9,9.655,0,1995-07-09
1995,7,10,9.477,0,1995-07-10
1995,7,11,9.389,0,1995-07-11
1995,7,12,9.273,0,1995-07-12
1995,7,13,9.197,0,1995-07-13
1995,7,14,9.131,0,1995-07-14
1995,7,15,9.029,0,1995-07-15
1995,7,16,8.958,0,1995-07-16
1995,7,17,8.88,0,1995-07-17
1995,7,18,8.723,0,1995-07-18
1995,7,19,8.645,0,1995-07-19
1995,7,20,8.564,0,1995-07-20
1995,7,21,8.496,0,1995-07-21
1995,7,22,8.461,0,1995-07-22
1995,7,23,8.39,0,1995-07-23
1995,7,24,8.314,0,1995-07-24
1995,7,25,8.158,0,1995-07-25
1995,7,26,8.049,0,1995-07-26
1995,7,27,7.988,0,1995-07-27
1995,7,28,7.939,0,1995-07-28
1995,7,29,7.813,0,1995-07-29
1995,7,30,7.709,0,1995-07-30
1995,7,31,7.586,0,1995-07-31
1995,8,1,7.513,0,1995-08-01
1995,8,2,7.378,0,1995-08-02
1995,8,3,7.393,0,1995-08-03
1995,8,4,7.298,0,1995-08-04
1995,8,5,7.255,0,1995-08-05
1995,8,6,7.196,0,1995-08-06
1995,8,7,7.105,0,1995-08-07
1995,8,8,7.008,0,1995-08-08
1995,8,9,6.946,0,1995-08-09
1995,8,10,6.898,0,1995-08-10
1995,8,11,6.859,0,1995-08-11
1995,8,12,6.791,0,1995-08-12
1995,8,13,6.748,0,1995-08-13
1995,8,14,6.721,0,1995-08-14
1995,8,15,6.699,0,1995-08-15
1995,8,16,6.651,0,1995-08-16
1995,8,17,6.675,0,1995-08-17
1995,8,18,6.624,0,1995-08-18
1995,8,19,6.642,0,1995-08-19
1995,8,20,6.614,0,1995-08-20
1995,8,21,6.575,0,1995-08-21
1995,8,22,6.551,0,1995-08-22
1995,8,23,6.398,0,1995-08-23
1995,8,24,6.369,0,1995-08-24
1995,8,25,6.402,0,1995-08-25
1995,8,26,6.357,0,1995-08-26
1995,8,27,6.295,0,1995-08-27
1995,8,28,6.306,0,1995-08-28
1995,8,29,6.284,0,1995-08-29
1995,8,30,6.264,0,1995-08-30
1995,8,31,6.26,0,1995-08-31
1995,9,1,6.189,0,1995-09-01
1995,9,2,6.15,0,1995-09-02
1995,9,3,6.076,0,1995-09-03
1995,9,4,6.012,0,1995-09-04
1995,9,5,6.013,0,1995-09-05
1995,9,6,6.035,0,1995-09-06
1995,9,7,6.016,0,1995-09-07
1995,9,8,6.059,0,1995-09-08
1995,9,9,6.02,0,1995-09-09
1995,9,10,6.106,0,1995-09-10
1995,9,11,6.116,0,1995-09-11
1995,9,12,6.104,0,1995-09-12
1995,9,13,6.068,0,1995-09-13
1995,9,14,6.053,0,1995-09-14
1995,9,15,6.054,0,1995-09-15
1995,9,16,6.068,0,1995-09-16
1995,9,17,6.039,0,1995-09-17
1995,9,18,6.037,0,1995-09-18
1995,9,19,6.087,0,1995-09-19
1995,9,20,6.132,0,1995-09-20
1995,9,21,6.116,0,1995-09-21
1995,9,22,6.099,0,1995-09-22
1995,9,23,6.106,0,1995-09-23
1995,9,24,6.107,0,1995-09-24
1995,9,25,6.075,0,1995-09-25
1995,9,26,6.11,0,1995-09-26
1995,9,27,6.121,0,1995-09-27
1995,9,28,6.122,0,1995-09-28
1995,9,29,6.075,0,1995-09-29
1995,9,30,6.039,0,1995-09-30
1995,10,1,6.163,0,1995-10-01
1995,10,2,6.188,0,1995-10-02
1995,10,3,6.2,0,1995-10-03
1995,10,4,6.173,0,1995-10-04
1995,10,5,6.256,0,1995-10-05
1995,10,6,6.309,0,1995-10-06
1995,10,7,6.375,0,1995-10-07
1995,10,8,6.413,0,1995-10-08
1995,10,9,6.488,0,1995-10-09
1995,10,10,6.523,0,1995-10-10
1995,10,11,6.605,0,1995-10-11
1995,10,12,6.772,0,1995-10-12
1995,10,13,7.011,0,1995-10-13
1995,10,14,7.322,0,1995-10-14
1995,10,15,7.65,0,1995-10-15
1995,10,16,7.875,0,1995-10-16
1995,10,17,8.031,0,1995-10-17
1995,10,18,8.263,0,1995-10-18
1995,10,19,8.435,0,1995-10-19
1995,10,20,8.514,0,1995-10-20
1995,10,21,8.706,0,1995-10-21
1995,10,22,8.962,0,1995-10-22
1995,10,23,9.116,0,1995-10-23
1995,10,24,9.13,0,1995-10-24
1995,10,25,9.211,0,1995-10-25
1995,10,26,9.315,0,1995-10-26
1995,10,27,9.438,0,1995-10-27
1995,10,28,9.659,0,1995-10-28
1995,10,29,9.818,0,1995-10-29
1995,10,30,9.857,0,1995-10-30
1995,10,31,9.919,0,1995-10-31
1995,11,1,10.003,0,1995-11-01
1995,11,2,10.104,0,1995-11-02
1995,11,3,10.142,0,1995-11-03
1995,11,4,10.127,0,1995-11-04
1995,11,5,10.027,0,1995-11-05
1995,11,6,10.081,0,1995-11-06
1995,11,7,10.107,0,1995-11-07
1995,11,8,10.21,0,1995-11-08
1995,11,9,10.337,0,1995-11-09
1995,11,10,10.31,0,1995-11-10
1995,11,11,10.358,0,1995-11-11
1995,11,12,10.425,0,1995-11-12
1995,11,13,10.51,0,1995-11-13
1995,11,14,10.493,0,1995-11-14
1995,11,15,10.625,0,1995-11-15
1995,11,16,10.806,0,1995-11-16
1995,11,17,10.76,0,1995-11-17
1995,11,18,10.889,0,1995-11-18
1995,11,19,10.935,0,1995-11-19
1995,11,20,10.951,0,1995-11-20
1995,11,21,11.025,0,1995-11-21
1995,11,22,11.012,0,1995-11-22
1995,11,23,11.149,0,1995-11-23
1995,11,24,11.258,0,1995-11-24
1995,11,25,11.37,0,1995-11-25
1995,11,26,11.505,0,1995-11-26
1995,11,27,11.646,0,1995-11-27
1995,11,28,11.832,0,1995-11-28
1995,11,29,11.853,0,1995-11-29
1995,11,30,11.976,0,1995-11-30
1995,12,1,12.195,0,1995-12-01
1995,12,2,12.305,0,1995-12-02
1995,12,3,12.37,0,1995-12-03
1995,12,4,12.445,0,1995-12-04
1995,12,5,12.494,0,1995-12-05
1995,12,6,12.501,0,1995-12-06
1995,12,7,12.475,0,1995-12-07
1995,12,8,12.462,0,1995-12-08
1995,12,9,12.531,0,1995-12-09
1995,12,10,12.656,0,1995-12-10
1995,12,11,12.617,0,1995-12-11
1995,12,12,12.558,0,1995-12-12
1995,12,13,12.648,0,1995-12-13
1995,12,14,12.707,0,1995-12-14
1995,12,15,12.84,0,1995-12-15
1995,12,16,13.003,0,1995-12-16
1995,12,17,12.923,0,1995-12-17
1995,12,18,12.93,0,1995-12-18
1995,12,19,12.995,0,1995-12-19
1995,12,20,13.133,0,1995-12-20
1995,12,21,13.182,0,1995-12-21
1995,12,22,13.22,0,1995-12-22
1995,12,23,13.289,0,1995-12-23
1995,12,24,13.305,0,1995-12-24
1995,12,25,13.344,0,1995-12-25
1995,12,26,13.363,0,1995-12-26
1995,12,27,13.422,0,1995-12-27
1995,12,28,13.583,0,1995-12-28
1995,12,29,13.641,0,1995-12-29
1995,12,30,13.707,0,1995-12-30
1995,12,31,13.702,0,1995-12-31
1996,1,1,13.804,0,1996-01-01
1996,1,2,13.818,0,1996-01-02
1996,1,3,13.786,0,1996-01-03
1996,1,4,13.791,0,1996-01-04
1996,1,5,13.839,0,1996-01-05
1996,1,6,13.877,0,1996-01-06
1996,1,7,14.007,0,1996-01-07
1996,1,8,13.976,0,1996-01-08
1996,1,9,13.941,0,1996-01-09
1996,1,10,13.915,0,1996-01-10
1996,1,11,13.95,0,1996-01-11
1996,1,12,13.951,0,1996-01-12
1996,1,13,14.095,0,1996-01-13
1996,1,14,14.025,0,1996-01-14
1996,1,15,14.037,0,1996-01-15
1996,1,16,14.15,0,1996-01-16
1996,1,17,14.22,0,1996-01-17
1996,1,18,14.237,0,1996-01-18
1996,1,19,14.318,0,1996-01-19
1996,1,20,14.338,0,1996-01-20
1996,1,21,14.256,0,1996-01-21
1996,1,22,14.373,0,1996-01-22
1996,1,23,14.423,0,1996-01-23
1996,1,24,14.467,0,1996-01-24
1996,1,25,14.598,0,1996-01-25
1996,1,26,14.405,0,1996-01-26
1996,1,27,14.527,0,1996-01-27
1996,1,28,14.625,0,1996-01-28
1996,1,29,14.532,0,1996-01-29
1996,1,30,14.653,0,1996-01-30
1996,1,31,14.673,0,1996-01-31
1996,2,1,14.706,0,1996-02-01
1996,2,2,14.798,0,1996-02-02
1996,2,3,14.803,0,1996-02-03
1996,2,4,14.818,0,1996-02-04
1996,2,5,14.873,0,1996-02-05
1996,2,6,14.974,0,1996-02-06
1996,2,7,15.058,0,1996-02-07
1996,2,8,15.164,0,1996-02-08
1996,2,9,15.191,0,1996-02-09
1996,2,10,15.224,0,1996-02-10
1996,2,11,15.174,0,1996-02-11
1996,2,12,15.119,0,1996-02-12
1996,2,13,15.088,0,1996-02-13
1996,2,14,15.162,0,1996-02-14
1996,2,15,15.235,0,1996-02-15
1996,2,16,15.087,0,1996-02-16
1996,2,17,15.157,0,1996-02-17
1996,2,18,15.272,0,1996-02-18
1996,2,19,15.319,0,1996-02-19
1996,2,20,15.455,0,1996-02-20
1996,2,21,15.484,0,1996-02-21
1996,2,22,15.398,0,1996-02-22
1996,2,23,15.406,0,1996-02-23
1996,2,24,15.386,0,1996-02-24
1996,2,25,15.301,0,1996-02-25
1996,2,26,15.234,0,1996-02-26
1996,2,27,15.2,0,1996-02-27
1996,2,28,15.218,0,1996-02-28
1996,2,29,15.186,0,1996-02-29
1996,3,1,15.23,0,1996-03-01
1996,3,2,15.232,0,1996-03-02
1996,3,3,15.277,0,1996-03-03
1996,3,4,15.245,0,1996-03-04
1996,3,5,15.284,0,1996-03-05
1996,3,6,15.326,0,1996-03-06
1996,3,7,15.334,0,1996-03-07
1996,3,8,15.337,0,1996-03-08
1996,3,9,15.259,0,1996-03-09
1996,3,10,15.273,0,1996-03-10
1996,3,11,15.214,0,1996-03-11
1996,3,12,15.202,0,1996-03-12
1996,3,13,15.214,0,1996-03-13
1996,3,14,15.169,0,1996-03-14
1996,3,15,15.188,0,1996-03-15
1996,3,16,15.118,0,1996-03-16
1996,3,17,15.07,0,1996-03-17
1996,3,18,15.021,0,1996-03-18
1996,3,19,14.997,0,1996-03-19
1996,3,20,15.007,0,1996-03-20
1996,3,21,15.047,0,1996-03-21
1996,3,22,15.086,0,1996-03-22
1996,3,23,14.998,0,1996-03-23
1996,3,24,14.966,0,1996-03-24
1996,3,25,14.895,0,1996-03-25
1996,3,26,14.925,0,1996-03-26
1996,3,27,14.916,0,1996-03-27
1996,3,28,14.976,0,1996-03-28
1996,3,29,15.006,0,1996-03-29
1996,3,30,15.016,0,1996-03-30
1996,3,31,14.979,0,1996-03-31
1996,4,1,14.827,0,1996-04-01
1996,4,2,14.7,0,1996-04-02
1996,4,3,14.63,0,1996-04-03
1996,4,4,14.534,0,1996-04-04
1996,4,5,14.476,0,1996-04-05
1996,4,6,14.404,0,1996-04-06
1996,4,7,14.373,0,1996-04-07
1996,4,8,14.343,0,1996-04-08
1996,4,9,14.35,0,1996-04-09
1996,4,10,14.359,0,1996-04-10
1996,4,11,14.324,0,1996-04-11
1996,4,12,14.299,0,1996-04-12
1996,4,13,14.268,0,1996-04-13
1996,4,14,14.245,0,1996-04-14
1996,4,15,14.213,0,1996-04-15
1996,4,16,14.16,0,1996-04-16
1996,4,17,14.128,0,1996-04-17
1996,4,18,14.126,0,1996-04-18
1996,4,19,14.109,0,1996-04-19
1996,4,20,14.071,0,1996-04-20
1996,4,21,14.106,0,1996-04-21
1996,4,22,14.102,0,1996-04-22
1996,4,23,14.097,0,1996-04-23
1996,4,24,14.093,0,1996-04-24
1996,4,25,13.991,0,1996-04-25
1996,4,26,13.969,0,1996-04-26
1996,4,27,13.916,0,1996-04-27
1996,4,28,13.885,0,1996-04-28
1996,4,29,13.759,0,1996-04-29
1996,4,30,13.619,0,1996-04-30
1996,5,1,13.547,0,1996-05-01
1996,5,2,13.541,0,1996-05-02
1996,5,3,13.539,0,1996-05-03
1996,5,4,13.516,0,1996-05-04
1996,5,5,13.49,0,1996-05-05
1996,5,6,13.43,0,1996-05-06
1996,5,7,13.312,0,1996-05-07
1996,5,8,13.329,0,1996-05-08
1996,5,9,13.307,0,1996-05-09
1996,5,10,13.281,0,1996-05-10
1996,5,11,13.165,0,1996-05-11
1996,5,12,13.1,0,1996-05-12
1996,5,13,13.079,0,1996-05-13
1996,5,14,13.051,0,1996-05-14
1996,5,15,13.017,0,1996-05-15
1996,5,16,13.045,0,1996-05-16
1996,5,17,13.039,0,1996-05-17
1996,5,18,13.06,0,1996-05-18
1996,5,19,13.021,0,1996-05-19
1996,5,20,13.05,0,1996-05-20
1996,5,21,13.009,0,1996-05-21
1996,5,22,12.938,0,1996-05-22
1996,5,23,12.934,0,1996-05-23
1996,5,24,12.881,0,1996-05-24
1996,5,25,12.841,0,1996-05-25
1996,5,26,12.783,0,1996-05-26
1996,5,27,12.758,0,1996-05-27
1996,5,28,12.814,0,1996-05-28
1996,5,29,12.76,0,1996-05-29
1996,5,30,12.668,0,1996-05-30
1996,5,31,12.626,0,1996-05-31
1996,6,1,12.494,0,1996-06-01
1996,6,2,12.486,0,1996-06-02
1996,6,3,12.439,0,1996-06-03
1996,6,4,12.419,0,1996-06-04
1996,6,5,12.39,0,1996-06-05
1996,6,6,12.391,0,1996-06-06
1996,6,7,12.344,0,1996-06-07
1996,6,8,12.311,0,1996-06-08
1996,6,9,12.26,0,1996-06-09
1996,6,10,12.239,0,1996-06-10
1996,6,11,12.236,0,1996-06-11
1996,6,12,12.203,0,1996-06-12
1996,6,13,12.199,0,1996-06-13
1996,6,14,12.179,0,1996-06-14
1996,6,15,12.145,0,1996-06-15
1996,6,16,12.115,0,1996-06-16
1996,6,17,12.068,0,1996-06-17
1996,6,18,12.025,0,1996-06-18
1996,6,19,12,0,1996-06-19
1996,6,20,11.997,0,1996-06-20
1996,6,21,11.989,0,1996-06-21
1996,6,22,11.932,0,1996-06-22
1996,6,23,11.843,0,1996-06-23
1996,6,24,11.82,0,1996-06-24
1996,6,25,11.795,0,1996-06-25
1996,6,26,11.727,0,1996-06-26
1996,6,27,11.688,0,1996-06-27
1996,6,28,11.63,0,1996-06-28
1996,6,29,11.58,0,1996-06-29
1996,6,30,11.571,0,1996-06-30
1996,7,1,11.269,0,1996-07-01
1996,7,2,11.24,0,1996-07-02
1996,7,3,11.178,0,1996-07-03
1996,7,4,11.154,0,1996-07-04
1996,7,5,11.06,0,1996-07-05
1996,7,6,10.986,0,1996-07-06
1996,7,7,10.891,0,1996-07-07
1996,7,8,10.886,0,1996-07-08
1996,7,9,10.842,0,1996-07-09
1996,7,10,10.751,0,1996-07-10
1996,7,11,10.649,0,1996-07-11
1996,7,12,10.476,0,1996-07-12
1996,7,13,10.375,0,1996-07-13
1996,7,14,10.264,0,1996-07-14
1996,7,15,10.217,0,1996-07-15
1996,7,16,10.178,0,1996-07-16
1996,7,17,10.172,0,1996-07-17
1996,7,18,10.016,0,1996-07-18
1996,7,19,9.996,0,1996-07-19
1996,7,20,9.854,0,1996-07-20
1996,7,21,9.7,0,1996-07-21
1996,7,22,9.63,0,1996-07-22
1996,7,23,9.544,0,1996-07-23
1996,7,24,9.487,0,1996-07-24
1996,7,25,9.385,0,1996-07-25
1996,7,26,9.325,0,1996-07-26
1996,7,27,9.284,0,1996-07-27
1996,7,28,9.19,0,1996-07-28
1996,7,29,9.101,0,1996-07-29
1996,7,30,9.03,0,1996-07-30
1996,7,31,8.962,0,1996-07-31
1996,8,1,8.925,0,1996-08-01
1996,8,2,8.844,0,1996-08-02
1996,8,3,8.792,0,1996-08-03
1996,8,4,8.723,0,1996-08-04
1996,8,5,8.661,0,1996-08-05
1996,8,6,8.708,0,1996-08-06
1996,8,7,8.642,0,1996-08-07
1996,8,8,8.621,0,1996-08-08
1996,8,9,8.544,0,1996-08-09
1996,8,10,8.491,0,1996-08-10
1996,8,11,8.415,0,1996-08-11
1996,8,12,8.378,0,1996-08-12
1996,8,13,8.348,0,1996-08-13
1996,8,14,8.247,0,1996-08-14
1996,8,15,8.196,0,1996-08-15
1996,8,16,8.163,0,1996-08-16
1996,8,17,8.172,0,1996-08-17
1996,8,18,8.031,0,1996-08-18
1996,8,19,8.041,0,1996-08-19
1996,8,20,7.995,0,1996-08-20
1996,8,21,7.945,0,1996-08-21
1996,8,22,7.918,0,1996-08-22
1996,8,23,7.878,0,1996-08-23
1996,8,24,7.822,0,1996-08-24
1996,8,25,7.752,0,1996-08-25
1996,8,26,7.636,0,1996-08-26
1996,8,27,7.628,0,1996-08-27
1996,8,28,7.614,0,1996-08-28
1996,8,29,7.489,0,1996-08-29
1996,8,30,7.496,0,1996-08-30
1996,8,31,7.479,0,1996-08-31
1996,9,1,7.356,0,1996-09-01
1996,9,2,7.307,0,1996-09-02
1996,9,3,7.243,0,1996-09-03
1996,9,4,7.245,0,1996-09-04
1996,9,5,7.198,0,1996-09-05
1996,9,6,7.218,0,1996-09-06
1996,9,7,7.242,0,1996-09-07
1996,9,8,7.194,0,1996-09-08
1996,9,9,7.165,0,1996-09-09
1996,9,10,7.147,0,1996-09-10
1996,9,11,7.207,0,1996-09-11
1996,9,12,7.276,0,1996-09-12
1996,9,13,7.393,0,1996-09-13
1996,9,14,7.418,0,1996-09-14
1996,9,15,7.484,0,1996-09-15
1996,9,16,7.53,0,1996-09-16
1996,9,17,7.531,0,1996-09-17
1996,9,18,7.618,0,1996-09-18
1996,9,19,7.691,0,1996-09-19
1996,9,20,7.778,0,1996-09-20
1996,9,21,7.863,0,1996-09-21
1996,9,22,7.839,0,1996-09-22
1996,9,23,7.871,0,1996-09-23
1996,9,24,7.901,0,1996-09-24
1996,9,25,7.954,0,1996-09-25
1996,9,26,8.099,0,1996-09-26
1996,9,27,8.211,0,1996-09-27
1996,9,28,8.194,0,1996-09-28
1996,9,29,8.172,0,1996-09-29
1996,9,30,8.131,0,1996-09-30
1996,10,1,8.279,0,1996-10-01
1996,10,2,8.318,0,1996-10-02
1996,10,3,8.303,0,1996-10-03
1996,10,4,8.355,0,1996-10-04
1996,10,5,8.464,0,1996-10-05
1996,10,6,8.653,0,1996-10-06
1996,10,7,8.746,0,1996-10-07
1996,10,8,8.861,0,1996-10-08
1996,10,9,8.88,0,1996-10-09
1996,10,10,8.937,0,1996-10-10
1996,10,11,8.957,0,1996-10-11
1996,10,12,9.018,0,1996-10-12
1996,10,13,9.134,0,1996-10-13
1996,10,14,9.107,0,1996-10-14
1996,10,15,9.182,0,1996-10-15
1996,10,16,9.287,0,1996-10-16
1996,10,17,9.277,0,1996-10-17
1996,10,18,9.315,0,1996-10-18
1996,10,19,9.415,0,1996-10-19
1996,10,20,9.446,0,1996-10-20
1996,10,21,9.434,0,1996-10-21
1996,10,22,9.448,0,1996-10-22
1996,10,23,9.576,0,1996-10-23
1996,10,24,9.624,0,1996-10-24
1996,10,25,9.646,0,1996-10-25
1996,10,26,9.641,0,1996-10-26
1996,10,27,9.691,0,1996-10-27
1996,10,28,9.743,0,1996-10-28
1996,10,29,9.689,0,1996-10-29
1996,10,30,9.745,0,1996-10-30
1996,10,31,9.819,0,1996-10-31
1996,11,1,9.812,0,1996-11-01
1996,11,2,9.845,0,1996-11-02
1996,11,3,9.795,0,1996-11-03
1996,11,4,9.846,0,1996-11-04
1996,11,5,9.842,0,1996-11-05
1996,11,6,9.895,0,1996-11-06
1996,11,7,9.995,0,1996-11-07
1996,11,8,9.972,0,1996-11-08
1996,11,9,9.978,0,1996-11-09
1996,11,10,10.021,0,1996-11-10
1996,11,11,9.98,0,1996-11-11
1996,11,12,10.084,0,1996-11-12
1996,11,13,10.182,0,1996-11-13
1996,11,14,10.319,0,1996-11-14
1996,11,15,10.32,0,1996-11-15
1996,11,16,10.182,0,1996-11-16
1996,11,17,10.284,0,1996-11-17
1996,11,18,10.403,0,1996-11-18
1996,11,19,10.486,0,1996-11-19
1996,11,20,10.537,0,1996-11-20
1996,11,21,10.693,0,1996-11-21
1996,11,22,10.721,0,1996-11-22
1996,11,23,10.827,0,1996-11-23
1996,11,24,10.853,0,1996-11-24
1996,11,25,10.896,0,1996-11-25
1996,11,26,11.092,0,1996-11-26
1996,11,27,11.109,0,1996-11-27
1996,11,28,11.242,0,1996-11-28
1996,11,29,11.391,0,1996-11-29
1996,11,30,11.449,0,1996-11-30
1996,12,1,11.605,0,1996-12-01
1996,12,2,11.735,0,1996-12-02
1996,12,3,11.751,0,1996-12-03
1996,12,4,11.991,0,1996-12-04
1996,12,5,12.125,0,1996-12-05
1996,12,6,12.177,0,1996-12-06
1996,12,7,12.228,0,1996-12-07
1996,12,8,12.342,0,1996-12-08
1996,12,9,12.373,0,1996-12-09
1996,12,10,12.356,0,1996-12-10
1996,12,11,12.483,0,1996-12-11
1996,12,12,12.644,0,1996-12-12
1996,12,13,12.766,0,1996-12-13
1996,12,14,12.878,0,1996-12-14
1996,12,15,12.832,0,1996-12-15
1996,12,16,12.944,0,1996-12-16
1996,12,17,13.006,0,1996-12-17
1996,12,18,13.106,0,1996-12-18
1996,12,19,13.161,0,1996-12-19
1996,12,20,13.194,0,1996-12-20
1996,12,21,13.316,0,1996-12-21
1996,12,22,13.3,0,1996-12-22
1996,12,23,13.429,0,1996-12-23
1996,12,24,13.597,0,1996-12-24
1996,12,25,13.63,0,1996-12-25
1996,12,26,13.613,0,1996-12-26
1996,12,27,13.561,0,1996-12-27
1996,12,28,13.546,0,1996-12-28
1996,12,29,13.653,0,1996-12-29
1996,12,30,13.704,0,1996-12-30
1996,12,31,13.653,0,1996-12-31
1997,1,1,13.657,0,1997-01-01
1997,1,2,13.801,0,1997-01-02
1997,1,3,13.837,0,1997-01-03
1997,1,4,13.864,0,1997-01-04
1997,1,5,14.016,0,1997-01-05
1997,1,6,14.139,0,1997-01-06
1997,1,7,14.188,0,1997-01-07
1997,1,8,14.321,0,1997-01-08
1997,1,9,14.258,0,1997-01-09
1997,1,10,14.238,0,1997-01-10
1997,1,11,14.257,0,1997-01-11
1997,1,12,14.323,0,1997-01-12
1997,1,13,14.417,0,1997-01-13
1997,1,14,14.336,0,1997-01-14
1997,1,15,14.334,0,1997-01-15
1997,1,16,14.347,0,1997-01-16
1997,1,17,14.42,0,1997-01-17
1997,1,18,14.565,0,1997-01-18
1997,1,19,14.592,0,1997-01-19
1997,1,20,14.666,0,1997-01-20
1997,1,21,14.637,0,1997-01-21
1997,1,22,14.686,0,1997-01-22
1997,1,23,14.752,0,1997-01-23
1997,1,24,14.719,0,1997-01-24
1997,1,25,14.756,0,1997-01-25
1997,1,26,14.789,0,1997-01-26
1997,1,27,14.7,0,1997-01-27
1997,1,28,14.707,0,1997-01-28
1997,1,29,14.81,0,1997-01-29
1997,1,30,14.872,0,1997-01-30
1997,1,31,14.938,0,1997-01-31
1997,2,1,15.013,0,1997-02-01
1997,2,2,15.051,0,1997-02-02
1997,2,3,15.194,0,1997-02-03
1997,2,4,15.287,0,1997-02-04
1997,2,5,15.303,0,1997-02-05
1997,2,6,15.369,0,1997-02-06
1997,2,7,15.394,0,1997-02-07
1997,2,8,15.418,0,1997-02-08
1997,2,9,15.377,0,1997-02-09
1997,2,10,15.452,0,1997-02-10
1997,2,11,15.461,0,1997-02-11
1997,2,12,15.418,0,1997-02-12
1997,2,13,15.499,0,1997-02-13
1997,2,14,15.509,0,1997-02-14
1997,2,15,15.574,0,1997-02-15
1997,2,16,15.649,0,1997-02-16
1997,2,17,15.65,0,1997-02-17
1997,2,18,15.635,0,1997-02-18
1997,2,19,15.5,0,1997-02-19
1997,2,20,15.481,0,1997-02-20
1997,2,21,15.538,0,1997-02-21
1997,2,22,15.533,0,1997-02-22
1997,2,23,15.466,0,1997-02-23
1997,2,24,15.496,0,1997-02-24
1997,2,25,15.447,0,1997-02-25
1997,2,26,15.41,0,1997-02-26
1997,2,27,15.469,0,1997-02-27
1997,2,28,15.635,0,1997-02-28
1997,3,1,15.578,0,1997-03-01
1997,3,2,15.617,0,1997-03-02
1997,3,3,15.406,0,1997-03-03
1997,3,4,15.353,0,1997-03-04
1997,3,5,15.333,0,1997-03-05
1997,3,6,15.379,0,1997-03-06
1997,3,7,15.372,0,1997-03-07
1997,3,8,15.361,0,1997-03-08
1997,3,9,15.323,0,1997-03-09
1997,3,10,15.342,0,1997-03-10
1997,3,11,15.386,0,1997-03-11
1997,3,12,15.408,0,1997-03-12
1997,3,13,15.519,0,1997-03-13
1997,3,14,15.488,0,1997-03-14
1997,3,15,15.505,0,1997-03-15
1997,3,16,15.504,0,1997-03-16
1997,3,17,15.567,0,1997-03-17
1997,3,18,15.597,0,1997-03-18
1997,3,19,15.6,0,1997-03-19
1997,3,20,15.684,0,1997-03-20
1997,3,21,15.66,0,1997-03-21
1997,3,22,15.556,0,1997-03-22
1997,3,23,15.645,0,1997-03-23
1997,3,24,15.623,0,1997-03-24
1997,3,25,15.63,0,1997-03-25
1997,3,26,15.554,0,1997-03-26
1997,3,27,15.324,0,1997-03-27
1997,3,28,15.24,0,1997-03-28
1997,3,29,15.282,0,1997-03-29
1997,3,30,15.333,0,1997-03-30
1997,3,31,15.324,0,1997-03-31
1997,4,1,15.206,0,1997-04-01
1997,4,2,15.216,0,1997-04-02
1997,4,3,15.174,0,1997-04-03
1997,4,4,15.077,0,1997-04-04
1997,4,5,15.062,0,1997-04-05
1997,4,6,15.093,0,1997-04-06
1997,4,7,15.154,0,1997-04-07
1997,4,8,15.072,0,1997-04-08
1997,4,9,14.92,0,1997-04-09
1997,4,10,14.786,0,1997-04-10
1997,4,11,14.734,0,1997-04-11
1997,4,12,14.606,0,1997-04-12
1997,4,13,14.617,0,1997-04-13
1997,4,14,14.527,0,1997-04-14
1997,4,15,14.5,0,1997-04-15
1997,4,16,14.43,0,1997-04-16
1997,4,17,14.334,0,1997-04-17
1997,4,18,14.301,0,1997-04-18
1997,4,19,14.271,0,1997-04-19
1997,4,20,14.245,0,1997-04-20
1997,4,21,14.243,0,1997-04-21
1997,4,22,14.207,0,1997-04-22
1997,4,23,14.186,0,1997-04-23
1997,4,24,14.145,0,1997-04-24
1997,4,25,14.18,0,1997-04-25
1997,4,26,14.145,0,1997-04-26
1997,4,27,14.157,0,1997-04-27
1997,4,28,14.152,0,1997-04-28
1997,4,29,14.118,0,1997-04-29
1997,4,30,14.033,0,1997-04-30
1997,5,1,13.906,0,1997-05-01
1997,5,2,13.877,0,1997-05-02
1997,5,3,13.829,0,1997-05-03
1997,5,4,13.862,0,1997-05-04
1997,5,5,13.791,0,1997-05-05
1997,5,6,13.794,0,1997-05-06
1997,5,7,13.688,0,1997-05-07
1997,5,8,13.556,0,1997-05-08
1997,5,9,13.497,0,1997-05-09
1997,5,10,13.522,0,1997-05-10
1997,5,11,13.458,0,1997-05-11
1997,5,12,13.387,0,1997-05-12
1997,5,13,13.315,0,1997-05-13
1997,5,14,13.282,0,1997-05-14
1997,5,15,13.193,0,1997-05-15
1997,5,16,13.154,0,1997-05-16
1997,5,17,13.055,0,1997-05-17
1997,5,18,12.965,0,1997-05-18
1997,5,19,13.022,0,1997-05-19
1997,5,20,12.88,0,1997-05-20
1997,5,21,12.762,0,1997-05-21
1997,5,22,12.772,0,1997-05-22
1997,5,23,12.787,0,1997-05-23
1997,5,24,12.753,0,1997-05-24
1997,5,25,12.721,0,1997-05-25
1997,5,26,12.711,0,1997-05-26
1997,5,27,12.675,0,1997-05-27
1997,5,28,12.611,0,1997-05-28
1997,5,29,12.607,0,1997-05-29
1997,5,30,12.578,0,1997-05-30
1997,5,31,12.482,0,1997-05-31
1997,6,1,12.29,0,1997-06-01
1997,6,2,12.285,0,1997-06-02
1997,6,3,12.283,0,1997-06-03
1997,6,4,12.219,0,1997-06-04
1997,6,5,12.23,0,1997-06-05
1997,6,6,12.206,0,1997-06-06
1997,6,7,12.213,0,1997-06-07
1997,6,8,12.248,0,1997-06-08
1997,6,9,12.2,0,1997-06-09
1997,6,10,12.167,0,1997-06-10
1997,6,11,12.042,0,1997-06-11
1997,6,12,12.01,0,1997-06-12
1997,6,13,11.974,0,1997-06-13
1997,6,14,11.968,0,1997-06-14
1997,6,15,11.873,0,1997-06-15
1997,6,16,11.811,0,1997-06-16
1997,6,17,11.691,0,1997-06-17
1997,6,18,11.664,0,1997-06-18
1997,6,19,11.583,0,1997-06-19
1997,6,20,11.513,0,1997-06-20
1997,6,21,11.459,0,1997-06-21
1997,6,22,11.397,0,1997-06-22
1997,6,23,11.352,0,1997-06-23
1997,6,24,11.34,0,1997-06-24
1997,6,25,11.276,0,1997-06-25
1997,6,26,11.148,0,1997-06-26
1997,6,27,11.054,0,1997-06-27
1997,6,28,10.968,0,1997-06-28
1997,6,29,10.878,0,1997-06-29
1997,6,30,10.809,0,1997-06-30
1997,7,1,10.667,0,1997-07-01
1997,7,2,10.577,0,1997-07-02
1997,7,3,10.544,0,1997-07-03
1997,7,4,10.484,0,1997-07-04
1997,7,5,10.383,0,1997-07-05
1997,7,6,10.322,0,1997-07-06
1997,7,7,10.221,0,1997-07-07
1997,7,8,10.132,0,1997-07-08
1997,7,9,10.081,0,1997-07-09
1997,7,10,9.948,0,1997-07-10
1997,7,11,9.722,0,1997-07-11
1997,7,12,9.735,0,1997-07-12
1997,7,13,9.652,0,1997-07-13
1997,7,14,9.512,0,1997-07-14
1997,7,15,9.37,0,1997-07-15
1997,7,16,9.322,0,1997-07-16
1997,7,17,9.319,0,1997-07-17
1997,7,18,9.233,0,1997-07-18
1997,7,19,9.101,0,1997-07-19
1997,7,20,9.088,0,1997-07-20
1997,7,21,9.037,0,1997-07-21
1997,7,22,8.949,0,1997-07-22
1997,7,23,8.751,0,1997-07-23
1997,7,24,8.696,0,1997-07-24
1997,7,25,8.553,0,1997-07-25
1997,7,26,8.542,0,1997-07-26
1997,7,27,8.53,0,1997-07-27
1997,7,28,8.543,0,1997-07-28
1997,7,29,8.39,0,1997-07-29
1997,7,30,8.252,0,1997-07-30
1997,7,31,8.08,0,1997-07-31
1997,8,1,7.979,0,1997-08-01
1997,8,2,7.913,0,1997-08-02
1997,8,3,7.863,0,1997-08-03
1997,8,4,7.755,0,1997-08-04
1997,8,5,7.78,0,1997-08-05
1997,8,6,7.701,0,1997-08-06
1997,8,7,7.577,0,1997-08-07
1997,8,8,7.533,0,1997-08-08
1997,8,9,7.486,0,1997-08-09
1997,8,10,7.367,0,1997-08-10
1997,8,11,7.399,0,1997-08-11
1997,8,12,7.345,0,1997-08-12
1997,8,13,7.296,0,1997-08-13
1997,8,14,7.343,0,1997-08-14
1997,8,15,7.315,0,1997-08-15
1997,8,16,7.275,0,1997-08-16
1997,8,17,7.239,0,1997-08-17
1997,8,18,7.204,0,1997-08-18
1997,8,19,7.242,0,1997-08-19
1997,8,20,7.147,0,1997-08-20
1997,8,21,7.185,0,1997-08-21
1997,8,22,7.224,0,1997-08-22
1997,8,23,7.151,0,1997-08-23
1997,8,24,7.012,0,1997-08-24
1997,8,25,6.906,0,1997-08-25
1997,8,26,6.822,0,1997-08-26
1997,8,27,6.806,0,1997-08-27
1997,8,28,6.774,0,1997-08-28
1997,8,29,6.741,0,1997-08-29
1997,8,30,6.722,0,1997-08-30
1997,8,31,6.734,0,1997-08-31
1997,9,1,6.671,0,1997-09-01
1997,9,2,6.628,0,1997-09-02
1997,9,3,6.602,0,1997-09-03
1997,9,4,6.632,0,1997-09-04
1997,9,5,6.684,0,1997-09-05
1997,9,6,6.661,0,1997-09-06
1997,9,7,6.707,0,1997-09-07
1997,9,8,6.69,0,1997-09-08
1997,9,9,6.663,0,1997-09-09
1997,9,10,6.701,0,1997-09-10
1997,9,11,6.702,0,1997-09-11
1997,9,12,6.658,0,1997-09-12
1997,9,13,6.686,0,1997-09-13
1997,9,14,6.686,0,1997-09-14
1997,9,15,6.678,0,1997-09-15
1997,9,16,6.654,0,1997-09-16
1997,9,17,6.644,0,1997-09-17
1997,9,18,6.645,0,1997-09-18
1997,9,19,6.623,0,1997-09-19
1997,9,20,6.612,0,1997-09-20
1997,9,21,6.661,0,1997-09-21
1997,9,22,6.617,0,1997-09-22
1997,9,23,6.624,0,1997-09-23
1997,9,24,6.671,0,1997-09-24
1997,9,25,6.737,0,1997-09-25
1997,9,26,6.72,0,1997-09-26
1997,9,27,6.759,0,1997-09-27
1997,9,28,6.797,0,1997-09-28
1997,9,29,6.894,0,1997-09-29
1997,9,30,6.883,0,1997-09-30
1997,10,1,7.066,0,1997-10-01
1997,10,2,7.108,0,1997-10-02
1997,10,3,7.223,0,1997-10-03
1997,10,4,7.339,0,1997-10-04
1997,10,5,7.425,0,1997-10-05
1997,10,6,7.367,0,1997-10-06
1997,10,7,7.422,0,1997-10-07
1997,10,8,7.531,0,1997-10-08
1997,10,9,7.739,0,1997-10-09
1997,10,10,7.814,0,1997-10-10
1997,10,11,7.805,0,1997-10-11
1997,10,12,7.95,0,1997-10-12
1997,10,13,8.109,0,1997-10-13
1997,10,14,8.322,0,1997-10-14
1997,10,15,8.263,0,1997-10-15
1997,10,16,8.312,0,1997-10-16
1997,10,17,8.433,0,1997-10-17
1997,10,18,8.516,0,1997-10-18
1997,10,19,8.562,0,1997-10-19
1997,10,20,8.648,0,1997-10-20
1997,10,21,8.788,0,1997-10-21
1997,10,22,8.921,0,1997-10-22
1997,10,23,8.891,0,1997-10-23
1997,10,24,9.048,0,1997-10-24
1997,10,25,9.126,0,1997-10-25
1997,10,26,9.244,0,1997-10-26
1997,10,27,9.334,0,1997-10-27
1997,10,28,9.407,0,1997-10-28
1997,10,29,9.472,0,1997-10-29
1997,10,30,9.57,0,1997-10-30
1997,10,31,9.678,0,1997-10-31
1997,11,1,9.788,0,1997-11-01
1997,11,2,9.797,0,1997-11-02
1997,11,3,9.907,0,1997-11-03
1997,11,4,9.936,0,1997-11-04
1997,11,5,10.013,0,1997-11-05
1997,11,6,10.13,0,1997-11-06
1997,11,7,10.108,0,1997-11-07
1997,11,8,10.158,0,1997-11-08
1997,11,9,10.292,0,1997-11-09
1997,11,10,10.358,0,1997-11-10
1997,11,11,10.425,0,1997-11-11
1997,11,12,10.455,0,1997-11-12
1997,11,13,10.504,0,1997-11-13
1997,11,14,10.687,0,1997-11-14
1997,11,15,10.576,0,1997-11-15
1997,11,16,10.578,0,1997-11-16
1997,11,17,10.572,0,1997-11-17
1997,11,18,10.713,0,1997-11-18
1997,11,19,10.77,0,1997-11-19
1997,11,20,10.824,0,1997-11-20
1997,11,21,10.89,0,1997-11-21
1997,11,22,10.977,0,1997-11-22
1997,11,23,11.015,0,1997-11-23
1997,11,24,11.155,0,1997-11-24
1997,11,25,11.288,0,1997-11-25
1997,11,26,11.473,0,1997-11-26
1997,11,27,11.618,0,1997-11-27
1997,11,28,11.747,0,1997-11-28
1997,11,29,11.827,0,1997-11-29
1997,11,30,11.944,0,1997-11-30
1997,12,1,12.249,0,1997-12-01
1997,12,2,12.34,0,1997-12-02
1997,12,3,12.287,0,1997-12-03
1997,12,4,12.343,0,1997-12-04
1997,12,5,12.44,0,1997-12-05
1997,12,6,12.515,0,1997-12-06
1997,12,7,12.526,0,1997-12-07
1997,12,8,12.728,0,1997-12-08
1997,12,9,12.745,0,1997-12-09
1997,12,10,12.72,0,1997-12-10
1997,12,11,12.786,0,1997-12-11
1997,12,12,12.712,0,1997-12-12
1997,12,13,12.786,0,1997-12-13
1997,12,14,12.899,0,1997-12-14
1997,12,15,12.979,0,1997-12-15
1997,12,16,13.035,0,1997-12-16
1997,12,17,13.097,0,1997-12-17
1997,12,18,13.168,0,1997-12-18
1997,12,19,13.25,0,1997-12-19
1997,12,20,13.343,0,1997-12-20
1997,12,21,13.328,0,1997-12-21
1997,12,22,13.4,0,1997-12-22
1997,12,23,13.443,0,1997-12-23
1997,12,24,13.579,0,1997-12-24
1997,12,25,13.659,0,1997-12-25
1997,12,26,13.695,0,1997-12-26
1997,12,27,13.723,0,1997-12-27
1997,12,28,13.812,0,1997-12-28
1997,12,29,13.83,0,1997-12-29
1997,12,30,14.002,0,1997-12-30
1997,12,31,13.943,0,1997-12-31
1998,1,1,14.025,0,1998-01-01
1998,1,2,14.097,0,1998-01-02
1998,1,3,14.262,0,1998-01-03
1998,1,4,14.277,0,1998-01-04
1998,1,5,14.217,0,1998-01-05
1998,1,6,14.263,0,1998-01-06
1998,1,7,14.304,0,1998-01-07
1998,1,8,14.321,0,1998-01-08
1998,1,9,14.46,0,1998-01-09
1998,1,10,14.465,0,1998-01-10
1998,1,11,14.467,0,1998-01-11
1998,1,12,14.483,0,1998-01-12
1998,1,13,14.568,0,1998-01-13
1998,1,14,14.672,0,1998-01-14
1998,1,15,14.709,0,1998-01-15
1998,1,16,14.688,0,1998-01-16
1998,1,17,14.732,0,1998-01-17
1998,1,18,14.801,0,1998-01-18
1998,1,19,14.81,0,1998-01-19
1998,1,20,14.93,0,1998-01-20
1998,1,21,14.897,0,1998-01-21
1998,1,22,14.936,0,1998-01-22
1998,1,23,14.96,0,1998-01-23
1998,1,24,14.987,0,1998-01-24
1998,1,25,15.107,0,1998-01-25
1998,1,26,15.185,0,1998-01-26
1998,1,27,15.183,0,1998-01-27
1998,1,28,15.251,0,1998-01-28
1998,1,29,15.375,0,1998-01-29
1998,1,30,15.425,0,1998-01-30
1998,1,31,15.479,0,1998-01-31
1998,2,1,15.512,0,1998-02-01
1998,2,2,15.58,0,1998-02-02
1998,2,3,15.664,0,1998-02-03
1998,2,4,15.663,0,1998-02-04
1998,2,5,15.658,0,1998-02-05
1998,2,6,15.661,0,1998-02-06
1998,2,7,15.642,0,1998-02-07
1998,2,8,15.62,0,1998-02-08
1998,2,9,15.572,0,1998-02-09
1998,2,10,15.581,0,1998-02-10
1998,2,11,15.57,0,1998-02-11
1998,2,12,15.592,0,1998-02-12
1998,2,13,15.676,0,1998-02-13
1998,2,14,15.697,0,1998-02-14
1998,2,15,15.629,0,1998-02-15
1998,2,16,15.648,0,1998-02-16
1998,2,17,15.704,0,1998-02-17
1998,2,18,15.846,0,1998-02-18
1998,2,19,15.841,0,1998-02-19
1998,2,20,15.904,0,1998-02-20
1998,2,21,15.94,0,1998-02-21
1998,2,22,15.925,0,1998-02-22
1998,2,23,15.985,0,1998-02-23
1998,2,24,15.982,0,1998-02-24
1998,2,25,16.07,0,1998-02-25
1998,2,26,16.032,0,1998-02-26
1998,2,27,15.904,0,1998-02-27
1998,2,28,15.785,0,1998-02-28
1998,3,1,15.786,0,1998-03-01
1998,3,2,15.738,0,1998-03-02
1998,3,3,15.741,0,1998-03-03
1998,3,4,15.711,0,1998-03-04
1998,3,5,15.702,0,1998-03-05
1998,3,6,15.74,0,1998-03-06
1998,3,7,15.753,0,1998-03-07
1998,3,8,15.785,0,1998-03-08
1998,3,9,15.835,0,1998-03-09
1998,3,10,15.791,0,1998-03-10
1998,3,11,15.755,0,1998-03-11
1998,3,12,15.704,0,1998-03-12
1998,3,13,15.681,0,1998-03-13
1998,3,14,15.639,0,1998-03-14
1998,3,15,15.681,0,1998-03-15
1998,3,16,15.565,0,1998-03-16
1998,3,17,15.562,0,1998-03-17
1998,3,18,15.602,0,1998-03-18
1998,3,19,15.577,0,1998-03-19
1998,3,20,15.621,0,1998-03-20
1998,3,21,15.438,0,1998-03-21
1998,3,22,15.405,0,1998-03-22
1998,3,23,15.355,0,1998-03-23
1998,3,24,15.363,0,1998-03-24
1998,3,25,15.356,0,1998-03-25
1998,3,26,15.423,0,1998-03-26
1998,3,27,15.45,0,1998-03-27
1998,3,28,15.445,0,1998-03-28
1998,3,29,15.506,0,1998-03-29
1998,3,30,15.381,0,1998-03-30
1998,3,31,15.45,0,1998-03-31
1998,4,1,15.37,0,1998-04-01
1998,4,2,15.434,0,1998-04-02
1998,4,3,15.436,0,1998-04-03
1998,4,4,15.465,0,1998-04-04
1998,4,5,15.376,0,1998-04-05
1998,4,6,15.34,0,1998-04-06
1998,4,7,15.268,0,1998-04-07
1998,4,8,15.269,0,1998-04-08
1998,4,9,15.29,0,1998-04-09
1998,4,10,15.175,0,1998-04-10
1998,4,11,15.029,0,1998-04-11
1998,4,12,14.979,0,1998-04-12
1998,4,13,14.962,0,1998-04-13
1998,4,14,14.942,0,1998-04-14
1998,4,15,14.869,0,1998-04-15
1998,4,16,14.824,0,1998-04-16
1998,4,17,14.862,0,1998-04-17
1998,4,18,14.826,0,1998-04-18
1998,4,19,14.746,0,1998-04-19
1998,4,20,14.685,0,1998-04-20
1998,4,21,14.619,0,1998-04-21
1998,4,22,14.594,0,1998-04-22
1998,4,23,14.535,0,1998-04-23
1998,4,24,14.477,0,1998-04-24
1998,4,25,14.477,0,1998-04-25
1998,4,26,14.416,0,1998-04-26
1998,4,27,14.415,0,1998-04-27
1998,4,28,14.395,0,1998-04-28
1998,4,29,14.381,0,1998-04-29
1998,4,30,14.302,0,1998-04-30
1998,5,1,14.157,0,1998-05-01
1998,5,2,14.168,0,1998-05-02
1998,5,3,14.184,0,1998-05-03
1998,5,4,14.142,0,1998-05-04
1998,5,5,14.091,0,1998-05-05
1998,5,6,14.064,0,1998-05-06
1998,5,7,14.051,0,1998-05-07
1998,5,8,14.096,0,1998-05-08
1998,5,9,14.01,0,1998-05-09
1998,5,10,13.991,0,1998-05-10
1998,5,11,13.967,0,1998-05-11
1998,5,12,13.902,0,1998-05-12
1998,5,13,13.853,0,1998-05-13
1998,5,14,13.795,0,1998-05-14
1998,5,15,13.753,0,1998-05-15
1998,5,16,13.582,0,1998-05-16
1998,5,17,13.509,0,1998-05-17
1998,5,18,13.454,0,1998-05-18
1998,5,19,13.361,0,1998-05-19
1998,5,20,13.369,0,1998-05-20
1998,5,21,13.299,0,1998-05-21
1998,5,22,13.284,0,1998-05-22
1998,5,23,13.271,0,1998-05-23
1998,5,24,13.186,0,1998-05-24
1998,5,25,13.133,0,1998-05-25
1998,5,26,13.058,0,1998-05-26
1998,5,27,13.003,0,1998-05-27
1998,5,28,12.943,0,1998-05-28
1998,5,29,12.903,0,1998-05-29
1998,5,30,12.881,0,1998-05-30
1998,5,31,12.825,0,1998-05-31
1998,6,1,12.638,0,1998-06-01
1998,6,2,12.603,0,1998-06-02
1998,6,3,12.535,0,1998-06-03
1998,6,4,12.463,0,1998-06-04
1998,6,5,12.443,0,1998-06-05
1998,6,6,12.347,0,1998-06-06
1998,6,7,12.257,0,1998-06-07
1998,6,8,12.195,0,1998-06-08
1998,6,9,12.232,0,1998-06-09
1998,6,10,12.138,0,1998-06-10
1998,6,11,12.081,0,1998-06-11
1998,6,12,12.037,0,1998-06-12
1998,6,13,11.935,0,1998-06-13
1998,6,14,11.877,0,1998-06-14
1998,6,15,11.803,0,1998-06-15
1998,6,16,11.752,0,1998-06-16
1998,6,17,11.661,0,1998-06-17
1998,6,18,11.59,0,1998-06-18
1998,6,19,11.545,0,1998-06-19
1998,6,20,11.437,0,1998-06-20
1998,6,21,11.346,0,1998-06-21
1998,6,22,11.271,0,1998-06-22
1998,6,23,11.153,0,1998-06-23
1998,6,24,11.066,0,1998-06-24
1998,6,25,10.994,0,1998-06-25
1998,6,26,10.945,0,1998-06-26
1998,6,27,10.848,0,1998-06-27
1998,6,28,10.73,0,1998-06-28
1998,6,29,10.662,0,1998-06-29
1998,6,30,10.587,0,1998-06-30
1998,7,1,10.365,0,1998-07-01
1998,7,2,10.36,0,1998-07-02
1998,7,3,10.293,0,1998-07-03
1998,7,4,10.25,0,1998-07-04
1998,7,5,10.188,0,1998-07-05
1998,7,6,10.101,0,1998-07-06
1998,7,7,10.041,0,1998-07-07
1998,7,8,9.99,0,1998-07-08
1998,7,9,9.929,0,1998-07-09
1998,7,10,9.82,0,1998-07-10
1998,7,11,9.699,0,1998-07-11
1998,7,12,9.688,0,1998-07-12
1998,7,13,9.655,0,1998-07-13
1998,7,14,9.634,0,1998-07-14
1998,7,15,9.523,0,1998-07-15
1998,7,16,9.414,0,1998-07-16
1998,7,17,9.318,0,1998-07-17
1998,7,18,9.275,0,1998-07-18
1998,7,19,9.215,0,1998-07-19
1998,7,20,9.144,0,1998-07-20
1998,7,21,9.037,0,1998-07-21
1998,7,22,8.972,0,1998-07-22
1998,7,23,8.889,0,1998-07-23
1998,7,24,8.812,0,1998-07-24
1998,7,25,8.727,0,1998-07-25
1998,7,26,8.72,0,1998-07-26
1998,7,27,8.71,0,1998-07-27
1998,7,28,8.621,0,1998-07-28
1998,7,29,8.577,0,1998-07-29
1998,7,30,8.493,0,1998-07-30
1998,7,31,8.41,0,1998-07-31
1998,8,1,8.309,0,1998-08-01
1998,8,2,8.201,0,1998-08-02
1998,8,3,8.243,0,1998-08-03
1998,8,4,8.198,0,1998-08-04
1998,8,5,8.146,0,1998-08-05
1998,8,6,8.056,0,1998-08-06
1998,8,7,8.002,0,1998-08-07
1998,8,8,7.94,0,1998-08-08
1998,8,9,7.869,0,1998-08-09
1998,8,10,7.793,0,1998-08-10
1998,8,11,7.744,0,1998-08-11
1998,8,12,7.76,0,1998-08-12
1998,8,13,7.68,0,1998-08-13
1998,8,14,7.571,0,1998-08-14
1998,8,15,7.427,0,1998-08-15
1998,8,16,7.469,0,1998-08-16
1998,8,17,7.467,0,1998-08-17
1998,8,18,7.377,0,1998-08-18
1998,8,19,7.318,0,1998-08-19
1998,8,20,7.292,0,1998-08-20
1998,8,21,7.186,0,1998-08-21
1998,8,22,7.16,0,1998-08-22
1998,8,23,7.188,0,1998-08-23
1998,8,24,7.103,0,1998-08-24
1998,8,25,7.064,0,1998-08-25
1998,8,26,7.031,0,1998-08-26
1998,8,27,6.956,0,1998-08-27
1998,8,28,6.856,0,1998-08-28
1998,8,29,6.796,0,1998-08-29
1998,8,30,6.796,0,1998-08-30
1998,8,31,6.777,0,1998-08-31
1998,9,1,6.705,0,1998-09-01
1998,9,2,6.705,0,1998-09-02
1998,9,3,6.639,0,1998-09-03
1998,9,4,6.634,0,1998-09-04
1998,9,5,6.58,0,1998-09-05
1998,9,6,6.514,0,1998-09-06
1998,9,7,6.496,0,1998-09-07
1998,9,8,6.482,0,1998-09-08
1998,9,9,6.469,0,1998-09-09
1998,9,10,6.482,0,1998-09-10
1998,9,11,6.403,0,1998-09-11
1998,9,12,6.439,0,1998-09-12
1998,9,13,6.469,0,1998-09-13
1998,9,14,6.429,0,1998-09-14
1998,9,15,6.407,0,1998-09-15
1998,9,16,6.352,0,1998-09-16
1998,9,17,6.293,0,1998-09-17
1998,9,18,6.316,0,1998-09-18
1998,9,19,6.39,0,1998-09-19
1998,9,20,6.434,0,1998-09-20
1998,9,21,6.561,0,1998-09-21
1998,9,22,6.573,0,1998-09-22
1998,9,23,6.549,0,1998-09-23
1998,9,24,6.512,0,1998-09-24
1998,9,25,6.573,0,1998-09-25
1998,9,26,6.55,0,1998-09-26
1998,9,27,6.605,0,1998-09-27
1998,9,28,6.69,0,1998-09-28
1998,9,29,6.858,0,1998-09-29
1998,9,30,6.972,0,1998-09-30
1998,10,1,7.248,0,1998-10-01
1998,10,2,7.405,0,1998-10-02
1998,10,3,7.571,0,1998-10-03
1998,10,4,7.67,0,1998-10-04
1998,10,5,7.756,0,1998-10-05
1998,10,6,7.825,0,1998-10-06
1998,10,7,7.893,0,1998-10-07
1998,10,8,7.912,0,1998-10-08
1998,10,9,8.008,0,1998-10-09
1998,10,10,8.065,0,1998-10-10
1998,10,11,8.071,0,1998-10-11
1998,10,12,8.182,0,1998-10-12
1998,10,13,8.178,0,1998-10-13
1998,10,14,8.24,0,1998-10-14
1998,10,15,8.266,0,1998-10-15
1998,10,16,8.406,0,1998-10-16
1998,10,17,8.547,0,1998-10-17
1998,10,18,8.683,0,1998-10-18
1998,10,19,8.649,0,1998-10-19
1998,10,20,8.733,0,1998-10-20
1998,10,21,8.89,0,1998-10-21
1998,10,22,8.943,0,1998-10-22
1998,10,23,9.077,0,1998-10-23
1998,10,24,9.19,0,1998-10-24
1998,10,25,9.2,0,1998-10-25
1998,10,26,9.115,0,1998-10-26
1998,10,27,9.185,0,1998-10-27
1998,10,28,9.193,0,1998-10-28
1998,10,29,9.27,0,1998-10-29
1998,10,30,9.279,0,1998-10-30
1998,10,31,9.358,0,1998-10-31
1998,11,1,9.523,0,1998-11-01
1998,11,2,9.678,0,1998-11-02
1998,11,3,9.76,0,1998-11-03
1998,11,4,9.782,0,1998-11-04
1998,11,5,9.774,0,1998-11-05
1998,11,6,9.776,0,1998-11-06
1998,11,7,9.871,0,1998-11-07
1998,11,8,9.905,0,1998-11-08
1998,11,9,9.945,0,1998-11-09
1998,11,10,10.035,0,1998-11-10
1998,11,11,10.127,0,1998-11-11
1998,11,12,10.257,0,1998-11-12
1998,11,13,10.319,0,1998-11-13
1998,11,14,10.377,0,1998-11-14
1998,11,15,10.462,0,1998-11-15
1998,11,16,10.497,0,1998-11-16
1998,11,17,10.525,0,1998-11-17
1998,11,18,10.607,0,1998-11-18
1998,11,19,10.705,0,1998-11-19
1998,11,20,10.715,0,1998-11-20
1998,11,21,10.772,0,1998-11-21
1998,11,22,10.794,0,1998-11-22
1998,11,23,10.857,0,1998-11-23
1998,11,24,10.975,0,1998-11-24
1998,11,25,11.043,0,1998-11-25
1998,11,26,11.088,0,1998-11-26
1998,11,27,11.198,0,1998-11-27
1998,11,28,11.256,0,1998-11-28
1998,11,29,11.289,0,1998-11-29
1998,11,30,11.306,0,1998-11-30
1998,12,1,11.543,0,1998-12-01
1998,12,2,11.674,0,1998-12-02
1998,12,3,11.699,0,1998-12-03
1998,12,4,11.752,0,1998-12-04
1998,12,5,11.844,0,1998-12-05
1998,12,6,11.955,0,1998-12-06
1998,12,7,12.239,0,1998-12-07
1998,12,8,12.199,0,1998-12-08
1998,12,9,12.232,0,1998-12-09
1998,12,10,12.258,0,1998-12-10
1998,12,11,12.285,0,1998-12-11
1998,12,12,12.386,0,1998-12-12
1998,12,13,12.465,0,1998-12-13
1998,12,14,12.559,0,1998-12-14
1998,12,15,12.596,0,1998-12-15
1998,12,16,12.688,0,1998-12-16
1998,12,17,12.84,0,1998-12-17
1998,12,18,13.041,0,1998-12-18
1998,12,19,13.076,0,1998-12-19
1998,12,20,13.164,0,1998-12-20
1998,12,21,13.23,0,1998-12-21
1998,12,22,13.315,0,1998-12-22
1998,12,23,13.405,0,1998-12-23
1998,12,24,13.53,0,1998-12-24
1998,12,25,13.543,0,1998-12-25
1998,12,26,13.575,0,1998-12-26
1998,12,27,13.535,0,1998-12-27
1998,12,28,13.641,0,1998-12-28
1998,12,29,13.685,0,1998-12-29
1998,12,30,13.784,0,1998-12-30
1998,12,31,13.78,0,1998-12-31
1999,1,1,13.823,0,1999-01-01
1999,1,2,13.886,0,1999-01-02
1999,1,3,13.884,0,1999-01-03
1999,1,4,13.913,0,1999-01-04
1999,1,5,13.89,0,1999-01-05
1999,1,6,14.044,0,1999-01-06
1999,1,7,14.089,0,1999-01-07
1999,1,8,14.239,0,1999-01-08
1999,1,9,14.312,0,1999-01-09
1999,1,10,14.24,0,1999-01-10
1999,1,11,14.265,0,1999-01-11
1999,1,12,14.332,0,1999-01-12
1999,1,13,14.347,0,1999-01-13
1999,1,14,14.407,0,1999-01-14
1999,1,15,14.473,0,1999-01-15
1999,1,16,14.434,0,1999-01-16
1999,1,17,14.402,0,1999-01-17
1999,1,18,14.388,0,1999-01-18
1999,1,19,14.459,0,1999-01-19
1999,1,20,14.432,0,1999-01-20
1999,1,21,14.37,0,1999-01-21
1999,1,22,14.386,0,1999-01-22
1999,1,23,14.503,0,1999-01-23
1999,1,24,14.602,0,1999-01-24
1999,1,25,14.622,0,1999-01-25
1999,1,26,14.599,0,1999-01-26
1999,1,27,14.596,0,1999-01-27
1999,1,28,14.67,0,1999-01-28
1999,1,29,14.745,0,1999-01-29
1999,1,30,14.837,0,1999-01-30
1999,1,31,14.952,0,1999-01-31
1999,2,1,14.947,0,1999-02-01
1999,2,2,14.951,0,1999-02-02
1999,2,3,15.034,0,1999-02-03
1999,2,4,14.986,0,1999-02-04
1999,2,5,14.978,0,1999-02-05
1999,2,6,15.1,0,1999-02-06
1999,2,7,15.178,0,1999-02-07
1999,2,8,15.203,0,1999-02-08
1999,2,9,15.279,0,1999-02-09
1999,2,10,15.297,0,1999-02-10
1999,2,11,15.315,0,1999-02-11
1999,2,12,15.336,0,1999-02-12
1999,2,13,15.377,0,1999-02-13
1999,2,14,15.395,0,1999-02-14
1999,2,15,15.414,0,1999-02-15
1999,2,16,15.365,0,1999-02-16
1999,2,17,15.373,0,1999-02-17
1999,2,18,15.419,0,1999-02-18
1999,2,19,15.473,0,1999-02-19
1999,2,20,15.49,0,1999-02-20
1999,2,21,15.481,0,1999-02-21
1999,2,22,15.456,0,1999-02-22
1999,2,23,15.463,0,1999-02-23
1999,2,24,15.44,0,1999-02-24
1999,2,25,15.468,0,1999-02-25
1999,2,26,15.507,0,1999-02-26
1999,2,27,15.523,0,1999-02-27
1999,2,28,15.402,0,1999-02-28
1999,3,1,15.26,0,1999-03-01
1999,3,2,15.171,0,1999-03-02
1999,3,3,15.182,0,1999-03-03
1999,3,4,15.217,0,1999-03-04
1999,3,5,15.327,0,1999-03-05
1999,3,6,15.234,0,1999-03-06
1999,3,7,15.178,0,1999-03-07
1999,3,8,15.257,0,1999-03-08
1999,3,9,15.33,0,1999-03-09
1999,3,10,15.343,0,1999-03-10
1999,3,11,15.384,0,1999-03-11
1999,3,12,15.381,0,1999-03-12
1999,3,13,15.425,0,1999-03-13
1999,3,14,15.301,0,1999-03-14
1999,3,15,15.303,0,1999-03-15
1999,3,16,15.38,0,1999-03-16
1999,3,17,15.392,0,1999-03-17
1999,3,18,15.355,0,1999-03-18
1999,3,19,15.452,0,1999-03-19
1999,3,20,15.419,0,1999-03-20
1999,3,21,15.485,0,1999-03-21
1999,3,22,15.472,0,1999-03-22
1999,3,23,15.515,0,1999-03-23
1999,3,24,15.538,0,1999-03-24
1999,3,25,15.561,0,1999-03-25
1999,3,26,15.555,0,1999-03-26
1999,3,27,15.541,0,1999-03-27
1999,3,28,15.544,0,1999-03-28
1999,3,29,15.599,0,1999-03-29
1999,3,30,15.627,0,1999-03-30
1999,3,31,15.6,0,1999-03-31
1999,4,1,15.486,0,1999-04-01
1999,4,2,15.44,0,1999-04-02
1999,4,3,15.461,0,1999-04-03
1999,4,4,15.423,0,1999-04-04
1999,4,5,15.494,0,1999-04-05
1999,4,6,15.46,0,1999-04-06
1999,4,7,15.435,0,1999-04-07
1999,4,8,15.367,0,1999-04-08
1999,4,9,15.376,0,1999-04-09
1999,4,10,15.261,0,1999-04-10
1999,4,11,15.269,0,1999-04-11
1999,4,12,15.275,0,1999-04-12
1999,4,13,15.392,0,1999-04-13
1999,4,14,15.3,0,1999-04-14
1999,4,15,15.263,0,1999-04-15
1999,4,16,15.185,0,1999-04-16
1999,4,17,15.163,0,1999-04-17
1999,4,18,15.111,0,1999-04-18
1999,4,19,14.947,0,1999-04-19
1999,4,20,14.753,0,1999-04-20
1999,4,21,14.72,0,1999-04-21
1999,4,22,14.746,0,1999-04-22
1999,4,23,14.704,0,1999-04-23
1999,4,24,14.767,0,1999-04-24
1999,4,25,14.714,0,1999-04-25
1999,4,26,14.686,0,1999-04-26
1999,4,27,14.603,0,1999-04-27
1999,4,28,14.631,0,1999-04-28
1999,4,29,14.572,0,1999-04-29
1999,4,30,14.513,0,1999-04-30
1999,5,1,14.35,0,1999-05-01
1999,5,2,14.321,0,1999-05-02
1999,5,3,14.342,0,1999-05-03
1999,5,4,14.306,0,1999-05-04
1999,5,5,14.26,0,1999-05-05
1999,5,6,14.159,0,1999-05-06
1999,5,7,14.141,0,1999-05-07
1999,5,8,14.111,0,1999-05-08
1999,5,9,14.119,0,1999-05-09
1999,5,10,14.12,0,1999-05-10
1999,5,11,14.084,0,1999-05-11
1999,5,12,14.006,0,1999-05-12
1999,5,13,13.9,0,1999-05-13
1999,5,14,13.872,0,1999-05-14
1999,5,15,13.806,0,1999-05-15
1999,5,16,13.74,0,1999-05-16
1999,5,17,13.65,0,1999-05-17
1999,5,18,13.638,0,1999-05-18
1999,5,19,13.556,0,1999-05-19
1999,5,20,13.542,0,1999-05-20
1999,5,21,13.464,0,1999-05-21
1999,5,22,13.399,0,1999-05-22
1999,5,23,13.371,0,1999-05-23
1999,5,24,13.307,0,1999-05-24
1999,5,25,13.291,0,1999-05-25
1999,5,26,13.289,0,1999-05-26
1999,5,27,13.331,0,1999-05-27
1999,5,28,13.298,0,1999-05-28
1999,5,29,13.254,0,1999-05-29
1999,5,30,13.195,0,1999-05-30
1999,5,31,13.058,0,1999-05-31
1999,6,1,12.857,0,1999-06-01
1999,6,2,12.823,0,1999-06-02
1999,6,3,12.78,0,1999-06-03
1999,6,4,12.752,0,1999-06-04
1999,6,5,12.728,0,1999-06-05
1999,6,6,12.688,0,1999-06-06
1999,6,7,12.56,0,1999-06-07
1999,6,8,12.466,0,1999-06-08
1999,6,9,12.345,0,1999-06-09
1999,6,10,12.346,0,1999-06-10
1999,6,11,12.344,0,1999-06-11
1999,6,12,12.254,0,1999-06-12
1999,6,13,12.188,0,1999-06-13
1999,6,14,12.064,0,1999-06-14
1999,6,15,11.969,0,1999-06-15
1999,6,16,11.818,0,1999-06-16
1999,6,17,11.722,0,1999-06-17
1999,6,18,11.642,0,1999-06-18
1999,6,19,11.511,0,1999-06-19
1999,6,20,11.451,0,1999-06-20
1999,6,21,11.203,0,1999-06-21
1999,6,22,11.028,0,1999-06-22
1999,6,23,10.922,0,1999-06-23
1999,6,24,10.842,0,1999-06-24
1999,6,25,10.812,0,1999-06-25
1999,6,26,10.722,0,1999-06-26
1999,6,27,10.737,0,1999-06-27
1999,6,28,10.635,0,1999-06-28
1999,6,29,10.601,0,1999-06-29
1999,6,30,10.565,0,1999-06-30
1999,7,1,10.33,0,1999-07-01
1999,7,2,10.308,0,1999-07-02
1999,7,3,10.248,0,1999-07-03
1999,7,4,10.148,0,1999-07-04
1999,7,5,10.053,0,1999-07-05
1999,7,6,10.031,0,1999-07-06
1999,7,7,9.976,0,1999-07-07
1999,7,8,9.936,0,1999-07-08
1999,7,9,9.888,0,1999-07-09
1999,7,10,9.846,0,1999-07-10
1999,7,11,9.809,0,1999-07-11
1999,7,12,9.786,0,1999-07-12
1999,7,13,9.658,0,1999-07-13
1999,7,14,9.68,0,1999-07-14
1999,7,15,9.622,0,1999-07-15
1999,7,16,9.62,0,1999-07-16
1999,7,17,9.43,0,1999-07-17
1999,7,18,9.427,0,1999-07-18
1999,7,19,9.368,0,1999-07-19
1999,7,20,9.374,0,1999-07-20
1999,7,21,9.343,0,1999-07-21
1999,7,22,9.171,0,1999-07-22
1999,7,23,9.097,0,1999-07-23
1999,7,24,9.035,0,1999-07-24
1999,7,25,8.953,0,1999-07-25
1999,7,26,8.908,0,1999-07-26
1999,7,27,8.788,0,1999-07-27
1999,7,28,8.618,0,1999-07-28
1999,7,29,8.633,0,1999-07-29
1999,7,30,8.56,0,1999-07-30
1999,7,31,8.493,0,1999-07-31
1999,8,1,8.389,0,1999-08-01
1999,8,2,8.325,0,1999-08-02
1999,8,3,8.299,0,1999-08-03
1999,8,4,8.255,0,1999-08-04
1999,8,5,8.05,0,1999-08-05
1999,8,6,8.028,0,1999-08-06
1999,8,7,7.957,0,1999-08-07
1999,8,8,7.878,0,1999-08-08
1999,8,9,7.848,0,1999-08-09
1999,8,10,7.693,0,1999-08-10
1999,8,11,7.582,0,1999-08-11
1999,8,12,7.503,0,1999-08-12
1999,8,13,7.383,0,1999-08-13
1999,8,14,7.341,0,1999-08-14
1999,8,15,7.289,0,1999-08-15
1999,8,16,7.209,0,1999-08-16
1999,8,17,7.166,0,1999-08-17
1999,8,18,7.109,0,1999-08-18
1999,8,19,6.995,0,1999-08-19
1999,8,20,6.861,0,1999-08-20
1999,8,21,6.752,0,1999-08-21
1999,8,22,6.647,0,1999-08-22
1999,8,23,6.538,0,1999-08-23
1999,8,24,6.443,0,1999-08-24
1999,8,25,6.449,0,1999-08-25
1999,8,26,6.454,0,1999-08-26
1999,8,27,6.482,0,1999-08-27
1999,8,28,6.365,0,1999-08-28
1999,8,29,6.298,0,1999-08-29
1999,8,30,6.204,0,1999-08-30
1999,8,31,6.201,0,1999-08-31
1999,9,1,6.192,0,1999-09-01
1999,9,2,6.062,0,1999-09-02
1999,9,3,6.03,0,1999-09-03
1999,9,4,6,0,1999-09-04
1999,9,5,5.893,0,1999-09-05
1999,9,6,5.917,0,1999-09-06
1999,9,7,5.864,0,1999-09-07
1999,9,8,5.844,0,1999-09-08
1999,9,9,5.828,0,1999-09-09
1999,9,10,5.755,0,1999-09-10
1999,9,11,5.737,0,1999-09-11
1999,9,12,5.676,0,1999-09-12
1999,9,13,5.791,0,1999-09-13
1999,9,14,5.905,0,1999-09-14
1999,9,15,5.873,0,1999-09-15
1999,9,16,5.805,0,1999-09-16
1999,9,17,5.781,0,1999-09-17
1999,9,18,5.828,0,1999-09-18
1999,9,19,5.891,0,1999-09-19
1999,9,20,6.038,0,1999-09-20
1999,9,21,6.11,0,1999-09-21
1999,9,22,6.16,0,1999-09-22
1999,9,23,6.375,0,1999-09-23
1999,9,24,6.535,0,1999-09-24
1999,9,25,6.63,0,1999-09-25
1999,9,26,6.72,0,1999-09-26
1999,9,27,6.761,0,1999-09-27
1999,9,28,6.79,0,1999-09-28
1999,9,29,6.826,0,1999-09-29
1999,9,30,6.889,0,1999-09-30
1999,10,1,7.083,0,1999-10-01
1999,10,2,7.129,0,1999-10-02
1999,10,3,7.177,0,1999-10-03
1999,10,4,7.258,0,1999-10-04
1999,10,5,7.487,0,1999-10-05
1999,10,6,7.62,0,1999-10-06
1999,10,7,7.687,0,1999-10-07
1999,10,8,7.797,0,1999-10-08
1999,10,9,7.871,0,1999-10-09
1999,10,10,8.057,0,1999-10-10
1999,10,11,8.198,0,1999-10-11
1999,10,12,8.351,0,1999-10-12
1999,10,13,8.397,0,1999-10-13
1999,10,14,8.52,0,1999-10-14
1999,10,15,8.643,0,1999-10-15
1999,10,16,8.718,0,1999-10-16
1999,10,17,8.805,0,1999-10-17
1999,10,18,8.821,0,1999-10-18
1999,10,19,8.945,0,1999-10-19
1999,10,20,9.074,0,1999-10-20
1999,10,21,9.168,0,1999-10-21
1999,10,22,9.312,0,1999-10-22
1999,10,23,9.347,0,1999-10-23
1999,10,24,9.46,0,1999-10-24
1999,10,25,9.503,0,1999-10-25
1999,10,26,9.522,0,1999-10-26
1999,10,27,9.643,0,1999-10-27
1999,10,28,9.676,0,1999-10-28
1999,10,29,9.722,0,1999-10-29
1999,10,30,9.793,0,1999-10-30
1999,10,31,9.903,0,1999-10-31
1999,11,1,10.102,0,1999-11-01
1999,11,2,10.233,0,1999-11-02
1999,11,3,10.198,0,1999-11-03
1999,11,4,10.193,0,1999-11-04
1999,11,5,10.222,0,1999-11-05
1999,11,6,10.243,0,1999-11-06
1999,11,7,10.253,0,1999-11-07
1999,11,8,10.336,0,1999-11-08
1999,11,9,10.48,0,1999-11-09
1999,11,10,10.439,0,1999-11-10
1999,11,11,10.476,0,1999-11-11
1999,11,12,10.647,0,1999-11-12
1999,11,13,10.94,0,1999-11-13
1999,11,14,10.921,0,1999-11-14
1999,11,15,10.846,0,1999-11-15
1999,11,16,10.899,0,1999-11-16
1999,11,17,10.921,0,1999-11-17
1999,11,18,11.012,0,1999-11-18
1999,11,19,11.006,0,1999-11-19
1999,11,20,11.083,0,1999-11-20
1999,11,21,11.082,0,1999-11-21
1999,11,22,11.117,0,1999-11-22
1999,11,23,11.136,0,1999-11-23
1999,11,24,11.202,0,1999-11-24
1999,11,25,11.168,0,1999-11-25
1999,11,26,11.237,0,1999-11-26
1999,11,27,11.345,0,1999-11-27
1999,11,28,11.352,0,1999-11-28
1999,11,29,11.347,0,1999-11-29
1999,11,30,11.458,0,1999-11-30
1999,12,1,11.705,0,1999-12-01
1999,12,2,11.745,0,1999-12-02
1999,12,3,11.757,0,1999-12-03
1999,12,4,11.785,0,1999-12-04
1999,12,5,11.859,0,1999-12-05
1999,12,6,12.091,0,1999-12-06
1999,12,7,12.154,0,1999-12-07
1999,12,8,12.177,0,1999-12-08
1999,12,9,12.232,0,1999-12-09
1999,12,10,12.282,0,1999-12-10
1999,12,11,12.506,0,1999-12-11
1999,12,12,12.587,0,1999-12-12
1999,12,13,12.426,0,1999-12-13
1999,12,14,12.44,0,1999-12-14
1999,12,15,12.506,0,1999-12-15
1999,12,16,12.632,0,1999-12-16
1999,12,17,12.746,0,1999-12-17
1999,12,18,12.744,0,1999-12-18
1999,12,19,12.81,0,1999-12-19
1999,12,20,12.783,0,1999-12-20
1999,12,21,13.021,0,1999-12-21
1999,12,22,13.059,0,1999-12-22
1999,12,23,13.177,0,1999-12-23
1999,12,24,13.215,0,1999-12-24
1999,12,25,13.434,0,1999-12-25
1999,12,26,13.436,0,1999-12-26
1999,12,27,13.385,0,1999-12-27
1999,12,28,13.302,0,1999-12-28
1999,12,29,13.257,0,1999-12-29
1999,12,30,13.273,0,1999-12-30
1999,12,31,13.351,0,1999-12-31
2000,1,1,13.442,0,2000-01-01
2000,1,2,13.539,0,2000-01-02
2000,1,3,13.63,0,2000-01-03
2000,1,4,13.657,0,2000-01-04
2000,1,5,13.678,0,2000-01-05
2000,1,6,13.806,0,2000-01-06
2000,1,7,13.761,0,2000-01-07
2000,1,8,13.892,0,2000-01-08
2000,1,9,13.797,0,2000-01-09
2000,1,10,13.938,0,2000-01-10
2000,1,11,14.139,0,2000-01-11
2000,1,12,14.041,0,2000-01-12
2000,1,13,13.97,0,2000-01-13
2000,1,14,13.908,0,2000-01-14
2000,1,15,13.981,0,2000-01-15
2000,1,16,14.109,0,2000-01-16
2000,1,17,14.211,0,2000-01-17
2000,1,18,14.315,0,2000-01-18
2000,1,19,14.344,0,2000-01-19
2000,1,20,14.454,0,2000-01-20
2000,1,21,14.475,0,2000-01-21
2000,1,22,14.456,0,2000-01-22
2000,1,23,14.583,0,2000-01-23
2000,1,24,14.625,0,2000-01-24
2000,1,25,14.728,0,2000-01-25
2000,1,26,14.778,0,2000-01-26
2000,1,27,14.882,0,2000-01-27
2000,1,28,14.868,0,2000-01-28
2000,1,29,14.906,0,2000-01-29
2000,1,30,14.98,0,2000-01-30
2000,1,31,14.938,0,2000-01-31
2000,2,1,14.991,0,2000-02-01
2000,2,2,14.959,0,2000-02-02
2000,2,3,14.946,0,2000-02-03
2000,2,4,15.094,0,2000-02-04
2000,2,5,15.122,0,2000-02-05
2000,2,6,15.114,0,2000-02-06
2000,2,7,15.195,0,2000-02-07
2000,2,8,15.168,0,2000-02-08
2000,2,9,15.195,0,2000-02-09
2000,2,10,15.138,0,2000-02-10
2000,2,11,15.112,0,2000-02-11
2000,2,12,15.097,0,2000-02-12
2000,2,13,15.009,0,2000-02-13
2000,2,14,14.991,0,2000-02-14
2000,2,15,15.01,0,2000-02-15
2000,2,16,14.991,0,2000-02-16
2000,2,17,15,0,2000-02-17
2000,2,18,15.06,0,2000-02-18
2000,2,19,15.132,0,2000-02-19
2000,2,20,15.156,0,2000-02-20
2000,2,21,15.194,0,2000-02-21
2000,2,22,15.244,0,2000-02-22
2000,2,23,15.234,0,2000-02-23
2000,2,24,15.343,0,2000-02-24
2000,2,25,15.252,0,2000-02-25
2000,2,26,15.235,0,2000-02-26
2000,2,27,15.346,0,2000-02-27
2000,2,28,15.394,0,2000-02-28
2000,2,29,15.381,0,2000-02-29
2000,3,1,15.446,0,2000-03-01
2000,3,2,15.428,0,2000-03-02
2000,3,3,15.498,0,2000-03-03
2000,3,4,15.425,0,2000-03-04
2000,3,5,15.397,0,2000-03-05
2000,3,6,15.444,0,2000-03-06
2000,3,7,15.339,0,2000-03-07
2000,3,8,15.278,0,2000-03-08
2000,3,9,15.325,0,2000-03-09
2000,3,10,15.308,0,2000-03-10
2000,3,11,15.299,0,2000-03-11
2000,3,12,15.342,0,2000-03-12
2000,3,13,15.365,0,2000-03-13
2000,3,14,15.199,0,2000-03-14
2000,3,15,15.13,0,2000-03-15
2000,3,16,15.133,0,2000-03-16
2000,3,17,15.155,0,2000-03-17
2000,3,18,15.113,0,2000-03-18
2000,3,19,15.087,0,2000-03-19
2000,3,20,15.096,0,2000-03-20
2000,3,21,15.028,0,2000-03-21
2000,3,22,15.025,0,2000-03-22
2000,3,23,15.034,0,2000-03-23
2000,3,24,15.146,0,2000-03-24
2000,3,25,15.046,0,2000-03-25
2000,3,26,15.082,0,2000-03-26
2000,3,27,15.079,0,2000-03-27
2000,3,28,15.146,0,2000-03-28
2000,3,29,15.218,0,2000-03-29
2000,3,30,15.219,0,2000-03-30
2000,3,31,15.14,0,2000-03-31
2000,4,1,15.122,0,2000-04-01
2000,4,2,15.078,0,2000-04-02
2000,4,3,15.046,0,2000-04-03
2000,4,4,14.995,0,2000-04-04
2000,4,5,15.039,0,2000-04-05
2000,4,6,15.018,0,2000-04-06
2000,4,7,14.815,0,2000-04-07
2000,4,8,14.798,0,2000-04-08
2000,4,9,14.871,0,2000-04-09
2000,4,10,14.867,0,2000-04-10
2000,4,11,14.698,0,2000-04-11
2000,4,12,14.549,0,2000-04-12
2000,4,13,14.626,0,2000-04-13
2000,4,14,14.551,0,2000-04-14
2000,4,15,14.477,0,2000-04-15
2000,4,16,14.44,0,2000-04-16
2000,4,17,14.274,0,2000-04-17
2000,4,18,14.246,0,2000-04-18
2000,4,19,14.246,0,2000-04-19
2000,4,20,14.317,0,2000-04-20
2000,4,21,14.36,0,2000-04-21
2000,4,22,14.29,0,2000-04-22
2000,4,23,14.409,0,2000-04-23
2000,4,24,14.388,0,2000-04-24
2000,4,25,14.339,0,2000-04-25
2000,4,26,14.205,0,2000-04-26
2000,4,27,14.263,0,2000-04-27
2000,4,28,14.176,0,2000-04-28
2000,4,29,14.096,0,2000-04-29
2000,4,30,14.146,0,2000-04-30
2000,5,1,13.943,0,2000-05-01
2000,5,2,13.891,0,2000-05-02
2000,5,3,13.809,0,2000-05-03
2000,5,4,13.737,0,2000-05-04
2000,5,5,13.74,0,2000-05-05
2000,5,6,13.616,0,2000-05-06
2000,5,7,13.642,0,2000-05-07
2000,5,8,13.586,0,2000-05-08
2000,5,9,13.462,0,2000-05-09
2000,5,10,13.389,0,2000-05-10
2000,5,11,13.269,0,2000-05-11
2000,5,12,13.301,0,2000-05-12
2000,5,13,13.291,0,2000-05-13
2000,5,14,13.278,0,2000-05-14
2000,5,15,13.119,0,2000-05-15
2000,5,16,13.051,0,2000-05-16
2000,5,17,13.083,0,2000-05-17
2000,5,18,13.048,0,2000-05-18
2000,5,19,12.959,0,2000-05-19
2000,5,20,12.886,0,2000-05-20
2000,5,21,12.859,0,2000-05-21
2000,5,22,12.785,0,2000-05-22
2000,5,23,12.724,0,2000-05-23
2000,5,24,12.814,0,2000-05-24
2000,5,25,12.83,0,2000-05-25
2000,5,26,12.805,0,2000-05-26
2000,5,27,12.665,0,2000-05-27
2000,5,28,12.618,0,2000-05-28
2000,5,29,12.553,0,2000-05-29
2000,5,30,12.495,0,2000-05-30
2000,5,31,12.485,0,2000-05-31
2000,6,1,12.316,0,2000-06-01
2000,6,2,12.271,0,2000-06-02
2000,6,3,12.205,0,2000-06-03
2000,6,4,12.151,0,2000-06-04
2000,6,5,12.108,0,2000-06-05
2000,6,6,12.058,0,2000-06-06
2000,6,7,12.05,0,2000-06-07
2000,6,8,11.984,0,2000-06-08
2000,6,9,11.996,0,2000-06-09
2000,6,10,11.885,0,2000-06-10
2000,6,11,11.923,0,2000-06-11
2000,6,12,11.84,0,2000-06-12
2000,6,13,11.815,0,2000-06-13
2000,6,14,11.755,0,2000-06-14
2000,6,15,11.71,0,2000-06-15
2000,6,16,11.706,0,2000-06-16
2000,6,17,11.66,0,2000-06-17
2000,6,18,11.598,0,2000-06-18
2000,6,19,11.573,0,2000-06-19
2000,6,20,11.483,0,2000-06-20
2000,6,21,11.399,0,2000-06-21
2000,6,22,11.4,0,2000-06-22
2000,6,23,11.344,0,2000-06-23
2000,6,24,11.29,0,2000-06-24
2000,6,25,11.247,0,2000-06-25
2000,6,26,11.18,0,2000-06-26
2000,6,27,11.137,0,2000-06-27
2000,6,28,11.028,0,2000-06-28
2000,6,29,10.946,0,2000-06-29
2000,6,30,10.899,0,2000-06-30
2000,7,1,10.703,0,2000-07-01
2000,7,2,10.678,0,2000-07-02
2000,7,3,10.6,0,2000-07-03
2000,7,4,10.519,0,2000-07-04
2000,7,5,10.449,0,2000-07-05
2000,7,6,10.375,0,2000-07-06
2000,7,7,10.352,0,2000-07-07
2000,7,8,10.271,0,2000-07-08
2000,7,9,10.252,0,2000-07-09
2000,7,10,10.087,0,2000-07-10
2000,7,11,10.029,0,2000-07-11
2000,7,12,9.933,0,2000-07-12
2000,7,13,9.77,0,2000-07-13
2000,7,14,9.696,0,2000-07-14
2000,7,15,9.565,0,2000-07-15
2000,7,16,9.454,0,2000-07-16
2000,7,17,9.476,0,2000-07-17
2000,7,18,9.335,0,2000-07-18
2000,7,19,9.264,0,2000-07-19
2000,7,20,9.156,0,2000-07-20
2000,7,21,9.017,0,2000-07-21
2000,7,22,8.957,0,2000-07-22
2000,7,23,8.871,0,2000-07-23
2000,7,24,8.796,0,2000-07-24
2000,7,25,8.824,0,2000-07-25
2000,7,26,8.777,0,2000-07-26
2000,7,27,8.637,0,2000-07-27
2000,7,28,8.465,0,2000-07-28
2000,7,29,8.277,0,2000-07-29
2000,7,30,8.176,0,2000-07-30
2000,7,31,8.142,0,2000-07-31
2000,8,1,8.004,0,2000-08-01
2000,8,2,7.935,0,2000-08-02
2000,8,3,7.891,0,2000-08-03
2000,8,4,7.759,0,2000-08-04
2000,8,5,7.756,0,2000-08-05
2000,8,6,7.686,0,2000-08-06
2000,8,7,7.721,0,2000-08-07
2000,8,8,7.68,0,2000-08-08
2000,8,9,7.671,0,2000-08-09
2000,8,10,7.539,0,2000-08-10
2000,8,11,7.499,0,2000-08-11
2000,8,12,7.45,0,2000-08-12
2000,8,13,7.437,0,2000-08-13
2000,8,14,7.3,0,2000-08-14
2000,8,15,7.195,0,2000-08-15
2000,8,16,7.152,0,2000-08-16
2000,8,17,7.085,0,2000-08-17
2000,8,18,7.088,0,2000-08-18
2000,8,19,6.96,0,2000-08-19
2000,8,20,6.864,0,2000-08-20
2000,8,21,6.872,0,2000-08-21
2000,8,22,6.777,0,2000-08-22
2000,8,23,6.675,0,2000-08-23
2000,8,24,6.722,0,2000-08-24
2000,8,25,6.625,0,2000-08-25
2000,8,26,6.616,0,2000-08-26
2000,8,27,6.554,0,2000-08-27
2000,8,28,6.495,0,2000-08-28
2000,8,29,6.544,0,2000-08-29
2000,8,30,6.352,0,2000-08-30
2000,8,31,6.314,0,2000-08-31
2000,9,1,6.229,0,2000-09-01
2000,9,2,6.16,0,2000-09-02
2000,9,3,6.182,0,2000-09-03
2000,9,4,6.199,0,2000-09-04
2000,9,5,6.272,0,2000-09-05
2000,9,6,6.178,0,2000-09-06
2000,9,7,6.106,0,2000-09-07
2000,9,8,6.011,0,2000-09-08
2000,9,9,6.004,0,2000-09-09
2000,9,10,5.963,0,2000-09-10
2000,9,11,5.943,0,2000-09-11
2000,9,12,5.971,0,2000-09-12
2000,9,13,6.025,0,2000-09-13
2000,9,14,6.005,0,2000-09-14
2000,9,15,6.065,0,2000-09-15
2000,9,16,6.049,0,2000-09-16
2000,9,17,6.178,0,2000-09-17
2000,9,18,6.229,0,2000-09-18
2000,9,19,6.195,0,2000-09-19
2000,9,20,6.254,0,2000-09-20
2000,9,21,6.347,0,2000-09-21
2000,9,22,6.462,0,2000-09-22
2000,9,23,6.483,0,2000-09-23
2000,9,24,6.518,0,2000-09-24
2000,9,25,6.487,0,2000-09-25
2000,9,26,6.467,0,2000-09-26
2000,9,27,6.513,0,2000-09-27
2000,9,28,6.569,0,2000-09-28
2000,9,29,6.626,0,2000-09-29
2000,9,30,6.692,0,2000-09-30
2000,10,1,6.802,0,2000-10-01
2000,10,2,6.99,0,2000-10-02
2000,10,3,7.055,0,2000-10-03
2000,10,4,7.158,0,2000-10-04
2000,10,5,7.296,0,2000-10-05
2000,10,6,7.452,0,2000-10-06
2000,10,7,7.589,0,2000-10-07
2000,10,8,7.764,0,2000-10-08
2000,10,9,7.865,0,2000-10-09
2000,10,10,7.965,0,2000-10-10
2000,10,11,8.097,0,2000-10-11
2000,10,12,8.303,0,2000-10-12
2000,10,13,8.273,0,2000-10-13
2000,10,14,8.38,0,2000-10-14
2000,10,15,8.458,0,2000-10-15
2000,10,16,8.499,0,2000-10-16
2000,10,17,8.569,0,2000-10-17
2000,10,18,8.768,0,2000-10-18
2000,10,19,8.735,0,2000-10-19
2000,10,20,8.763,0,2000-10-20
2000,10,21,8.811,0,2000-10-21
2000,10,22,8.942,0,2000-10-22
2000,10,23,8.967,0,2000-10-23
2000,10,24,9.042,0,2000-10-24
2000,10,25,9.131,0,2000-10-25
2000,10,26,9.216,0,2000-10-26
2000,10,27,9.302,0,2000-10-27
2000,10,28,9.366,0,2000-10-28
2000,10,29,9.332,0,2000-10-29
2000,10,30,9.37,0,2000-10-30
2000,10,31,9.502,0,2000-10-31
2000,11,1,9.607,0,2000-11-01
2000,11,2,9.637,0,2000-11-02
2000,11,3,9.777,0,2000-11-03
2000,11,4,9.829,0,2000-11-04
2000,11,5,9.821,0,2000-11-05
2000,11,6,9.742,0,2000-11-06
2000,11,7,9.751,0,2000-11-07
2000,11,8,9.819,0,2000-11-08
2000,11,9,10.006,0,2000-11-09
2000,11,10,9.939,0,2000-11-10
2000,11,11,9.956,0,2000-11-11
2000,11,12,9.992,0,2000-11-12
2000,11,13,10.056,0,2000-11-13
2000,11,14,10.124,0,2000-11-14
2000,11,15,10.189,0,2000-11-15
2000,11,16,10.247,0,2000-11-16
2000,11,17,10.25,0,2000-11-17
2000,11,18,10.325,0,2000-11-18
2000,11,19,10.371,0,2000-11-19
2000,11,20,10.482,0,2000-11-20
2000,11,21,10.571,0,2000-11-21
2000,11,22,10.669,0,2000-11-22
2000,11,23,10.815,0,2000-11-23
2000,11,24,10.894,0,2000-11-24
2000,11,25,10.942,0,2000-11-25
2000,11,26,11.008,0,2000-11-26
2000,11,27,11.092,0,2000-11-27
2000,11,28,11.154,0,2000-11-28
2000,11,29,11.181,0,2000-11-29
2000,11,30,11.387,0,2000-11-30
2000,12,1,11.663,0,2000-12-01
2000,12,2,11.684,0,2000-12-02
2000,12,3,11.787,0,2000-12-03
2000,12,4,11.809,0,2000-12-04
2000,12,5,11.86,0,2000-12-05
2000,12,6,12.101,0,2000-12-06
2000,12,7,12.177,0,2000-12-07
2000,12,8,12.329,0,2000-12-08
2000,12,9,12.389,0,2000-12-09
2000,12,10,12.431,0,2000-12-10
2000,12,11,12.513,0,2000-12-11
2000,12,12,12.536,0,2000-12-12
2000,12,13,12.599,0,2000-12-13
2000,12,14,12.585,0,2000-12-14
2000,12,15,12.633,0,2000-12-15
2000,12,16,12.689,0,2000-12-16
2000,12,17,12.808,0,2000-12-17
2000,12,18,12.898,0,2000-12-18
2000,12,19,12.883,0,2000-12-19
2000,12,20,12.92,0,2000-12-20
2000,12,21,12.906,0,2000-12-21
2000,12,22,12.863,0,2000-12-22
2000,12,23,12.987,0,2000-12-23
2000,12,24,13.06,0,2000-12-24
2000,12,25,13.053,0,2000-12-25
2000,12,26,13.067,0,2000-12-26
2000,12,27,13.16,0,2000-12-27
2000,12,28,13.244,0,2000-12-28
2000,12,29,13.32,0,2000-12-29
2000,12,30,13.34,0,2000-12-30
2000,12,31,13.461,0,2000-12-31
2001,1,1,13.479,0,2001-01-01
2001,1,2,13.385,0,2001-01-02
2001,1,3,13.418,0,2001-01-03
2001,1,4,13.51,0,2001-01-04
2001,1,5,13.566,0,2001-01-05
2001,1,6,13.722,0,2001-01-06
2001,1,7,13.846,0,2001-01-07
2001,1,8,13.882,0,2001-01-08
2001,1,9,14.028,0,2001-01-09
2001,1,10,14.063,0,2001-01-10
2001,1,11,14.088,0,2001-01-11
2001,1,12,14.133,0,2001-01-12
2001,1,13,14.055,0,2001-01-13
2001,1,14,14.095,0,2001-01-14
2001,1,15,14.088,0,2001-01-15
2001,1,16,14.191,0,2001-01-16
2001,1,17,14.249,0,2001-01-17
2001,1,18,14.318,0,2001-01-18
2001,1,19,14.424,0,2001-01-19
2001,1,20,14.449,0,2001-01-20
2001,1,21,14.539,0,2001-01-21
2001,1,22,14.575,0,2001-01-22
2001,1,23,14.609,0,2001-01-23
2001,1,24,14.715,0,2001-01-24
2001,1,25,14.585,0,2001-01-25
2001,1,26,14.65,0,2001-01-26
2001,1,27,14.625,0,2001-01-27
2001,1,28,14.673,0,2001-01-28
2001,1,29,14.718,0,2001-01-29
2001,1,30,14.764,0,2001-01-30
2001,1,31,14.839,0,2001-01-31
2001,2,1,14.908,0,2001-02-01
2001,2,2,14.894,0,2001-02-02
2001,2,3,14.816,0,2001-02-03
2001,2,4,14.874,0,2001-02-04
2001,2,5,14.867,0,2001-02-05
2001,2,6,14.975,0,2001-02-06
2001,2,7,14.926,0,2001-02-07
2001,2,8,14.999,0,2001-02-08
2001,2,9,14.985,0,2001-02-09
2001,2,10,15.09,0,2001-02-10
2001,2,11,15.215,0,2001-02-11
2001,2,12,15.197,0,2001-02-12
2001,2,13,15.121,0,2001-02-13
2001,2,14,15.173,0,2001-02-14
2001,2,15,15.293,0,2001-02-15
2001,2,16,15.34,0,2001-02-16
2001,2,17,15.381,0,2001-02-17
2001,2,18,15.315,0,2001-02-18
2001,2,19,15.403,0,2001-02-19
2001,2,20,15.337,0,2001-02-20
2001,2,21,15.342,0,2001-02-21
2001,2,22,15.352,0,2001-02-22
2001,2,23,15.355,0,2001-02-23
2001,2,24,15.476,0,2001-02-24
2001,2,25,15.497,0,2001-02-25
2001,2,26,15.532,0,2001-02-26
2001,2,27,15.62,0,2001-02-27
2001,2,28,15.629,0,2001-02-28
2001,3,1,15.637,0,2001-03-01
2001,3,2,15.64,0,2001-03-02
2001,3,3,15.705,0,2001-03-03
2001,3,4,15.742,0,2001-03-04
2001,3,5,15.637,0,2001-03-05
2001,3,6,15.57,0,2001-03-06
2001,3,7,15.538,0,2001-03-07
2001,3,8,15.554,0,2001-03-08
2001,3,9,15.593,0,2001-03-09
2001,3,10,15.604,0,2001-03-10
2001,3,11,15.581,0,2001-03-11
2001,3,12,15.573,0,2001-03-12
2001,3,13,15.557,0,2001-03-13
2001,3,14,15.689,0,2001-03-14
2001,3,15,15.667,0,2001-03-15
2001,3,16,15.702,0,2001-03-16
2001,3,17,15.645,0,2001-03-17
2001,3,18,15.652,0,2001-03-18
2001,3,19,15.604,0,2001-03-19
2001,3,20,15.472,0,2001-03-20
2001,3,21,15.39,0,2001-03-21
2001,3,22,15.383,0,2001-03-22
2001,3,23,15.441,0,2001-03-23
2001,3,24,15.443,0,2001-03-24
2001,3,25,15.467,0,2001-03-25
2001,3,26,15.415,0,2001-03-26
2001,3,27,15.318,0,2001-03-27
2001,3,28,15.271,0,2001-03-28
2001,3,29,15.182,0,2001-03-29
2001,3,30,15.185,0,2001-03-30
2001,3,31,15.149,0,2001-03-31
2001,4,1,15.105,0,2001-04-01
2001,4,2,15.167,0,2001-04-02
2001,4,3,15.161,0,2001-04-03
2001,4,4,15.089,0,2001-04-04
2001,4,5,15.113,0,2001-04-05
2001,4,6,15.101,0,2001-04-06
2001,4,7,15.084,0,2001-04-07
2001,4,8,15.056,0,2001-04-08
2001,4,9,15.093,0,2001-04-09
2001,4,10,15.1,0,2001-04-10
2001,4,11,15.236,0,2001-04-11
2001,4,12,15.109,0,2001-04-12
2001,4,13,15.096,0,2001-04-13
2001,4,14,14.976,0,2001-04-14
2001,4,15,14.87,0,2001-04-15
2001,4,16,14.809,0,2001-04-16
2001,4,17,14.78,0,2001-04-17
2001,4,18,14.806,0,2001-04-18
2001,4,19,14.769,0,2001-04-19
2001,4,20,14.745,0,2001-04-20
2001,4,21,14.711,0,2001-04-21
2001,4,22,14.711,0,2001-04-22
2001,4,23,14.71,0,2001-04-23
2001,4,24,14.599,0,2001-04-24
2001,4,25,14.574,0,2001-04-25
2001,4,26,14.515,0,2001-04-26
2001,4,27,14.496,0,2001-04-27
2001,4,28,14.458,0,2001-04-28
2001,4,29,14.364,0,2001-04-29
2001,4,30,14.302,0,2001-04-30
2001,5,1,14.287,0,2001-05-01
2001,5,2,14.299,0,2001-05-02
2001,5,3,14.235,0,2001-05-03
2001,5,4,14.178,0,2001-05-04
2001,5,5,14.109,0,2001-05-05
2001,5,6,14.043,0,2001-05-06
2001,5,7,14.007,0,2001-05-07
2001,5,8,14.032,0,2001-05-08
2001,5,9,13.967,0,2001-05-09
2001,5,10,13.959,0,2001-05-10
2001,5,11,13.892,0,2001-05-11
2001,5,12,13.828,0,2001-05-12
2001,5,13,13.744,0,2001-05-13
2001,5,14,13.706,0,2001-05-14
2001,5,15,13.652,0,2001-05-15
2001,5,16,13.536,0,2001-05-16
2001,5,17,13.509,0,2001-05-17
2001,5,18,13.425,0,2001-05-18
2001,5,19,13.358,0,2001-05-19
2001,5,20,13.219,0,2001-05-20
2001,5,21,13.098,0,2001-05-21
2001,5,22,13.04,0,2001-05-22
2001,5,23,13.019,0,2001-05-23
2001,5,24,12.98,0,2001-05-24
2001,5,25,12.946,0,2001-05-25
2001,5,26,12.991,0,2001-05-26
2001,5,27,12.906,0,2001-05-27
2001,5,28,12.839,0,2001-05-28
2001,5,29,12.723,0,2001-05-29
2001,5,30,12.641,0,2001-05-30
2001,5,31,12.63,0,2001-05-31
2001,6,1,12.456,0,2001-06-01
2001,6,2,12.409,0,2001-06-02
2001,6,3,12.384,0,2001-06-03
2001,6,4,12.35,0,2001-06-04
2001,6,5,12.291,0,2001-06-05
2001,6,6,12.255,0,2001-06-06
2001,6,7,12.186,0,2001-06-07
2001,6,8,12.121,0,2001-06-08
2001,6,9,12.073,0,2001-06-09
2001,6,10,11.981,0,2001-06-10
2001,6,11,11.95,0,2001-06-11
2001,6,12,11.848,0,2001-06-12
2001,6,13,11.719,0,2001-06-13
2001,6,14,11.555,0,2001-06-14
2001,6,15,11.468,0,2001-06-15
2001,6,16,11.359,0,2001-06-16
2001,6,17,11.381,0,2001-06-17
2001,6,18,11.295,0,2001-06-18
2001,6,19,11.224,0,2001-06-19
2001,6,20,11.168,0,2001-06-20
2001,6,21,11.002,0,2001-06-21
2001,6,22,10.883,0,2001-06-22
2001,6,23,10.795,0,2001-06-23
2001,6,24,10.75,0,2001-06-24
2001,6,25,10.657,0,2001-06-25
2001,6,26,10.61,0,2001-06-26
2001,6,27,10.455,0,2001-06-27
2001,6,28,10.401,0,2001-06-28
2001,6,29,10.355,0,2001-06-29
2001,6,30,10.297,0,2001-06-30
2001,7,1,10.064,0,2001-07-01
2001,7,2,10.032,0,2001-07-02
2001,7,3,9.96,0,2001-07-03
2001,7,4,9.927,0,2001-07-04
2001,7,5,9.775,0,2001-07-05
2001,7,6,9.672,0,2001-07-06
2001,7,7,9.642,0,2001-07-07
2001,7,8,9.578,0,2001-07-08
2001,7,9,9.537,0,2001-07-09
2001,7,10,9.481,0,2001-07-10
2001,7,11,9.446,0,2001-07-11
2001,7,12,9.344,0,2001-07-12
2001,7,13,9.254,0,2001-07-13
2001,7,14,9.189,0,2001-07-14
2001,7,15,9.136,0,2001-07-15
2001,7,16,9.027,0,2001-07-16
2001,7,17,9.022,0,2001-07-17
2001,7,18,8.947,0,2001-07-18
2001,7,19,8.908,0,2001-07-19
2001,7,20,8.776,0,2001-07-20
2001,7,21,8.695,0,2001-07-21
2001,7,22,8.682,0,2001-07-22
2001,7,23,8.648,0,2001-07-23
2001,7,24,8.544,0,2001-07-24
2001,7,25,8.427,0,2001-07-25
2001,7,26,8.415,0,2001-07-26
2001,7,27,8.327,0,2001-07-27
2001,7,28,8.306,0,2001-07-28
2001,7,29,8.2,0,2001-07-29
2001,7,30,8.133,0,2001-07-30
2001,7,31,8.087,0,2001-07-31
2001,8,1,8.079,0,2001-08-01
2001,8,2,8.022,0,2001-08-02
2001,8,3,7.934,0,2001-08-03
2001,8,4,7.941,0,2001-08-04
2001,8,5,7.98,0,2001-08-05
2001,8,6,7.891,0,2001-08-06
2001,8,7,7.836,0,2001-08-07
2001,8,8,7.819,0,2001-08-08
2001,8,9,7.747,0,2001-08-09
2001,8,10,7.694,0,2001-08-10
2001,8,11,7.716,0,2001-08-11
2001,8,12,7.692,0,2001-08-12
2001,8,13,7.566,0,2001-08-13
2001,8,14,7.535,0,2001-08-14
2001,8,15,7.463,0,2001-08-15
2001,8,16,7.451,0,2001-08-16
2001,8,17,7.404,0,2001-08-17
2001,8,18,7.453,0,2001-08-18
2001,8,19,7.344,0,2001-08-19
2001,8,20,7.272,0,2001-08-20
2001,8,21,7.223,0,2001-08-21
2001,8,22,7.186,0,2001-08-22
2001,8,23,7.101,0,2001-08-23
2001,8,24,7.035,0,2001-08-24
2001,8,25,7.07,0,2001-08-25
2001,8,26,6.994,0,2001-08-26
2001,8,27,6.981,0,2001-08-27
2001,8,28,7.023,0,2001-08-28
2001,8,29,6.957,0,2001-08-29
2001,8,30,6.987,0,2001-08-30
2001,8,31,6.889,0,2001-08-31
2001,9,1,6.789,0,2001-09-01
2001,9,2,6.807,0,2001-09-02
2001,9,3,6.787,0,2001-09-03
2001,9,4,6.779,0,2001-09-04
2001,9,5,6.782,0,2001-09-05
2001,9,6,6.746,0,2001-09-06
2001,9,7,6.73,0,2001-09-07
2001,9,8,6.718,0,2001-09-08
2001,9,9,6.724,0,2001-09-09
2001,9,10,6.691,0,2001-09-10
2001,9,11,6.667,0,2001-09-11
2001,9,12,6.632,0,2001-09-12
2001,9,13,6.641,0,2001-09-13
2001,9,14,6.684,0,2001-09-14
2001,9,15,6.657,0,2001-09-15
2001,9,16,6.608,0,2001-09-16
2001,9,17,6.62,0,2001-09-17
2001,9,18,6.589,0,2001-09-18
2001,9,19,6.567,0,2001-09-19
2001,9,20,6.629,0,2001-09-20
2001,9,21,6.64,0,2001-09-21
2001,9,22,6.705,0,2001-09-22
2001,9,23,6.683,0,2001-09-23
2001,9,24,6.746,0,2001-09-24
2001,9,25,6.684,0,2001-09-25
2001,9,26,6.773,0,2001-09-26
2001,9,27,6.806,0,2001-09-27
2001,9,28,6.964,0,2001-09-28
2001,9,29,7.033,0,2001-09-29
2001,9,30,7.084,0,2001-09-30
2001,10,1,7.261,0,2001-10-01
2001,10,2,7.371,0,2001-10-02
2001,10,3,7.477,0,2001-10-03
2001,10,4,7.551,0,2001-10-04
2001,10,5,7.576,0,2001-10-05
2001,10,6,7.67,0,2001-10-06
2001,10,7,7.786,0,2001-10-07
2001,10,8,7.856,0,2001-10-08
2001,10,9,7.942,0,2001-10-09
2001,10,10,7.959,0,2001-10-10
2001,10,11,7.981,0,2001-10-11
2001,10,12,8.005,0,2001-10-12
2001,10,13,8.097,0,2001-10-13
2001,10,14,8.149,0,2001-10-14
2001,10,15,8.214,0,2001-10-15
2001,10,16,8.243,0,2001-10-16
2001,10,17,8.331,0,2001-10-17
2001,10,18,8.449,0,2001-10-18
2001,10,19,8.541,0,2001-10-19
2001,10,20,8.555,0,2001-10-20
2001,10,21,8.566,0,2001-10-21
2001,10,22,8.529,0,2001-10-22
2001,10,23,8.569,0,2001-10-23
2001,10,24,8.642,0,2001-10-24
2001,10,25,8.852,0,2001-10-25
2001,10,26,8.912,0,2001-10-26
2001,10,27,9.007,0,2001-10-27
2001,10,28,9.154,0,2001-10-28
2001,10,29,9.274,0,2001-10-29
2001,10,30,9.324,0,2001-10-30
2001,10,31,9.404,0,2001-10-31
2001,11,1,9.733,0,2001-11-01
2001,11,2,9.762,0,2001-11-02
2001,11,3,9.804,0,2001-11-03
2001,11,4,9.893,0,2001-11-04
2001,11,5,10.076,0,2001-11-05
2001,11,6,10.03,0,2001-11-06
2001,11,7,10.131,0,2001-11-07
2001,11,8,10.178,0,2001-11-08
2001,11,9,10.196,0,2001-11-09
2001,11,10,10.336,0,2001-11-10
2001,11,11,10.41,0,2001-11-11
2001,11,12,10.549,0,2001-11-12
2001,11,13,10.616,0,2001-11-13
2001,11,14,10.732,0,2001-11-14
2001,11,15,10.861,0,2001-11-15
2001,11,16,10.9,0,2001-11-16
2001,11,17,10.959,0,2001-11-17
2001,11,18,11.043,0,2001-11-18
2001,11,19,11.068,0,2001-11-19
2001,11,20,11.109,0,2001-11-20
2001,11,21,11.091,0,2001-11-21
2001,11,22,11.09,0,2001-11-22
2001,11,23,11.096,0,2001-11-23
2001,11,24,11.08,0,2001-11-24
2001,11,25,11.133,0,2001-11-25
2001,11,26,11.179,0,2001-11-26
2001,11,27,11.169,0,2001-11-27
2001,11,28,11.121,0,2001-11-28
2001,11,29,11.151,0,2001-11-29
2001,11,30,11.239,0,2001-11-30
2001,12,1,11.414,0,2001-12-01
2001,12,2,11.468,0,2001-12-02
2001,12,3,11.558,0,2001-12-03
2001,12,4,11.564,0,2001-12-04
2001,12,5,11.607,0,2001-12-05
2001,12,6,11.705,0,2001-12-06
2001,12,7,11.71,0,2001-12-07
2001,12,8,11.747,0,2001-12-08
2001,12,9,11.887,0,2001-12-09
2001,12,10,11.925,0,2001-12-10
2001,12,11,12.115,0,2001-12-11
2001,12,12,12.203,0,2001-12-12
2001,12,13,12.25,0,2001-12-13
2001,12,14,12.309,0,2001-12-14
2001,12,15,12.374,0,2001-12-15
2001,12,16,12.467,0,2001-12-16
2001,12,17,12.59,0,2001-12-17
2001,12,18,12.639,0,2001-12-18
2001,12,19,12.785,0,2001-12-19
2001,12,20,12.851,0,2001-12-20
2001,12,21,12.92,0,2001-12-21
2001,12,22,13.01,0,2001-12-22
2001,12,23,13.098,0,2001-12-23
2001,12,24,13.189,0,2001-12-24
2001,12,25,13.339,0,2001-12-25
2001,12,26,13.325,0,2001-12-26
2001,12,27,13.374,0,2001-12-27
2001,12,28,13.409,0,2001-12-28
2001,12,29,13.416,0,2001-12-29
2001,12,30,13.444,0,2001-12-30
2001,12,31,13.521,0,2001-12-31
2002,1,1,13.59,0,2002-01-01
2002,1,2,13.628,0,2002-01-02
2002,1,3,13.598,0,2002-01-03
2002,1,4,13.623,0,2002-01-04
2002,1,5,13.683,0,2002-01-05
2002,1,6,13.645,0,2002-01-06
2002,1,7,13.875,0,2002-01-07
2002,1,8,13.846,0,2002-01-08
2002,1,9,13.91,0,2002-01-09
2002,1,10,13.925,0,2002-01-10
2002,1,11,13.885,0,2002-01-11
2002,1,12,13.98,0,2002-01-12
2002,1,13,14.163,0,2002-01-13
2002,1,14,14.236,0,2002-01-14
2002,1,15,14.222,0,2002-01-15
2002,1,16,14.313,0,2002-01-16
2002,1,17,14.366,0,2002-01-17
2002,1,18,14.372,0,2002-01-18
2002,1,19,14.429,0,2002-01-19
2002,1,20,14.561,0,2002-01-20
2002,1,21,14.657,0,2002-01-21
2002,1,22,14.674,0,2002-01-22
2002,1,23,14.624,0,2002-01-23
2002,1,24,14.64,0,2002-01-24
2002,1,25,14.668,0,2002-01-25
2002,1,26,14.744,0,2002-01-26
2002,1,27,14.803,0,2002-01-27
2002,1,28,14.923,0,2002-01-28
2002,1,29,14.878,0,2002-01-29
2002,1,30,14.951,0,2002-01-30
2002,1,31,15.039,0,2002-01-31
2002,2,1,15.187,0,2002-02-01
2002,2,2,15.226,0,2002-02-02
2002,2,3,15.186,0,2002-02-03
2002,2,4,15.204,0,2002-02-04
2002,2,5,15.185,0,2002-02-05
2002,2,6,15.133,0,2002-02-06
2002,2,7,15.16,0,2002-02-07
2002,2,8,15.207,0,2002-02-08
2002,2,9,15.255,0,2002-02-09
2002,2,10,15.209,0,2002-02-10
2002,2,11,15.31,0,2002-02-11
2002,2,12,15.228,0,2002-02-12
2002,2,13,15.303,0,2002-02-13
2002,2,14,15.364,0,2002-02-14
2002,2,15,15.384,0,2002-02-15
2002,2,16,15.413,0,2002-02-16
2002,2,17,15.475,0,2002-02-17
2002,2,18,15.526,0,2002-02-18
2002,2,19,15.534,0,2002-02-19
2002,2,20,15.488,0,2002-02-20
2002,2,21,15.549,0,2002-02-21
2002,2,22,15.586,0,2002-02-22
2002,2,23,15.483,0,2002-02-23
2002,2,24,15.396,0,2002-02-24
2002,2,25,15.39,0,2002-02-25
2002,2,26,15.396,0,2002-02-26
2002,2,27,15.387,0,2002-02-27
2002,2,28,15.422,0,2002-02-28
2002,3,1,15.397,0,2002-03-01
2002,3,2,15.444,0,2002-03-02
2002,3,3,15.441,0,2002-03-03
2002,3,4,15.404,0,2002-03-04
2002,3,5,15.359,0,2002-03-05
2002,3,6,15.427,0,2002-03-06
2002,3,7,15.421,0,2002-03-07
2002,3,8,15.555,0,2002-03-08
2002,3,9,15.624,0,2002-03-09
2002,3,10,15.536,0,2002-03-10
2002,3,11,15.611,0,2002-03-11
2002,3,12,15.511,0,2002-03-12
2002,3,13,15.572,0,2002-03-13
2002,3,14,15.611,0,2002-03-14
2002,3,15,15.576,0,2002-03-15
2002,3,16,15.489,0,2002-03-16
2002,3,17,15.402,0,2002-03-17
2002,3,18,15.396,0,2002-03-18
2002,3,19,15.346,0,2002-03-19
2002,3,20,15.312,0,2002-03-20
2002,3,21,15.282,0,2002-03-21
2002,3,22,15.211,0,2002-03-22
2002,3,23,15.265,0,2002-03-23
2002,3,24,15.224,0,2002-03-24
2002,3,25,15.183,0,2002-03-25
2002,3,26,15.114,0,2002-03-26
2002,3,27,15.173,0,2002-03-27
2002,3,28,15.126,0,2002-03-28
2002,3,29,14.991,0,2002-03-29
2002,3,30,14.931,0,2002-03-30
2002,3,31,14.882,0,2002-03-31
2002,4,1,14.885,0,2002-04-01
2002,4,2,14.72,0,2002-04-02
2002,4,3,14.694,0,2002-04-03
2002,4,4,14.649,0,2002-04-04
2002,4,5,14.609,0,2002-04-05
2002,4,6,14.609,0,2002-04-06
2002,4,7,14.585,0,2002-04-07
2002,4,8,14.543,0,2002-04-08
2002,4,9,14.481,0,2002-04-09
2002,4,10,14.428,0,2002-04-10
2002,4,11,14.321,0,2002-04-11
2002,4,12,14.336,0,2002-04-12
2002,4,13,14.379,0,2002-04-13
2002,4,14,14.381,0,2002-04-14
2002,4,15,14.36,0,2002-04-15
2002,4,16,14.369,0,2002-04-16
2002,4,17,14.329,0,2002-04-17
2002,4,18,14.265,0,2002-04-18
2002,4,19,14.184,0,2002-04-19
2002,4,20,14.223,0,2002-04-20
2002,4,21,14.183,0,2002-04-21
2002,4,22,14.15,0,2002-04-22
2002,4,23,14.097,0,2002-04-23
2002,4,24,14.054,0,2002-04-24
2002,4,25,14.075,0,2002-04-25
2002,4,26,13.945,0,2002-04-26
2002,4,27,13.867,0,2002-04-27
2002,4,28,13.768,0,2002-04-28
2002,4,29,13.79,0,2002-04-29
2002,4,30,13.704,0,2002-04-30
2002,5,1,13.527,0,2002-05-01
2002,5,2,13.508,0,2002-05-02
2002,5,3,13.481,0,2002-05-03
2002,5,4,13.482,0,2002-05-04
2002,5,5,13.384,0,2002-05-05
2002,5,6,13.341,0,2002-05-06
2002,5,7,13.346,0,2002-05-07
2002,5,8,13.321,0,2002-05-08
2002,5,9,13.265,0,2002-05-09
2002,5,10,13.227,0,2002-05-10
2002,5,11,13.197,0,2002-05-11
2002,5,12,13.214,0,2002-05-12
2002,5,13,13.119,0,2002-05-13
2002,5,14,13.084,0,2002-05-14
2002,5,15,13.076,0,2002-05-15
2002,5,16,13.049,0,2002-05-16
2002,5,17,12.974,0,2002-05-17
2002,5,18,12.947,0,2002-05-18
2002,5,19,12.876,0,2002-05-19
2002,5,20,12.755,0,2002-05-20
2002,5,21,12.724,0,2002-05-21
2002,5,22,12.677,0,2002-05-22
2002,5,23,12.668,0,2002-05-23
2002,5,24,12.658,0,2002-05-24
2002,5,25,12.55,0,2002-05-25
2002,5,26,12.505,0,2002-05-26
2002,5,27,12.5,0,2002-05-27
2002,5,28,12.465,0,2002-05-28
2002,5,29,12.417,0,2002-05-29
2002,5,30,12.402,0,2002-05-30
2002,5,31,12.35,0,2002-05-31
2002,6,1,12.239,0,2002-06-01
2002,6,2,12.152,0,2002-06-02
2002,6,3,12.108,0,2002-06-03
2002,6,4,12.077,0,2002-06-04
2002,6,5,12,0,2002-06-05
2002,6,6,12.012,0,2002-06-06
2002,6,7,11.982,0,2002-06-07
2002,6,8,11.924,0,2002-06-08
2002,6,9,11.894,0,2002-06-09
2002,6,10,11.838,0,2002-06-10
2002,6,11,11.822,0,2002-06-11
2002,6,12,11.77,0,2002-06-12
2002,6,13,11.738,0,2002-06-13
2002,6,14,11.696,0,2002-06-14
2002,6,15,11.636,0,2002-06-15
2002,6,16,11.585,0,2002-06-16
2002,6,17,11.534,0,2002-06-17
2002,6,18,11.489,0,2002-06-18
2002,6,19,11.439,0,2002-06-19
2002,6,20,11.378,0,2002-06-20
2002,6,21,11.365,0,2002-06-21
2002,6,22,11.356,0,2002-06-22
2002,6,23,11.331,0,2002-06-23
2002,6,24,11.259,0,2002-06-24
2002,6,25,11.176,0,2002-06-25
2002,6,26,11.056,0,2002-06-26
2002,6,27,11.064,0,2002-06-27
2002,6,28,10.955,0,2002-06-28
2002,6,29,10.86,0,2002-06-29
2002,6,30,10.767,0,2002-06-30
2002,7,1,10.575,0,2002-07-01
2002,7,2,10.556,0,2002-07-02
2002,7,3,10.556,0,2002-07-03
2002,7,4,10.511,0,2002-07-04
2002,7,5,10.436,0,2002-07-05
2002,7,6,10.315,0,2002-07-06
2002,7,7,10.204,0,2002-07-07
2002,7,8,10.086,0,2002-07-08
2002,7,9,10.066,0,2002-07-09
2002,7,10,9.986,0,2002-07-10
2002,7,11,9.733,0,2002-07-11
2002,7,12,9.647,0,2002-07-12
2002,7,13,9.61,0,2002-07-13
2002,7,14,9.525,0,2002-07-14
2002,7,15,9.398,0,2002-07-15
2002,7,16,9.322,0,2002-07-16
2002,7,17,9.205,0,2002-07-17
2002,7,18,9.081,0,2002-07-18
2002,7,19,8.986,0,2002-07-19
2002,7,20,8.881,0,2002-07-20
2002,7,21,8.799,0,2002-07-21
2002,7,22,8.675,0,2002-07-22
2002,7,23,8.461,0,2002-07-23
2002,7,24,8.428,0,2002-07-24
2002,7,25,8.446,0,2002-07-25
2002,7,26,8.246,0,2002-07-26
2002,7,27,8.086,0,2002-07-27
2002,7,28,8.006,0,2002-07-28
2002,7,29,7.992,0,2002-07-29
2002,7,30,7.911,0,2002-07-30
2002,7,31,7.77,0,2002-07-31
2002,8,1,7.588,0,2002-08-01
2002,8,2,7.495,0,2002-08-02
2002,8,3,7.444,0,2002-08-03
2002,8,4,7.472,0,2002-08-04
2002,8,5,7.331,0,2002-08-05
2002,8,6,7.251,0,2002-08-06
2002,8,7,7.148,0,2002-08-07
2002,8,8,7.064,0,2002-08-08
2002,8,9,6.868,0,2002-08-09
2002,8,10,6.809,0,2002-08-10
2002,8,11,6.76,0,2002-08-11
2002,8,12,6.704,0,2002-08-12
2002,8,13,6.642,0,2002-08-13
2002,8,14,6.6,0,2002-08-14
2002,8,15,6.631,0,2002-08-15
2002,8,16,6.54,0,2002-08-16
2002,8,17,6.434,0,2002-08-17
2002,8,18,6.389,0,2002-08-18
2002,8,19,6.317,0,2002-08-19
2002,8,20,6.275,0,2002-08-20
2002,8,21,6.241,0,2002-08-21
2002,8,22,6.209,0,2002-08-22
2002,8,23,6.209,0,2002-08-23
2002,8,24,6.141,0,2002-08-24
2002,8,25,6.157,0,2002-08-25
2002,8,26,6.071,0,2002-08-26
2002,8,27,5.997,0,2002-08-27
2002,8,28,6.002,0,2002-08-28
2002,8,29,5.948,0,2002-08-29
2002,8,30,5.966,0,2002-08-30
2002,8,31,5.866,0,2002-08-31
2002,9,1,5.828,0,2002-09-01
2002,9,2,5.827,0,2002-09-02
2002,9,3,5.759,0,2002-09-03
2002,9,4,5.698,0,2002-09-04
2002,9,5,5.638,0,2002-09-05
2002,9,6,5.67,0,2002-09-06
2002,9,7,5.691,0,2002-09-07
2002,9,8,5.687,0,2002-09-08
2002,9,9,5.68,0,2002-09-09
2002,9,10,5.641,0,2002-09-10
2002,9,11,5.639,0,2002-09-11
2002,9,12,5.638,0,2002-09-12
2002,9,13,5.628,0,2002-09-13
2002,9,14,5.644,0,2002-09-14
2002,9,15,5.661,0,2002-09-15
2002,9,16,5.663,0,2002-09-16
2002,9,17,5.627,0,2002-09-17
2002,9,18,5.625,0,2002-09-18
2002,9,19,5.698,0,2002-09-19
2002,9,20,5.796,0,2002-09-20
2002,9,21,5.87,0,2002-09-21
2002,9,22,5.965,0,2002-09-22
2002,9,23,5.996,0,2002-09-23
2002,9,24,6.007,0,2002-09-24
2002,9,25,6.012,0,2002-09-25
2002,9,26,6.084,0,2002-09-26
2002,9,27,6.158,0,2002-09-27
2002,9,28,6.253,0,2002-09-28
2002,9,29,6.332,0,2002-09-29
2002,9,30,6.399,0,2002-09-30
2002,10,1,6.543,0,2002-10-01
2002,10,2,6.656,0,2002-10-02
2002,10,3,6.869,0,2002-10-03
2002,10,4,7.085,0,2002-10-04
2002,10,5,7.218,0,2002-10-05
2002,10,6,7.303,0,2002-10-06
2002,10,7,7.467,0,2002-10-07
2002,10,8,7.547,0,2002-10-08
2002,10,9,7.647,0,2002-10-09
2002,10,10,7.722,0,2002-10-10
2002,10,11,7.853,0,2002-10-11
2002,10,12,7.967,0,2002-10-12
2002,10,13,8.025,0,2002-10-13
2002,10,14,8.1,0,2002-10-14
2002,10,15,8.164,0,2002-10-15
2002,10,16,8.196,0,2002-10-16
2002,10,17,8.26,0,2002-10-17
2002,10,18,8.358,0,2002-10-18
2002,10,19,8.452,0,2002-10-19
2002,10,20,8.583,0,2002-10-20
2002,10,21,8.644,0,2002-10-21
2002,10,22,8.777,0,2002-10-22
2002,10,23,8.89,0,2002-10-23
2002,10,24,8.919,0,2002-10-24
2002,10,25,8.976,0,2002-10-25
2002,10,26,9.062,0,2002-10-26
2002,10,27,9.079,0,2002-10-27
2002,10,28,9.132,0,2002-10-28
2002,10,29,9.179,0,2002-10-29
2002,10,30,9.177,0,2002-10-30
2002,10,31,9.169,0,2002-10-31
2002,11,1,9.299,0,2002-11-01
2002,11,2,9.424,0,2002-11-02
2002,11,3,9.511,0,2002-11-03
2002,11,4,9.573,0,2002-11-04
2002,11,5,9.576,0,2002-11-05
2002,11,6,9.611,0,2002-11-06
2002,11,7,9.587,0,2002-11-07
2002,11,8,9.629,0,2002-11-08
2002,11,9,9.743,0,2002-11-09
2002,11,10,9.852,0,2002-11-10
2002,11,11,9.874,0,2002-11-11
2002,11,12,9.967,0,2002-11-12
2002,11,13,10.048,0,2002-11-13
2002,11,14,10.096,0,2002-11-14
2002,11,15,10.19,0,2002-11-15
2002,11,16,10.364,0,2002-11-16
2002,11,17,10.587,0,2002-11-17
2002,11,18,10.594,0,2002-11-18
2002,11,19,10.585,0,2002-11-19
2002,11,20,10.593,0,2002-11-20
2002,11,21,10.687,0,2002-11-21
2002,11,22,10.805,0,2002-11-22
2002,11,23,10.883,0,2002-11-23
2002,11,24,11.004,0,2002-11-24
2002,11,25,11.06,0,2002-11-25
2002,11,26,11.213,0,2002-11-26
2002,11,27,11.377,0,2002-11-27
2002,11,28,11.476,0,2002-11-28
2002,11,29,11.499,0,2002-11-29
2002,11,30,11.549,0,2002-11-30
2002,12,1,11.728,0,2002-12-01
2002,12,2,11.785,0,2002-12-02
2002,12,3,11.874,0,2002-12-03
2002,12,4,11.909,0,2002-12-04
2002,12,5,11.978,0,2002-12-05
2002,12,6,11.981,0,2002-12-06
2002,12,7,11.966,0,2002-12-07
2002,12,8,11.972,0,2002-12-08
2002,12,9,12.118,0,2002-12-09
2002,12,10,12.188,0,2002-12-10
2002,12,11,12.239,0,2002-12-11
2002,12,12,12.32,0,2002-12-12
2002,12,13,12.38,0,2002-12-13
2002,12,14,12.487,0,2002-12-14
2002,12,15,12.572,0,2002-12-15
2002,12,16,12.666,0,2002-12-16
2002,12,17,12.715,0,2002-12-17
2002,12,18,12.922,0,2002-12-18
2002,12,19,12.925,0,2002-12-19
2002,12,20,12.837,0,2002-12-20
2002,12,21,12.878,0,2002-12-21
2002,12,22,12.909,0,2002-12-22
2002,12,23,12.998,0,2002-12-23
2002,12,24,13.091,0,2002-12-24
2002,12,25,13.112,0,2002-12-25
2002,12,26,13.206,0,2002-12-26
2002,12,27,13.376,0,2002-12-27
2002,12,28,13.366,0,2002-12-28
2002,12,29,13.377,0,2002-12-29
2002,12,30,13.483,0,2002-12-30
2002,12,31,13.504,0,2002-12-31
2003,1,1,13.647,0,2003-01-01
2003,1,2,13.698,0,2003-01-02
2003,1,3,13.876,0,2003-01-03
2003,1,4,13.925,0,2003-01-04
2003,1,5,14.036,0,2003-01-05
2003,1,6,14.075,0,2003-01-06
2003,1,7,14.092,0,2003-01-07
2003,1,8,14.12,0,2003-01-08
2003,1,9,14.094,0,2003-01-09
2003,1,10,14.126,0,2003-01-10
2003,1,11,14.219,0,2003-01-11
2003,1,12,14.278,0,2003-01-12
2003,1,13,14.285,0,2003-01-13
2003,1,14,14.395,0,2003-01-14
2003,1,15,14.424,0,2003-01-15
2003,1,16,14.518,0,2003-01-16
2003,1,17,14.584,0,2003-01-17
2003,1,18,14.638,0,2003-01-18
2003,1,19,14.684,0,2003-01-19
2003,1,20,14.796,0,2003-01-20
2003,1,21,14.739,0,2003-01-21
2003,1,22,14.555,0,2003-01-22
2003,1,23,14.481,0,2003-01-23
2003,1,24,14.528,0,2003-01-24
2003,1,25,14.585,0,2003-01-25
2003,1,26,14.583,0,2003-01-26
2003,1,27,14.791,0,2003-01-27
2003,1,28,14.891,0,2003-01-28
2003,1,29,14.771,0,2003-01-29
2003,1,30,14.811,0,2003-01-30
2003,1,31,14.871,0,2003-01-31
2003,2,1,14.946,0,2003-02-01
2003,2,2,14.954,0,2003-02-02
2003,2,3,14.889,0,2003-02-03
2003,2,4,14.876,0,2003-02-04
2003,2,5,14.905,0,2003-02-05
2003,2,6,14.834,0,2003-02-06
2003,2,7,14.942,0,2003-02-07
2003,2,8,14.975,0,2003-02-08
2003,2,9,14.996,0,2003-02-09
2003,2,10,15.003,0,2003-02-10
2003,2,11,15.057,0,2003-02-11
2003,2,12,15.078,0,2003-02-12
2003,2,13,15.142,0,2003-02-13
2003,2,14,15.139,0,2003-02-14
2003,2,15,15.212,0,2003-02-15
2003,2,16,15.306,0,2003-02-16
2003,2,17,15.345,0,2003-02-17
2003,2,18,15.354,0,2003-02-18
2003,2,19,15.359,0,2003-02-19
2003,2,20,15.386,0,2003-02-20
2003,2,21,15.461,0,2003-02-21
2003,2,22,15.443,0,2003-02-22
2003,2,23,15.438,0,2003-02-23
2003,2,24,15.439,0,2003-02-24
2003,2,25,15.41,0,2003-02-25
2003,2,26,15.506,0,2003-02-26
2003,2,27,15.495,0,2003-02-27
2003,2,28,15.518,0,2003-02-28
2003,3,1,15.555,0,2003-03-01
2003,3,2,15.61,0,2003-03-02
2003,3,3,15.616,0,2003-03-03
2003,3,4,15.524,0,2003-03-04
2003,3,5,15.472,0,2003-03-05
2003,3,6,15.44,0,2003-03-06
2003,3,7,15.443,0,2003-03-07
2003,3,8,15.438,0,2003-03-08
2003,3,9,15.381,0,2003-03-09
2003,3,10,15.326,0,2003-03-10
2003,3,11,15.347,0,2003-03-11
2003,3,12,15.32,0,2003-03-12
2003,3,13,15.278,0,2003-03-13
2003,3,14,15.331,0,2003-03-14
2003,3,15,15.4,0,2003-03-15
2003,3,16,15.433,0,2003-03-16
2003,3,17,15.485,0,2003-03-17
2003,3,18,15.561,0,2003-03-18
2003,3,19,15.56,0,2003-03-19
2003,3,20,15.629,0,2003-03-20
2003,3,21,15.627,0,2003-03-21
2003,3,22,15.599,0,2003-03-22
2003,3,23,15.511,0,2003-03-23
2003,3,24,15.603,0,2003-03-24
2003,3,25,15.587,0,2003-03-25
2003,3,26,15.604,0,2003-03-26
2003,3,27,15.578,0,2003-03-27
2003,3,28,15.499,0,2003-03-28
2003,3,29,15.474,0,2003-03-29
2003,3,30,15.426,0,2003-03-30
2003,3,31,15.375,0,2003-03-31
2003,4,1,15.232,0,2003-04-01
2003,4,2,15.081,0,2003-04-02
2003,4,3,15.019,0,2003-04-03
2003,4,4,15.045,0,2003-04-04
2003,4,5,14.965,0,2003-04-05
2003,4,6,15.021,0,2003-04-06
2003,4,7,14.868,0,2003-04-07
2003,4,8,14.889,0,2003-04-08
2003,4,9,14.817,0,2003-04-09
2003,4,10,14.784,0,2003-04-10
2003,4,11,14.726,0,2003-04-11
2003,4,12,14.695,0,2003-04-12
2003,4,13,14.635,0,2003-04-13
2003,4,14,14.523,0,2003-04-14
2003,4,15,14.531,0,2003-04-15
2003,4,16,14.565,0,2003-04-16
2003,4,17,14.475,0,2003-04-17
2003,4,18,14.345,0,2003-04-18
2003,4,19,14.332,0,2003-04-19
2003,4,20,14.276,0,2003-04-20
2003,4,21,14.232,0,2003-04-21
2003,4,22,14.235,0,2003-04-22
2003,4,23,14.292,0,2003-04-23
2003,4,24,14.15,0,2003-04-24
2003,4,25,14.122,0,2003-04-25
2003,4,26,13.969,0,2003-04-26
2003,4,27,13.994,0,2003-04-27
2003,4,28,13.919,0,2003-04-28
2003,4,29,13.827,0,2003-04-29
2003,4,30,13.798,0,2003-04-30
2003,5,1,13.71,0,2003-05-01
2003,5,2,13.549,0,2003-05-02
2003,5,3,13.551,0,2003-05-03
2003,5,4,13.481,0,2003-05-04
2003,5,5,13.412,0,2003-05-05
2003,5,6,13.358,0,2003-05-06
2003,5,7,13.306,0,2003-05-07
2003,5,8,13.265,0,2003-05-08
2003,5,9,13.165,0,2003-05-09
2003,5,10,13.143,0,2003-05-10
2003,5,11,13.056,0,2003-05-11
2003,5,12,13.09,0,2003-05-12
2003,5,13,13.087,0,2003-05-13
2003,5,14,13.086,0,2003-05-14
2003,5,15,13.007,0,2003-05-15
2003,5,16,12.955,0,2003-05-16
2003,5,17,12.965,0,2003-05-17
2003,5,18,12.952,0,2003-05-18
2003,5,19,12.933,0,2003-05-19
2003,5,20,12.874,0,2003-05-20
2003,5,21,12.854,0,2003-05-21
2003,5,22,12.839,0,2003-05-22
2003,5,23,12.783,0,2003-05-23
2003,5,24,12.786,0,2003-05-24
2003,5,25,12.689,0,2003-05-25
2003,5,26,12.681,0,2003-05-26
2003,5,27,12.689,0,2003-05-27
2003,5,28,12.603,0,2003-05-28
2003,5,29,12.566,0,2003-05-29
2003,5,30,12.58,0,2003-05-30
2003,5,31,12.483,0,2003-05-31
2003,6,1,12.386,0,2003-06-01
2003,6,2,12.409,0,2003-06-02
2003,6,3,12.382,0,2003-06-03
2003,6,4,12.354,0,2003-06-04
2003,6,5,12.228,0,2003-06-05
2003,6,6,12.187,0,2003-06-06
2003,6,7,12.087,0,2003-06-07
2003,6,8,12.024,0,2003-06-08
2003,6,9,12.029,0,2003-06-09
2003,6,10,11.993,0,2003-06-10
2003,6,11,11.977,0,2003-06-11
2003,6,12,11.942,0,2003-06-12
2003,6,13,11.802,0,2003-06-13
2003,6,14,11.755,0,2003-06-14
2003,6,15,11.665,0,2003-06-15
2003,6,16,11.625,0,2003-06-16
2003,6,17,11.505,0,2003-06-17
2003,6,18,11.462,0,2003-06-18
2003,6,19,11.387,0,2003-06-19
2003,6,20,11.351,0,2003-06-20
2003,6,21,11.279,0,2003-06-21
2003,6,22,11.12,0,2003-06-22
2003,6,23,11.064,0,2003-06-23
2003,6,24,11.044,0,2003-06-24
2003,6,25,11.048,0,2003-06-25
2003,6,26,10.903,0,2003-06-26
2003,6,27,10.839,0,2003-06-27
2003,6,28,10.854,0,2003-06-28
2003,6,29,10.796,0,2003-06-29
2003,6,30,10.624,0,2003-06-30
2003,7,1,10.45,0,2003-07-01
2003,7,2,10.344,0,2003-07-02
2003,7,3,10.268,0,2003-07-03
2003,7,4,10.233,0,2003-07-04
2003,7,5,10.18,0,2003-07-05
2003,7,6,10.1,0,2003-07-06
2003,7,7,10.02,0,2003-07-07
2003,7,8,9.947,0,2003-07-08
2003,7,9,9.856,0,2003-07-09
2003,7,10,9.824,0,2003-07-10
2003,7,11,9.763,0,2003-07-11
2003,7,12,9.643,0,2003-07-12
2003,7,13,9.434,0,2003-07-13
2003,7,14,9.443,0,2003-07-14
2003,7,15,9.366,0,2003-07-15
2003,7,16,9.237,0,2003-07-16
2003,7,17,9.11,0,2003-07-17
2003,7,18,9.007,0,2003-07-18
2003,7,19,8.951,0,2003-07-19
2003,7,20,8.862,0,2003-07-20
2003,7,21,8.751,0,2003-07-21
2003,7,22,8.646,0,2003-07-22
2003,7,23,8.53,0,2003-07-23
2003,7,24,8.408,0,2003-07-24
2003,7,25,8.298,0,2003-07-25
2003,7,26,8.305,0,2003-07-26
2003,7,27,8.294,0,2003-07-27
2003,7,28,8.234,0,2003-07-28
2003,7,29,8.148,0,2003-07-29
2003,7,30,8.059,0,2003-07-30
2003,7,31,7.947,0,2003-07-31
2003,8,1,7.788,0,2003-08-01
2003,8,2,7.722,0,2003-08-02
2003,8,3,7.555,0,2003-08-03
2003,8,4,7.601,0,2003-08-04
2003,8,5,7.538,0,2003-08-05
2003,8,6,7.51,0,2003-08-06
2003,8,7,7.299,0,2003-08-07
2003,8,8,7.202,0,2003-08-08
2003,8,9,7.17,0,2003-08-09
2003,8,10,7.109,0,2003-08-10
2003,8,11,7.1,0,2003-08-11
2003,8,12,7.103,0,2003-08-12
2003,8,13,6.968,0,2003-08-13
2003,8,14,6.953,0,2003-08-14
2003,8,15,6.848,0,2003-08-15
2003,8,16,6.817,0,2003-08-16
2003,8,17,6.758,0,2003-08-17
2003,8,18,6.818,0,2003-08-18
2003,8,19,6.7,0,2003-08-19
2003,8,20,6.633,0,2003-08-20
2003,8,21,6.638,0,2003-08-21
2003,8,22,6.615,0,2003-08-22
2003,8,23,6.559,0,2003-08-23
2003,8,24,6.547,0,2003-08-24
2003,8,25,6.54,0,2003-08-25
2003,8,26,6.583,0,2003-08-26
2003,8,27,6.511,0,2003-08-27
2003,8,28,6.495,0,2003-08-28
2003,8,29,6.476,0,2003-08-29
2003,8,30,6.461,0,2003-08-30
2003,8,31,6.395,0,2003-08-31
2003,9,1,6.283,0,2003-09-01
2003,9,2,6.321,0,2003-09-02
2003,9,3,6.252,0,2003-09-03
2003,9,4,6.241,0,2003-09-04
2003,9,5,6.165,0,2003-09-05
2003,9,6,6.113,0,2003-09-06
2003,9,7,6.093,0,2003-09-07
2003,9,8,6.11,0,2003-09-08
2003,9,9,6.103,0,2003-09-09
2003,9,10,6.065,0,2003-09-10
2003,9,11,6.04,0,2003-09-11
2003,9,12,6.055,0,2003-09-12
2003,9,13,6.103,0,2003-09-13
2003,9,14,6.023,0,2003-09-14
2003,9,15,6.032,0,2003-09-15
2003,9,16,6.037,0,2003-09-16
2003,9,17,5.969,0,2003-09-17
2003,9,18,5.975,0,2003-09-18
2003,9,19,6.095,0,2003-09-19
2003,9,20,6.16,0,2003-09-20
2003,9,21,6.093,0,2003-09-21
2003,9,22,5.998,0,2003-09-22
2003,9,23,6.033,0,2003-09-23
2003,9,24,6.051,0,2003-09-24
2003,9,25,6.149,0,2003-09-25
2003,9,26,6.133,0,2003-09-26
2003,9,27,6.125,0,2003-09-27
2003,9,28,6.169,0,2003-09-28
2003,9,29,6.201,0,2003-09-29
2003,9,30,6.296,0,2003-09-30
2003,10,1,6.441,0,2003-10-01
2003,10,2,6.484,0,2003-10-02
2003,10,3,6.572,0,2003-10-03
2003,10,4,6.643,0,2003-10-04
2003,10,5,6.764,0,2003-10-05
2003,10,6,6.829,0,2003-10-06
2003,10,7,6.911,0,2003-10-07
2003,10,8,6.985,0,2003-10-08
2003,10,9,6.958,0,2003-10-09
2003,10,10,7.003,0,2003-10-10
2003,10,11,7.076,0,2003-10-11
2003,10,12,7.144,0,2003-10-12
2003,10,13,7.36,0,2003-10-13
2003,10,14,7.582,0,2003-10-14
2003,10,15,7.688,0,2003-10-15
2003,10,16,7.813,0,2003-10-16
2003,10,17,7.937,0,2003-10-17
2003,10,18,8.111,0,2003-10-18
2003,10,19,8.275,0,2003-10-19
2003,10,20,8.431,0,2003-10-20
2003,10,21,8.575,0,2003-10-21
2003,10,22,8.672,0,2003-10-22
2003,10,23,8.822,0,2003-10-23
2003,10,24,8.923,0,2003-10-24
2003,10,25,8.919,0,2003-10-25
2003,10,26,8.945,0,2003-10-26
2003,10,27,9.009,0,2003-10-27
2003,10,28,9.044,0,2003-10-28
2003,10,29,9.075,0,2003-10-29
2003,10,30,9.113,0,2003-10-30
2003,10,31,9.193,0,2003-10-31
2003,11,1,9.367,0,2003-11-01
2003,11,2,9.473,0,2003-11-02
2003,11,3,9.438,0,2003-11-03
2003,11,4,9.481,0,2003-11-04
2003,11,5,9.435,0,2003-11-05
2003,11,6,9.441,0,2003-11-06
2003,11,7,9.5,0,2003-11-07
2003,11,8,9.602,0,2003-11-08
2003,11,9,9.607,0,2003-11-09
2003,11,10,9.685,0,2003-11-10
2003,11,11,9.748,0,2003-11-11
2003,11,12,9.81,0,2003-11-12
2003,11,13,9.903,0,2003-11-13
2003,11,14,9.986,0,2003-11-14
2003,11,15,10.063,0,2003-11-15
2003,11,16,10.173,0,2003-11-16
2003,11,17,10.274,0,2003-11-17
2003,11,18,10.335,0,2003-11-18
2003,11,19,10.35,0,2003-11-19
2003,11,20,10.388,0,2003-11-20
2003,11,21,10.397,0,2003-11-21
2003,11,22,10.45,0,2003-11-22
2003,11,23,10.5,0,2003-11-23
2003,11,24,10.585,0,2003-11-24
2003,11,25,10.702,0,2003-11-25
2003,11,26,10.833,0,2003-11-26
2003,11,27,10.918,0,2003-11-27
2003,11,28,11.004,0,2003-11-28
2003,11,29,11.141,0,2003-11-29
2003,11,30,11.171,0,2003-11-30
2003,12,1,11.327,0,2003-12-01
2003,12,2,11.402,0,2003-12-02
2003,12,3,11.581,0,2003-12-03
2003,12,4,11.736,0,2003-12-04
2003,12,5,11.73,0,2003-12-05
2003,12,6,11.749,0,2003-12-06
2003,12,7,11.896,0,2003-12-07
2003,12,8,11.987,0,2003-12-08
2003,12,9,12.063,0,2003-12-09
2003,12,10,12.129,0,2003-12-10
2003,12,11,12.26,0,2003-12-11
2003,12,12,12.397,0,2003-12-12
2003,12,13,12.436,0,2003-12-13
2003,12,14,12.503,0,2003-12-14
2003,12,15,12.625,0,2003-12-15
2003,12,16,12.752,0,2003-12-16
2003,12,17,12.881,0,2003-12-17
2003,12,18,12.918,0,2003-12-18
2003,12,19,12.97,0,2003-12-19
2003,12,20,12.88,0,2003-12-20
2003,12,21,13.034,0,2003-12-21
2003,12,22,13.14,0,2003-12-22
2003,12,23,13.23,0,2003-12-23
2003,12,24,13.306,0,2003-12-24
2003,12,25,13.289,0,2003-12-25
2003,12,26,13.308,0,2003-12-26
2003,12,27,13.272,0,2003-12-27
2003,12,28,13.352,0,2003-12-28
2003,12,29,13.379,0,2003-12-29
2003,12,30,13.32,0,2003-12-30
2003,12,31,13.387,0,2003-12-31
2004,1,1,13.502,0,2004-01-01
2004,1,2,13.538,0,2004-01-02
2004,1,3,13.502,0,2004-01-03
2004,1,4,13.59,0,2004-01-04
2004,1,5,13.617,0,2004-01-05
2004,1,6,13.594,0,2004-01-06
2004,1,7,13.631,0,2004-01-07
2004,1,8,13.749,0,2004-01-08
2004,1,9,13.794,0,2004-01-09
2004,1,10,13.842,0,2004-01-10
2004,1,11,13.917,0,2004-01-11
2004,1,12,13.991,0,2004-01-12
2004,1,13,14.075,0,2004-01-13
2004,1,14,14.148,0,2004-01-14
2004,1,15,14.056,0,2004-01-15
2004,1,16,14.203,0,2004-01-16
2004,1,17,14.077,0,2004-01-17
2004,1,18,14.139,0,2004-01-18
2004,1,19,14.203,0,2004-01-19
2004,1,20,14.28,0,2004-01-20
2004,1,21,14.233,0,2004-01-21
2004,1,22,14.237,0,2004-01-22
2004,1,23,14.32,0,2004-01-23
2004,1,24,14.321,0,2004-01-24
2004,1,25,14.217,0,2004-01-25
2004,1,26,14.321,0,2004-01-26
2004,1,27,14.366,0,2004-01-27
2004,1,28,14.342,0,2004-01-28
2004,1,29,14.337,0,2004-01-29
2004,1,30,14.28,0,2004-01-30
2004,1,31,14.397,0,2004-01-31
2004,2,1,14.36,0,2004-02-01
2004,2,2,14.389,0,2004-02-02
2004,2,3,14.497,0,2004-02-03
2004,2,4,14.515,0,2004-02-04
2004,2,5,14.53,0,2004-02-05
2004,2,6,14.564,0,2004-02-06
2004,2,7,14.691,0,2004-02-07
2004,2,8,14.692,0,2004-02-08
2004,2,9,14.787,0,2004-02-09
2004,2,10,14.827,0,2004-02-10
2004,2,11,14.862,0,2004-02-11
2004,2,12,14.947,0,2004-02-12
2004,2,13,15.021,0,2004-02-13
2004,2,14,15.024,0,2004-02-14
2004,2,15,15.034,0,2004-02-15
2004,2,16,15.029,0,2004-02-16
2004,2,17,15.037,0,2004-02-17
2004,2,18,15.028,0,2004-02-18
2004,2,19,15.088,0,2004-02-19
2004,2,20,15.082,0,2004-02-20
2004,2,21,15.147,0,2004-02-21
2004,2,22,15.165,0,2004-02-22
2004,2,23,15.15,0,2004-02-23
2004,2,24,15.169,0,2004-02-24
2004,2,25,15.144,0,2004-02-25
2004,2,26,15.169,0,2004-02-26
2004,2,27,15.185,0,2004-02-27
2004,2,28,15.187,0,2004-02-28
2004,2,29,15.197,0,2004-02-29
2004,3,1,15.104,0,2004-03-01
2004,3,2,15.068,0,2004-03-02
2004,3,3,15.052,0,2004-03-03
2004,3,4,15.004,0,2004-03-04
2004,3,5,15.04,0,2004-03-05
2004,3,6,15.117,0,2004-03-06
2004,3,7,15.157,0,2004-03-07
2004,3,8,15.161,0,2004-03-08
2004,3,9,15.269,0,2004-03-09
2004,3,10,15.3,0,2004-03-10
2004,3,11,15.191,0,2004-03-11
2004,3,12,15.085,0,2004-03-12
2004,3,13,14.854,0,2004-03-13
2004,3,14,14.89,0,2004-03-14
2004,3,15,14.908,0,2004-03-15
2004,3,16,14.944,0,2004-03-16
2004,3,17,15.013,0,2004-03-17
2004,3,18,14.943,0,2004-03-18
2004,3,19,14.941,0,2004-03-19
2004,3,20,14.955,0,2004-03-20
2004,3,21,14.954,0,2004-03-21
2004,3,22,14.844,0,2004-03-22
2004,3,23,14.824,0,2004-03-23
2004,3,24,14.882,0,2004-03-24
2004,3,25,14.958,0,2004-03-25
2004,3,26,15.048,0,2004-03-26
2004,3,27,15.016,0,2004-03-27
2004,3,28,14.83,0,2004-03-28
2004,3,29,14.793,0,2004-03-29
2004,3,30,14.784,0,2004-03-30
2004,3,31,14.841,0,2004-03-31
2004,4,1,14.742,0,2004-04-01
2004,4,2,14.735,0,2004-04-02
2004,4,3,14.68,0,2004-04-03
2004,4,4,14.682,0,2004-04-04
2004,4,5,14.669,0,2004-04-05
2004,4,6,14.595,0,2004-04-06
2004,4,7,14.504,0,2004-04-07
2004,4,8,14.461,0,2004-04-08
2004,4,9,14.421,0,2004-04-09
2004,4,10,14.325,0,2004-04-10
2004,4,11,14.119,0,2004-04-11
2004,4,12,13.948,0,2004-04-12
2004,4,13,13.883,0,2004-04-13
2004,4,14,13.9,0,2004-04-14
2004,4,15,13.861,0,2004-04-15
2004,4,16,13.821,0,2004-04-16
2004,4,17,13.768,0,2004-04-17
2004,4,18,13.715,0,2004-04-18
2004,4,19,13.778,0,2004-04-19
2004,4,20,13.767,0,2004-04-20
2004,4,21,13.682,0,2004-04-21
2004,4,22,13.649,0,2004-04-22
2004,4,23,13.556,0,2004-04-23
2004,4,24,13.554,0,2004-04-24
2004,4,25,13.577,0,2004-04-25
2004,4,26,13.5,0,2004-04-26
2004,4,27,13.52,0,2004-04-27
2004,4,28,13.443,0,2004-04-28
2004,4,29,13.43,0,2004-04-29
2004,4,30,13.335,0,2004-04-30
2004,5,1,13.203,0,2004-05-01
2004,5,2,13.113,0,2004-05-02
2004,5,3,13.129,0,2004-05-03
2004,5,4,13.128,0,2004-05-04
2004,5,5,13.019,0,2004-05-05
2004,5,6,12.97,0,2004-05-06
2004,5,7,12.901,0,2004-05-07
2004,5,8,12.781,0,2004-05-08
2004,5,9,12.796,0,2004-05-09
2004,5,10,12.706,0,2004-05-10
2004,5,11,12.709,0,2004-05-11
2004,5,12,12.632,0,2004-05-12
2004,5,13,12.563,0,2004-05-13
2004,5,14,12.529,0,2004-05-14
2004,5,15,12.48,0,2004-05-15
2004,5,16,12.476,0,2004-05-16
2004,5,17,12.43,0,2004-05-17
2004,5,18,12.437,0,2004-05-18
2004,5,19,12.394,0,2004-05-19
2004,5,20,12.334,0,2004-05-20
2004,5,21,12.352,0,2004-05-21
2004,5,22,12.292,0,2004-05-22
2004,5,23,12.261,0,2004-05-23
2004,5,24,12.242,0,2004-05-24
2004,5,25,12.215,0,2004-05-25
2004,5,26,12.198,0,2004-05-26
2004,5,27,12.283,0,2004-05-27
2004,5,28,12.209,0,2004-05-28
2004,5,29,12.229,0,2004-05-29
2004,5,30,12.194,0,2004-05-30
2004,5,31,12.106,0,2004-05-31
2004,6,1,11.965,0,2004-06-01
2004,6,2,11.96,0,2004-06-02
2004,6,3,11.923,0,2004-06-03
2004,6,4,11.914,0,2004-06-04
2004,6,5,11.862,0,2004-06-05
2004,6,6,11.851,0,2004-06-06
2004,6,7,11.814,0,2004-06-07
2004,6,8,11.807,0,2004-06-08
2004,6,9,11.769,0,2004-06-09
2004,6,10,11.723,0,2004-06-10
2004,6,11,11.683,0,2004-06-11
2004,6,12,11.688,0,2004-06-12
2004,6,13,11.616,0,2004-06-13
2004,6,14,11.576,0,2004-06-14
2004,6,15,11.558,0,2004-06-15
2004,6,16,11.534,0,2004-06-16
2004,6,17,11.444,0,2004-06-17
2004,6,18,11.363,0,2004-06-18
2004,6,19,11.352,0,2004-06-19
2004,6,20,11.304,0,2004-06-20
2004,6,21,11.234,0,2004-06-21
2004,6,22,11.243,0,2004-06-22
2004,6,23,11.127,0,2004-06-23
2004,6,24,10.974,0,2004-06-24
2004,6,25,10.942,0,2004-06-25
2004,6,26,10.911,0,2004-06-26
2004,6,27,10.849,0,2004-06-27
2004,6,28,10.807,0,2004-06-28
2004,6,29,10.805,0,2004-06-29
2004,6,30,10.814,0,2004-06-30
2004,7,1,10.633,0,2004-07-01
2004,7,2,10.542,0,2004-07-02
2004,7,3,10.402,0,2004-07-03
2004,7,4,10.349,0,2004-07-04
2004,7,5,10.277,0,2004-07-05
2004,7,6,10.288,0,2004-07-06
2004,7,7,10.218,0,2004-07-07
2004,7,8,10.132,0,2004-07-08
2004,7,9,10.039,0,2004-07-09
2004,7,10,9.963,0,2004-07-10
2004,7,11,9.867,0,2004-07-11
2004,7,12,9.799,0,2004-07-12
2004,7,13,9.713,0,2004-07-13
2004,7,14,9.529,0,2004-07-14
2004,7,15,9.518,0,2004-07-15
2004,7,16,9.492,0,2004-07-16
2004,7,17,9.328,0,2004-07-17
2004,7,18,9.185,0,2004-07-18
2004,7,19,9.168,0,2004-07-19
2004,7,20,9.061,0,2004-07-20
2004,7,21,9.028,0,2004-07-21
2004,7,22,8.935,0,2004-07-22
2004,7,23,8.881,0,2004-07-23
2004,7,24,8.82,0,2004-07-24
2004,7,25,8.76,0,2004-07-25
2004,7,26,8.653,0,2004-07-26
2004,7,27,8.466,0,2004-07-27
2004,7,28,8.431,0,2004-07-28
2004,7,29,8.364,0,2004-07-29
2004,7,30,8.311,0,2004-07-30
2004,7,31,8.22,0,2004-07-31
2004,8,1,8.125,0,2004-08-01
2004,8,2,7.954,0,2004-08-02
2004,8,3,7.864,0,2004-08-03
2004,8,4,7.795,0,2004-08-04
2004,8,5,7.74,0,2004-08-05
2004,8,6,7.609,0,2004-08-06
2004,8,7,7.472,0,2004-08-07
2004,8,8,7.388,0,2004-08-08
2004,8,9,7.261,0,2004-08-09
2004,8,10,7.213,0,2004-08-10
2004,8,11,7.15,0,2004-08-11
2004,8,12,7.057,0,2004-08-12
2004,8,13,6.985,0,2004-08-13
2004,8,14,6.865,0,2004-08-14
2004,8,15,6.878,0,2004-08-15
2004,8,16,6.683,0,2004-08-16
2004,8,17,6.68,0,2004-08-17
2004,8,18,6.607,0,2004-08-18
2004,8,19,6.58,0,2004-08-19
2004,8,20,6.492,0,2004-08-20
2004,8,21,6.425,0,2004-08-21
2004,8,22,6.344,0,2004-08-22
2004,8,23,6.302,0,2004-08-23
2004,8,24,6.284,0,2004-08-24
2004,8,25,6.224,0,2004-08-25
2004,8,26,6.215,0,2004-08-26
2004,8,27,6.181,0,2004-08-27
2004,8,28,6.058,0,2004-08-28
2004,8,29,6.033,0,2004-08-29
2004,8,30,6.021,0,2004-08-30
2004,8,31,6.015,0,2004-08-31
2004,9,1,5.93,0,2004-09-01
2004,9,2,5.967,0,2004-09-02
2004,9,3,5.926,0,2004-09-03
2004,9,4,5.946,0,2004-09-04
2004,9,5,5.963,0,2004-09-05
2004,9,6,5.94,0,2004-09-06
2004,9,7,5.902,0,2004-09-07
2004,9,8,5.927,0,2004-09-08
2004,9,9,5.906,0,2004-09-09
2004,9,10,5.83,0,2004-09-10
2004,9,11,5.809,0,2004-09-11
2004,9,12,5.807,0,2004-09-12
2004,9,13,5.84,0,2004-09-13
2004,9,14,5.855,0,2004-09-14
2004,9,15,5.853,0,2004-09-15
2004,9,16,5.803,0,2004-09-16
2004,9,17,5.803,0,2004-09-17
2004,9,18,5.77,0,2004-09-18
2004,9,19,5.771,0,2004-09-19
2004,9,20,5.821,0,2004-09-20
2004,9,21,6.034,0,2004-09-21
2004,9,22,5.97,0,2004-09-22
2004,9,23,6,0,2004-09-23
2004,9,24,6.112,0,2004-09-24
2004,9,25,6.183,0,2004-09-25
2004,9,26,6.247,0,2004-09-26
2004,9,27,6.32,0,2004-09-27
2004,9,28,6.397,0,2004-09-28
2004,9,29,6.442,0,2004-09-29
2004,9,30,6.461,0,2004-09-30
2004,10,1,6.621,0,2004-10-01
2004,10,2,6.713,0,2004-10-02
2004,10,3,6.839,0,2004-10-03
2004,10,4,6.821,0,2004-10-04
2004,10,5,6.899,0,2004-10-05
2004,10,6,7.039,0,2004-10-06
2004,10,7,7.204,0,2004-10-07
2004,10,8,7.289,0,2004-10-08
2004,10,9,7.357,0,2004-10-09
2004,10,10,7.464,0,2004-10-10
2004,10,11,7.607,0,2004-10-11
2004,10,12,7.74,0,2004-10-12
2004,10,13,7.846,0,2004-10-13
2004,10,14,7.894,0,2004-10-14
2004,10,15,7.92,0,2004-10-15
2004,10,16,7.982,0,2004-10-16
2004,10,17,8.11,0,2004-10-17
2004,10,18,8.219,0,2004-10-18
2004,10,19,8.21,0,2004-10-19
2004,10,20,8.169,0,2004-10-20
2004,10,21,8.242,0,2004-10-21
2004,10,22,8.329,0,2004-10-22
2004,10,23,8.432,0,2004-10-23
2004,10,24,8.617,0,2004-10-24
2004,10,25,8.685,0,2004-10-25
2004,10,26,8.742,0,2004-10-26
2004,10,27,8.798,0,2004-10-27
2004,10,28,8.88,0,2004-10-28
2004,10,29,8.987,0,2004-10-29
2004,10,30,8.984,0,2004-10-30
2004,10,31,9.045,0,2004-10-31
2004,11,1,9.16,0,2004-11-01
2004,11,2,9.289,0,2004-11-02
2004,11,3,9.407,0,2004-11-03
2004,11,4,9.54,0,2004-11-04
2004,11,5,9.734,0,2004-11-05
2004,11,6,9.806,0,2004-11-06
2004,11,7,9.809,0,2004-11-07
2004,11,8,9.923,0,2004-11-08
2004,11,9,9.91,0,2004-11-09
2004,11,10,10.052,0,2004-11-10
2004,11,11,10.144,0,2004-11-11
2004,11,12,10.232,0,2004-11-12
2004,11,13,10.224,0,2004-11-13
2004,11,14,10.299,0,2004-11-14
2004,11,15,10.346,0,2004-11-15
2004,11,16,10.419,0,2004-11-16
2004,11,17,10.43,0,2004-11-17
2004,11,18,10.471,0,2004-11-18
2004,11,19,10.501,0,2004-11-19
2004,11,20,10.607,0,2004-11-20
2004,11,21,10.674,0,2004-11-21
2004,11,22,10.683,0,2004-11-22
2004,11,23,10.704,0,2004-11-23
2004,11,24,10.839,0,2004-11-24
2004,11,25,10.97,0,2004-11-25
2004,11,26,11.046,0,2004-11-26
2004,11,27,11.146,0,2004-11-27
2004,11,28,11.243,0,2004-11-28
2004,11,29,11.325,0,2004-11-29
2004,11,30,11.365,0,2004-11-30
2004,12,1,11.629,0,2004-12-01
2004,12,2,11.791,0,2004-12-02
2004,12,3,11.872,0,2004-12-03
2004,12,4,12.06,0,2004-12-04
2004,12,5,12.046,0,2004-12-05
2004,12,6,12.112,0,2004-12-06
2004,12,7,12.132,0,2004-12-07
2004,12,8,12.219,0,2004-12-08
2004,12,9,12.328,0,2004-12-09
2004,12,10,12.32,0,2004-12-10
2004,12,11,12.466,0,2004-12-11
2004,12,12,12.434,0,2004-12-12
2004,12,13,12.524,0,2004-12-13
2004,12,14,12.57,0,2004-12-14
2004,12,15,12.72,0,2004-12-15
2004,12,16,12.629,0,2004-12-16
2004,12,17,12.687,0,2004-12-17
2004,12,18,12.693,0,2004-12-18
2004,12,19,12.705,0,2004-12-19
2004,12,20,12.767,0,2004-12-20
2004,12,21,12.834,0,2004-12-21
2004,12,22,12.965,0,2004-12-22
2004,12,23,12.958,0,2004-12-23
2004,12,24,12.974,0,2004-12-24
2004,12,25,12.827,0,2004-12-25
2004,12,26,12.814,0,2004-12-26
2004,12,27,12.973,0,2004-12-27
2004,12,28,13.046,0,2004-12-28
2004,12,29,12.989,0,2004-12-29
2004,12,30,13.058,0,2004-12-30
2004,12,31,13.019,0,2004-12-31
2005,1,1,13.16,0,2005-01-01
2005,1,2,13.163,0,2005-01-02
2005,1,3,13.293,0,2005-01-03
2005,1,4,13.313,0,2005-01-04
2005,1,5,13.383,0,2005-01-05
2005,1,6,13.324,0,2005-01-06
2005,1,7,13.452,0,2005-01-07
2005,1,8,13.404,0,2005-01-08
2005,1,9,13.431,0,2005-01-09
2005,1,10,13.503,0,2005-01-10
2005,1,11,13.55,0,2005-01-11
2005,1,12,13.516,0,2005-01-12
2005,1,13,13.656,0,2005-01-13
2005,1,14,13.62,0,2005-01-14
2005,1,15,13.604,0,2005-01-15
2005,1,16,13.74,0,2005-01-16
2005,1,17,13.809,0,2005-01-17
2005,1,18,13.711,0,2005-01-18
2005,1,19,13.705,0,2005-01-19
2005,1,20,13.765,0,2005-01-20
2005,1,21,13.705,0,2005-01-21
2005,1,22,13.764,0,2005-01-22
2005,1,23,13.851,0,2005-01-23
2005,1,24,13.963,0,2005-01-24
2005,1,25,13.981,0,2005-01-25
2005,1,26,13.892,0,2005-01-26
2005,1,27,13.931,0,2005-01-27
2005,1,28,14.064,0,2005-01-28
2005,1,29,14.097,0,2005-01-29
2005,1,30,14.136,0,2005-01-30
2005,1,31,14.019,0,2005-01-31
2005,2,1,14.031,0,2005-02-01
2005,2,2,14.071,0,2005-02-02
2005,2,3,14.145,0,2005-02-03
2005,2,4,14.128,0,2005-02-04
2005,2,5,14.107,0,2005-02-05
2005,2,6,14.076,0,2005-02-06
2005,2,7,14.089,0,2005-02-07
2005,2,8,14.171,0,2005-02-08
2005,2,9,14.259,0,2005-02-09
2005,2,10,14.296,0,2005-02-10
2005,2,11,14.278,0,2005-02-11
2005,2,12,14.302,0,2005-02-12
2005,2,13,14.332,0,2005-02-13
2005,2,14,14.405,0,2005-02-14
2005,2,15,14.456,0,2005-02-15
2005,2,16,14.515,0,2005-02-16
2005,2,17,14.467,0,2005-02-17
2005,2,18,14.415,0,2005-02-18
2005,2,19,14.427,0,2005-02-19
2005,2,20,14.469,0,2005-02-20
2005,2,21,14.454,0,2005-02-21
2005,2,22,14.431,0,2005-02-22
2005,2,23,14.541,0,2005-02-23
2005,2,24,14.592,0,2005-02-24
2005,2,25,14.652,0,2005-02-25
2005,2,26,14.737,0,2005-02-26
2005,2,27,14.815,0,2005-02-27
2005,2,28,14.779,0,2005-02-28
2005,3,1,14.874,0,2005-03-01
2005,3,2,14.926,0,2005-03-02
2005,3,3,14.84,0,2005-03-03
2005,3,4,14.851,0,2005-03-04
2005,3,5,14.9,0,2005-03-05
2005,3,6,14.903,0,2005-03-06
2005,3,7,14.906,0,2005-03-07
2005,3,8,14.935,0,2005-03-08
2005,3,9,14.993,0,2005-03-09
2005,3,10,14.891,0,2005-03-10
2005,3,11,14.95,0,2005-03-11
2005,3,12,14.992,0,2005-03-12
2005,3,13,14.893,0,2005-03-13
2005,3,14,14.761,0,2005-03-14
2005,3,15,14.708,0,2005-03-15
2005,3,16,14.712,0,2005-03-16
2005,3,17,14.73,0,2005-03-17
2005,3,18,14.642,0,2005-03-18
2005,3,19,14.556,0,2005-03-19
2005,3,20,14.475,0,2005-03-20
2005,3,21,14.442,0,2005-03-21
2005,3,22,14.435,0,2005-03-22
2005,3,23,14.434,0,2005-03-23
2005,3,24,14.437,0,2005-03-24
2005,3,25,14.432,0,2005-03-25
2005,3,26,14.41,0,2005-03-26
2005,3,27,14.393,0,2005-03-27
2005,3,28,14.422,0,2005-03-28
2005,3,29,14.509,0,2005-03-29
2005,3,30,14.508,0,2005-03-30
2005,3,31,14.425,0,2005-03-31
2005,4,1,14.398,0,2005-04-01
2005,4,2,14.314,0,2005-04-02
2005,4,3,14.414,0,2005-04-03
2005,4,4,14.396,0,2005-04-04
2005,4,5,14.43,0,2005-04-05
2005,4,6,14.369,0,2005-04-06
2005,4,7,14.342,0,2005-04-07
2005,4,8,14.345,0,2005-04-08
2005,4,9,14.279,0,2005-04-09
2005,4,10,14.194,0,2005-04-10
2005,4,11,14.248,0,2005-04-11
2005,4,12,14.206,0,2005-04-12
2005,4,13,14.142,0,2005-04-13
2005,4,14,14.142,0,2005-04-14
2005,4,15,14.038,0,2005-04-15
2005,4,16,14.009,0,2005-04-16
2005,4,17,14.013,0,2005-04-17
2005,4,18,14.003,0,2005-04-18
2005,4,19,13.965,0,2005-04-19
2005,4,20,14.023,0,2005-04-20
2005,4,21,14.016,0,2005-04-21
2005,4,22,13.954,0,2005-04-22
2005,4,23,13.88,0,2005-04-23
2005,4,24,13.927,0,2005-04-24
2005,4,25,13.908,0,2005-04-25
2005,4,26,13.795,0,2005-04-26
2005,4,27,13.782,0,2005-04-27
2005,4,28,13.737,0,2005-04-28
2005,4,29,13.725,0,2005-04-29
2005,4,30,13.701,0,2005-04-30
2005,5,1,13.581,0,2005-05-01
2005,5,2,13.464,0,2005-05-02
2005,5,3,13.397,0,2005-05-03
2005,5,4,13.314,0,2005-05-04
2005,5,5,13.264,0,2005-05-05
2005,5,6,13.247,0,2005-05-06
2005,5,7,13.211,0,2005-05-07
2005,5,8,13.205,0,2005-05-08
2005,5,9,13.215,0,2005-05-09
2005,5,10,13.227,0,2005-05-10
2005,5,11,13.119,0,2005-05-11
2005,5,12,13.109,0,2005-05-12
2005,5,13,13.108,0,2005-05-13
2005,5,14,13.083,0,2005-05-14
2005,5,15,13.025,0,2005-05-15
2005,5,16,12.945,0,2005-05-16
2005,5,17,12.906,0,2005-05-17
2005,5,18,12.911,0,2005-05-18
2005,5,19,12.87,0,2005-05-19
2005,5,20,12.861,0,2005-05-20
2005,5,21,12.795,0,2005-05-21
2005,5,22,12.688,0,2005-05-22
2005,5,23,12.615,0,2005-05-23
2005,5,24,12.552,0,2005-05-24
2005,5,25,12.548,0,2005-05-25
2005,5,26,12.429,0,2005-05-26
2005,5,27,12.402,0,2005-05-27
2005,5,28,12.365,0,2005-05-28
2005,5,29,12.352,0,2005-05-29
2005,5,30,12.267,0,2005-05-30
2005,5,31,12.169,0,2005-05-31
2005,6,1,12.019,0,2005-06-01
2005,6,2,11.899,0,2005-06-02
2005,6,3,11.785,0,2005-06-03
2005,6,4,11.736,0,2005-06-04
2005,6,5,11.705,0,2005-06-05
2005,6,6,11.637,0,2005-06-06
2005,6,7,11.625,0,2005-06-07
2005,6,8,11.53,0,2005-06-08
2005,6,9,11.53,0,2005-06-09
2005,6,10,11.477,0,2005-06-10
2005,6,11,11.468,0,2005-06-11
2005,6,12,11.456,0,2005-06-12
2005,6,13,11.369,0,2005-06-13
2005,6,14,11.338,0,2005-06-14
2005,6,15,11.261,0,2005-06-15
2005,6,16,11.184,0,2005-06-16
2005,6,17,11.145,0,2005-06-17
2005,6,18,11.12,0,2005-06-18
2005,6,19,11.056,0,2005-06-19
2005,6,20,10.965,0,2005-06-20
2005,6,21,10.913,0,2005-06-21
2005,6,22,10.853,0,2005-06-22
2005,6,23,10.794,0,2005-06-23
2005,6,24,10.702,0,2005-06-24
2005,6,25,10.627,0,2005-06-25
2005,6,26,10.56,0,2005-06-26
2005,6,27,10.397,0,2005-06-27
2005,6,28,10.265,0,2005-06-28
2005,6,29,10.234,0,2005-06-29
2005,6,30,10.211,0,2005-06-30
2005,7,1,9.971,0,2005-07-01
2005,7,2,9.878,0,2005-07-02
2005,7,3,9.823,0,2005-07-03
2005,7,4,9.738,0,2005-07-04
2005,7,5,9.669,0,2005-07-05
2005,7,6,9.508,0,2005-07-06
2005,7,7,9.406,0,2005-07-07
2005,7,8,9.355,0,2005-07-08
2005,7,9,9.265,0,2005-07-09
2005,7,10,9.197,0,2005-07-10
2005,7,11,9.167,0,2005-07-11
2005,7,12,9.168,0,2005-07-12
2005,7,13,9.068,0,2005-07-13
2005,7,14,9.043,0,2005-07-14
2005,7,15,8.857,0,2005-07-15
2005,7,16,8.755,0,2005-07-16
2005,7,17,8.687,0,2005-07-17
2005,7,18,8.544,0,2005-07-18
2005,7,19,8.559,0,2005-07-19
2005,7,20,8.419,0,2005-07-20
2005,7,21,8.022,0,2005-07-21
2005,7,22,7.961,0,2005-07-22
2005,7,23,7.872,0,2005-07-23
2005,7,24,7.783,0,2005-07-24
2005,7,25,7.772,0,2005-07-25
2005,7,26,7.704,0,2005-07-26
2005,7,27,7.538,0,2005-07-27
2005,7,28,7.495,0,2005-07-28
2005,7,29,7.408,0,2005-07-29
2005,7,30,7.303,0,2005-07-30
2005,7,31,7.176,0,2005-07-31
2005,8,1,7.107,0,2005-08-01
2005,8,2,7.042,0,2005-08-02
2005,8,3,7.014,0,2005-08-03
2005,8,4,7.031,0,2005-08-04
2005,8,5,6.92,0,2005-08-05
2005,8,6,6.771,0,2005-08-06
2005,8,7,6.715,0,2005-08-07
2005,8,8,6.662,0,2005-08-08
2005,8,9,6.577,0,2005-08-09
2005,8,10,6.494,0,2005-08-10
2005,8,11,6.433,0,2005-08-11
2005,8,12,6.384,0,2005-08-12
2005,8,13,6.377,0,2005-08-13
2005,8,14,6.373,0,2005-08-14
2005,8,15,6.301,0,2005-08-15
2005,8,16,6.282,0,2005-08-16
2005,8,17,6.168,0,2005-08-17
2005,8,18,6.122,0,2005-08-18
2005,8,19,6.046,0,2005-08-19
2005,8,20,6.039,0,2005-08-20
2005,8,21,6.017,0,2005-08-21
2005,8,22,6.031,0,2005-08-22
2005,8,23,6.004,0,2005-08-23
2005,8,24,5.951,0,2005-08-24
2005,8,25,5.879,0,2005-08-25
2005,8,26,5.87,0,2005-08-26
2005,8,27,5.839,0,2005-08-27
2005,8,28,5.839,0,2005-08-28
2005,8,29,5.765,0,2005-08-29
2005,8,30,5.642,0,2005-08-30
2005,8,31,5.64,0,2005-08-31
2005,9,1,5.654,0,2005-09-01
2005,9,2,5.615,0,2005-09-02
2005,9,3,5.631,0,2005-09-03
2005,9,4,5.655,0,2005-09-04
2005,9,5,5.655,0,2005-09-05
2005,9,6,5.677,0,2005-09-06
2005,9,7,5.593,0,2005-09-07
2005,9,8,5.614,0,2005-09-08
2005,9,9,5.582,0,2005-09-09
2005,9,10,5.627,0,2005-09-10
2005,9,11,5.601,0,2005-09-11
2005,9,12,5.538,0,2005-09-12
2005,9,13,5.51,0,2005-09-13
2005,9,14,5.493,0,2005-09-14
2005,9,15,5.47,0,2005-09-15
2005,9,16,5.438,0,2005-09-16
2005,9,17,5.382,0,2005-09-17
2005,9,18,5.324,0,2005-09-18
2005,9,19,5.322,0,2005-09-19
2005,9,20,5.314,0,2005-09-20
2005,9,21,5.316,0,2005-09-21
2005,9,22,5.317,0,2005-09-22
2005,9,23,5.333,0,2005-09-23
2005,9,24,5.351,0,2005-09-24
2005,9,25,5.382,0,2005-09-25
2005,9,26,5.427,0,2005-09-26
2005,9,27,5.489,0,2005-09-27
2005,9,28,5.512,0,2005-09-28
2005,9,29,5.599,0,2005-09-29
2005,9,30,5.692,0,2005-09-30
2005,10,1,5.836,0,2005-10-01
2005,10,2,5.88,0,2005-10-02
2005,10,3,5.98,0,2005-10-03
2005,10,4,6.03,0,2005-10-04
2005,10,5,6.044,0,2005-10-05
2005,10,6,6.124,0,2005-10-06
2005,10,7,6.187,0,2005-10-07
2005,10,8,6.236,0,2005-10-08
2005,10,9,6.326,0,2005-10-09
2005,10,10,6.434,0,2005-10-10
2005,10,11,6.489,0,2005-10-11
2005,10,12,6.594,0,2005-10-12
2005,10,13,6.693,0,2005-10-13
2005,10,14,6.855,0,2005-10-14
2005,10,15,6.996,0,2005-10-15
2005,10,16,7.075,0,2005-10-16
2005,10,17,7.201,0,2005-10-17
2005,10,18,7.338,0,2005-10-18
2005,10,19,7.509,0,2005-10-19
2005,10,20,7.757,0,2005-10-20
2005,10,21,8.054,0,2005-10-21
2005,10,22,8.264,0,2005-10-22
2005,10,23,8.439,0,2005-10-23
2005,10,24,8.609,0,2005-10-24
2005,10,25,8.701,0,2005-10-25
2005,10,26,8.776,0,2005-10-26
2005,10,27,8.885,0,2005-10-27
2005,10,28,9.006,0,2005-10-28
2005,10,29,9.124,0,2005-10-29
2005,10,30,9.222,0,2005-10-30
2005,10,31,9.247,0,2005-10-31
2005,11,1,9.336,0,2005-11-01
2005,11,2,9.408,0,2005-11-02
2005,11,3,9.51,0,2005-11-03
2005,11,4,9.557,0,2005-11-04
2005,11,5,9.611,0,2005-11-05
2005,11,6,9.707,0,2005-11-06
2005,11,7,9.836,0,2005-11-07
2005,11,8,9.853,0,2005-11-08
2005,11,9,9.916,0,2005-11-09
2005,11,10,9.936,0,2005-11-10
2005,11,11,9.933,0,2005-11-11
2005,11,12,9.958,0,2005-11-12
2005,11,13,10.012,0,2005-11-13
2005,11,14,9.976,0,2005-11-14
2005,11,15,10.05,0,2005-11-15
2005,11,16,10.144,0,2005-11-16
2005,11,17,10.189,0,2005-11-17
2005,11,18,10.182,0,2005-11-18
2005,11,19,10.272,0,2005-11-19
2005,11,20,10.309,0,2005-11-20
2005,11,21,10.431,0,2005-11-21
2005,11,22,10.569,0,2005-11-22
2005,11,23,10.733,0,2005-11-23
2005,11,24,10.757,0,2005-11-24
2005,11,25,10.862,0,2005-11-25
2005,11,26,11.063,0,2005-11-26
2005,11,27,11.015,0,2005-11-27
2005,11,28,11.086,0,2005-11-28
2005,11,29,11.135,0,2005-11-29
2005,11,30,11.144,0,2005-11-30
2005,12,1,11.306,0,2005-12-01
2005,12,2,11.398,0,2005-12-02
2005,12,3,11.356,0,2005-12-03
2005,12,4,11.397,0,2005-12-04
2005,12,5,11.504,0,2005-12-05
2005,12,6,11.538,0,2005-12-06
2005,12,7,11.709,0,2005-12-07
2005,12,8,11.763,0,2005-12-08
2005,12,9,11.729,0,2005-12-09
2005,12,10,11.776,0,2005-12-10
2005,12,11,11.83,0,2005-12-11
2005,12,12,11.968,0,2005-12-12
2005,12,13,12.033,0,2005-12-13
2005,12,14,12.244,0,2005-12-14
2005,12,15,12.412,0,2005-12-15
2005,12,16,12.344,0,2005-12-16
2005,12,17,12.405,0,2005-12-17
2005,12,18,12.482,0,2005-12-18
2005,12,19,12.456,0,2005-12-19
2005,12,20,12.466,0,2005-12-20
2005,12,21,12.527,0,2005-12-21
2005,12,22,12.6,0,2005-12-22
2005,12,23,12.619,0,2005-12-23
2005,12,24,12.625,0,2005-12-24
2005,12,25,12.754,0,2005-12-25
2005,12,26,12.872,0,2005-12-26
2005,12,27,12.946,0,2005-12-27
2005,12,28,12.94,0,2005-12-28
2005,12,29,12.976,0,2005-12-29
2005,12,30,13.016,0,2005-12-30
2005,12,31,13.065,0,2005-12-31
2006,1,1,13.16,0,2006-01-01
2006,1,2,13.21,0,2006-01-02
2006,1,3,13.267,0,2006-01-03
2006,1,4,13.307,0,2006-01-04
2006,1,5,13.314,0,2006-01-05
2006,1,6,13.265,0,2006-01-06
2006,1,7,13.301,0,2006-01-07
2006,1,8,13.292,0,2006-01-08
2006,1,9,13.336,0,2006-01-09
2006,1,10,13.431,0,2006-01-10
2006,1,11,13.491,0,2006-01-11
2006,1,12,13.535,0,2006-01-12
2006,1,13,13.424,0,2006-01-13
2006,1,14,13.44,0,2006-01-14
2006,1,15,13.474,0,2006-01-15
2006,1,16,13.451,0,2006-01-16
2006,1,17,13.445,0,2006-01-17
2006,1,18,13.307,0,2006-01-18
2006,1,19,13.431,0,2006-01-19
2006,1,20,13.337,0,2006-01-20
2006,1,21,13.317,0,2006-01-21
2006,1,22,13.472,0,2006-01-22
2006,1,23,13.592,0,2006-01-23
2006,1,24,13.521,0,2006-01-24
2006,1,25,13.546,0,2006-01-25
2006,1,26,13.658,0,2006-01-26
2006,1,27,13.719,0,2006-01-27
2006,1,28,13.775,0,2006-01-28
2006,1,29,13.856,0,2006-01-29
2006,1,30,13.801,0,2006-01-30
2006,1,31,13.958,0,2006-01-31
2006,2,1,14.081,0,2006-02-01
2006,2,2,14.118,0,2006-02-02
2006,2,3,14.159,0,2006-02-03
2006,2,4,14.176,0,2006-02-04
2006,2,5,14.28,0,2006-02-05
2006,2,6,14.292,0,2006-02-06
2006,2,7,14.251,0,2006-02-07
2006,2,8,14.228,0,2006-02-08
2006,2,9,14.335,0,2006-02-09
2006,2,10,14.347,0,2006-02-10
2006,2,11,14.381,0,2006-02-11
2006,2,12,14.444,0,2006-02-12
2006,2,13,14.495,0,2006-02-13
2006,2,14,14.437,0,2006-02-14
2006,2,15,14.378,0,2006-02-15
2006,2,16,14.39,0,2006-02-16
2006,2,17,14.486,0,2006-02-17
2006,2,18,14.42,0,2006-02-18
2006,2,19,14.277,0,2006-02-19
2006,2,20,14.286,0,2006-02-20
2006,2,21,14.34,0,2006-02-21
2006,2,22,14.378,0,2006-02-22
2006,2,23,14.342,0,2006-02-23
2006,2,24,14.284,0,2006-02-24
2006,2,25,14.335,0,2006-02-25
2006,2,26,14.347,0,2006-02-26
2006,2,27,14.39,0,2006-02-27
2006,2,28,14.422,0,2006-02-28
2006,3,1,14.434,0,2006-03-01
2006,3,2,14.471,0,2006-03-02
2006,3,3,14.445,0,2006-03-03
2006,3,4,14.473,0,2006-03-04
2006,3,5,14.535,0,2006-03-05
2006,3,6,14.56,0,2006-03-06
2006,3,7,14.52,0,2006-03-07
2006,3,8,14.591,0,2006-03-08
2006,3,9,14.672,0,2006-03-09
2006,3,10,14.756,0,2006-03-10
2006,3,11,14.777,0,2006-03-11
2006,3,12,14.617,0,2006-03-12
2006,3,13,14.521,0,2006-03-13
2006,3,14,14.471,0,2006-03-14
2006,3,15,14.404,0,2006-03-15
2006,3,16,14.374,0,2006-03-16
2006,3,17,14.336,0,2006-03-17
2006,3,18,14.394,0,2006-03-18
2006,3,19,14.397,0,2006-03-19
2006,3,20,14.457,0,2006-03-20
2006,3,21,14.414,0,2006-03-21
2006,3,22,14.346,0,2006-03-22
2006,3,23,14.22,0,2006-03-23
2006,3,24,14.206,0,2006-03-24
2006,3,25,14.212,0,2006-03-25
2006,3,26,14.257,0,2006-03-26
2006,3,27,14.251,0,2006-03-27
2006,3,28,14.249,0,2006-03-28
2006,3,29,14.243,0,2006-03-29
2006,3,30,14.214,0,2006-03-30
2006,3,31,14.233,0,2006-03-31
2006,4,1,14.22,0,2006-04-01
2006,4,2,14.297,0,2006-04-02
2006,4,3,14.211,0,2006-04-03
2006,4,4,14.121,0,2006-04-04
2006,4,5,14.251,0,2006-04-05
2006,4,6,14.25,0,2006-04-06
2006,4,7,14.149,0,2006-04-07
2006,4,8,14.068,0,2006-04-08
2006,4,9,13.947,0,2006-04-09
2006,4,10,13.986,0,2006-04-10
2006,4,11,13.948,0,2006-04-11
2006,4,12,13.92,0,2006-04-12
2006,4,13,13.958,0,2006-04-13
2006,4,14,13.912,0,2006-04-14
2006,4,15,13.952,0,2006-04-15
2006,4,16,13.999,0,2006-04-16
2006,4,17,14.013,0,2006-04-17
2006,4,18,13.913,0,2006-04-18
2006,4,19,13.967,0,2006-04-19
2006,4,20,13.945,0,2006-04-20
2006,4,21,13.853,0,2006-04-21
2006,4,22,13.875,0,2006-04-22
2006,4,23,13.819,0,2006-04-23
2006,4,24,13.7,0,2006-04-24
2006,4,25,13.684,0,2006-04-25
2006,4,26,13.619,0,2006-04-26
2006,4,27,13.527,0,2006-04-27
2006,4,28,13.401,0,2006-04-28
2006,4,29,13.361,0,2006-04-29
2006,4,30,13.31,0,2006-04-30
2006,5,1,13.087,0,2006-05-01
2006,5,2,13.002,0,2006-05-02
2006,5,3,12.923,0,2006-05-03
2006,5,4,12.876,0,2006-05-04
2006,5,5,12.835,0,2006-05-05
2006,5,6,12.841,0,2006-05-06
2006,5,7,12.783,0,2006-05-07
2006,5,8,12.765,0,2006-05-08
2006,5,9,12.713,0,2006-05-09
2006,5,10,12.708,0,2006-05-10
2006,5,11,12.709,0,2006-05-11
2006,5,12,12.706,0,2006-05-12
2006,5,13,12.66,0,2006-05-13
2006,5,14,12.636,0,2006-05-14
2006,5,15,12.571,0,2006-05-15
2006,5,16,12.556,0,2006-05-16
2006,5,17,12.475,0,2006-05-17
2006,5,18,12.442,0,2006-05-18
2006,5,19,12.439,0,2006-05-19
2006,5,20,12.511,0,2006-05-20
2006,5,21,12.424,0,2006-05-21
2006,5,22,12.371,0,2006-05-22
2006,5,23,12.335,0,2006-05-23
2006,5,24,12.295,0,2006-05-24
2006,5,25,12.246,0,2006-05-25
2006,5,26,12.15,0,2006-05-26
2006,5,27,12.059,0,2006-05-27
2006,5,28,12,0,2006-05-28
2006,5,29,12.012,0,2006-05-29
2006,5,30,11.919,0,2006-05-30
2006,5,31,11.989,0,2006-05-31
2006,6,1,11.868,0,2006-06-01
2006,6,2,11.84,0,2006-06-02
2006,6,3,11.735,0,2006-06-03
2006,6,4,11.627,0,2006-06-04
2006,6,5,11.624,0,2006-06-05
2006,6,6,11.543,0,2006-06-06
2006,6,7,11.497,0,2006-06-07
2006,6,8,11.45,0,2006-06-08
2006,6,9,11.403,0,2006-06-09
2006,6,10,11.332,0,2006-06-10
2006,6,11,11.282,0,2006-06-11
2006,6,12,11.258,0,2006-06-12
2006,6,13,11.212,0,2006-06-13
2006,6,14,11.091,0,2006-06-14
2006,6,15,11.033,0,2006-06-15
2006,6,16,10.972,0,2006-06-16
2006,6,17,10.887,0,2006-06-17
2006,6,18,10.796,0,2006-06-18
2006,6,19,10.76,0,2006-06-19
2006,6,20,10.679,0,2006-06-20
2006,6,21,10.548,0,2006-06-21
2006,6,22,10.48,0,2006-06-22
2006,6,23,10.45,0,2006-06-23
2006,6,24,10.287,0,2006-06-24
2006,6,25,10.22,0,2006-06-25
2006,6,26,10.106,0,2006-06-26
2006,6,27,10.018,0,2006-06-27
2006,6,28,9.913,0,2006-06-28
2006,6,29,9.854,0,2006-06-29
2006,6,30,9.82,0,2006-06-30
2006,7,1,9.63,0,2006-07-01
2006,7,2,9.5,0,2006-07-02
2006,7,3,9.439,0,2006-07-03
2006,7,4,9.391,0,2006-07-04
2006,7,5,9.218,0,2006-07-05
2006,7,6,9.135,0,2006-07-06
2006,7,7,9.16,0,2006-07-07
2006,7,8,9.045,0,2006-07-08
2006,7,9,8.874,0,2006-07-09
2006,7,10,8.811,0,2006-07-10
2006,7,11,8.714,0,2006-07-11
2006,7,12,8.709,0,2006-07-12
2006,7,13,8.667,0,2006-07-13
2006,7,14,8.601,0,2006-07-14
2006,7,15,8.552,0,2006-07-15
2006,7,16,8.488,0,2006-07-16
2006,7,17,8.432,0,2006-07-17
2006,7,18,8.375,0,2006-07-18
2006,7,19,8.248,0,2006-07-19
2006,7,20,8.239,0,2006-07-20
2006,7,21,8.087,0,2006-07-21
2006,7,22,7.972,0,2006-07-22
2006,7,23,7.913,0,2006-07-23
2006,7,24,7.932,0,2006-07-24
2006,7,25,7.759,0,2006-07-25
2006,7,26,7.708,0,2006-07-26
2006,7,27,7.717,0,2006-07-27
2006,7,28,7.606,0,2006-07-28
2006,7,29,7.516,0,2006-07-29
2006,7,30,7.453,0,2006-07-30
2006,7,31,7.364,0,2006-07-31
2006,8,1,7.325,0,2006-08-01
2006,8,2,7.233,0,2006-08-02
2006,8,3,7.159,0,2006-08-03
2006,8,4,7.097,0,2006-08-04
2006,8,5,7.014,0,2006-08-05
2006,8,6,6.974,0,2006-08-06
2006,8,7,6.883,0,2006-08-07
2006,8,8,6.892,0,2006-08-08
2006,8,9,6.78,0,2006-08-09
2006,8,10,6.717,0,2006-08-10
2006,8,11,6.669,0,2006-08-11
2006,8,12,6.609,0,2006-08-12
2006,8,13,6.613,0,2006-08-13
2006,8,14,6.517,0,2006-08-14
2006,8,15,6.541,0,2006-08-15
2006,8,16,6.437,0,2006-08-16
2006,8,17,6.45,0,2006-08-17
2006,8,18,6.407,0,2006-08-18
2006,8,19,6.235,0,2006-08-19
2006,8,20,6.118,0,2006-08-20
2006,8,21,6.138,0,2006-08-21
2006,8,22,6.158,0,2006-08-22
2006,8,23,6.121,0,2006-08-23
2006,8,24,6.122,0,2006-08-24
2006,8,25,6.08,0,2006-08-25
2006,8,26,6.082,0,2006-08-26
2006,8,27,6.077,0,2006-08-27
2006,8,28,6,0,2006-08-28
2006,8,29,5.971,0,2006-08-29
2006,8,30,5.963,0,2006-08-30
2006,8,31,5.982,0,2006-08-31
2006,9,1,5.937,0,2006-09-01
2006,9,2,6.03,0,2006-09-02
2006,9,3,5.997,0,2006-09-03
2006,9,4,5.903,0,2006-09-04
2006,9,5,5.889,0,2006-09-05
2006,9,6,5.866,0,2006-09-06
2006,9,7,5.873,0,2006-09-07
2006,9,8,5.917,0,2006-09-08
2006,9,9,5.942,0,2006-09-09
2006,9,10,5.887,0,2006-09-10
2006,9,11,5.944,0,2006-09-11
2006,9,12,5.889,0,2006-09-12
2006,9,13,5.79,0,2006-09-13
2006,9,14,5.746,0,2006-09-14
2006,9,15,5.753,0,2006-09-15
2006,9,16,5.797,0,2006-09-16
2006,9,17,5.784,0,2006-09-17
2006,9,18,5.795,0,2006-09-18
2006,9,19,5.843,0,2006-09-19
2006,9,20,5.806,0,2006-09-20
2006,9,21,5.836,0,2006-09-21
2006,9,22,5.787,0,2006-09-22
2006,9,23,5.821,0,2006-09-23
2006,9,24,5.876,0,2006-09-24
2006,9,25,5.87,0,2006-09-25
2006,9,26,5.867,0,2006-09-26
2006,9,27,5.875,0,2006-09-27
2006,9,28,5.868,0,2006-09-28
2006,9,29,5.826,0,2006-09-29
2006,9,30,5.859,0,2006-09-30
2006,10,1,5.984,0,2006-10-01
2006,10,2,6.098,0,2006-10-02
2006,10,3,6.182,0,2006-10-03
2006,10,4,6.301,0,2006-10-04
2006,10,5,6.401,0,2006-10-05
2006,10,6,6.412,0,2006-10-06
2006,10,7,6.442,0,2006-10-07
2006,10,8,6.489,0,2006-10-08
2006,10,9,6.61,0,2006-10-09
2006,10,10,6.673,0,2006-10-10
2006,10,11,6.742,0,2006-10-11
2006,10,12,6.866,0,2006-10-12
2006,10,13,7.104,0,2006-10-13
2006,10,14,7.367,0,2006-10-14
2006,10,15,7.498,0,2006-10-15
2006,10,16,7.731,0,2006-10-16
2006,10,17,7.834,0,2006-10-17
2006,10,18,7.897,0,2006-10-18
2006,10,19,7.982,0,2006-10-19
2006,10,20,8.1,0,2006-10-20
2006,10,21,8.182,0,2006-10-21
2006,10,22,8.23,0,2006-10-22
2006,10,23,8.343,0,2006-10-23
2006,10,24,8.489,0,2006-10-24
2006,10,25,8.688,0,2006-10-25
2006,10,26,8.755,0,2006-10-26
2006,10,27,8.776,0,2006-10-27
2006,10,28,8.836,0,2006-10-28
2006,10,29,8.865,0,2006-10-29
2006,10,30,8.893,0,2006-10-30
2006,10,31,9.004,0,2006-10-31
2006,11,1,9.113,0,2006-11-01
2006,11,2,9.18,0,2006-11-02
2006,11,3,9.216,0,2006-11-03
2006,11,4,9.233,0,2006-11-04
2006,11,5,9.288,0,2006-11-05
2006,11,6,9.34,0,2006-11-06
2006,11,7,9.252,0,2006-11-07
2006,11,8,9.378,0,2006-11-08
2006,11,9,9.421,0,2006-11-09
2006,11,10,9.533,0,2006-11-10
2006,11,11,9.533,0,2006-11-11
2006,11,12,9.5,0,2006-11-12
2006,11,13,9.658,0,2006-11-13
2006,11,14,9.66,0,2006-11-14
2006,11,15,9.717,0,2006-11-15
2006,11,16,9.735,0,2006-11-16
2006,11,17,9.775,0,2006-11-17
2006,11,18,9.775,0,2006-11-18
2006,11,19,9.792,0,2006-11-19
2006,11,20,9.728,0,2006-11-20
2006,11,21,9.745,0,2006-11-21
2006,11,22,9.866,0,2006-11-22
2006,11,23,9.951,0,2006-11-23
2006,11,24,9.923,0,2006-11-24
2006,11,25,9.982,0,2006-11-25
2006,11,26,10.044,0,2006-11-26
2006,11,27,10.047,0,2006-11-27
2006,11,28,10.052,0,2006-11-28
2006,11,29,10.099,0,2006-11-29
2006,11,30,10.226,0,2006-11-30
2006,12,1,10.34,0,2006-12-01
2006,12,2,10.442,0,2006-12-02
2006,12,3,10.673,0,2006-12-03
2006,12,4,10.832,0,2006-12-04
2006,12,5,10.994,0,2006-12-05
2006,12,6,11.159,0,2006-12-06
2006,12,7,11.268,0,2006-12-07
2006,12,8,11.351,0,2006-12-08
2006,12,9,11.582,0,2006-12-09
2006,12,10,11.707,0,2006-12-10
2006,12,11,11.756,0,2006-12-11
2006,12,12,11.796,0,2006-12-12
2006,12,13,11.819,0,2006-12-13
2006,12,14,11.876,0,2006-12-14
2006,12,15,11.928,0,2006-12-15
2006,12,16,11.918,0,2006-12-16
2006,12,17,12.021,0,2006-12-17
2006,12,18,12.098,0,2006-12-18
2006,12,19,12.27,0,2006-12-19
2006,12,20,12.408,0,2006-12-20
2006,12,21,12.465,0,2006-12-21
2006,12,22,12.517,0,2006-12-22
2006,12,23,12.593,0,2006-12-23
2006,12,24,12.675,0,2006-12-24
2006,12,25,12.683,0,2006-12-25
2006,12,26,12.696,0,2006-12-26
2006,12,27,12.812,0,2006-12-27
2006,12,28,12.831,0,2006-12-28
2006,12,29,12.94,0,2006-12-29
2006,12,30,13.073,0,2006-12-30
2006,12,31,13.072,0,2006-12-31
2007,1,1,13.11,0,2007-01-01
2007,1,2,13.207,0,2007-01-02
2007,1,3,13.182,0,2007-01-03
2007,1,4,13.252,0,2007-01-04
2007,1,5,13.361,0,2007-01-05
2007,1,6,13.403,0,2007-01-06
2007,1,7,13.51,0,2007-01-07
2007,1,8,13.459,0,2007-01-08
2007,1,9,13.435,0,2007-01-09
2007,1,10,13.217,0,2007-01-10
2007,1,11,13.227,0,2007-01-11
2007,1,12,13.29,0,2007-01-12
2007,1,13,13.367,0,2007-01-13
2007,1,14,13.444,0,2007-01-14
2007,1,15,13.523,0,2007-01-15
2007,1,16,13.67,0,2007-01-16
2007,1,17,13.712,0,2007-01-17
2007,1,18,13.776,0,2007-01-18
2007,1,19,13.89,0,2007-01-19
2007,1,20,13.914,0,2007-01-20
2007,1,21,13.951,0,2007-01-21
2007,1,22,14.014,0,2007-01-22
2007,1,23,14.089,0,2007-01-23
2007,1,24,14.175,0,2007-01-24
2007,1,25,14.226,0,2007-01-25
2007,1,26,14.189,0,2007-01-26
2007,1,27,14.26,0,2007-01-27
2007,1,28,14.215,0,2007-01-28
2007,1,29,14.218,0,2007-01-29
2007,1,30,14.276,0,2007-01-30
2007,1,31,14.232,0,2007-01-31
2007,2,1,14.222,0,2007-02-01
2007,2,2,14.371,0,2007-02-02
2007,2,3,14.328,0,2007-02-03
2007,2,4,14.306,0,2007-02-04
2007,2,5,14.254,0,2007-02-05
2007,2,6,14.252,0,2007-02-06
2007,2,7,14.351,0,2007-02-07
2007,2,8,14.351,0,2007-02-08
2007,2,9,14.375,0,2007-02-09
2007,2,10,14.442,0,2007-02-10
2007,2,11,14.477,0,2007-02-11
2007,2,12,14.476,0,2007-02-12
2007,2,13,14.563,0,2007-02-13
2007,2,14,14.538,0,2007-02-14
2007,2,15,14.631,0,2007-02-15
2007,2,16,14.495,0,2007-02-16
2007,2,17,14.563,0,2007-02-17
2007,2,18,14.552,0,2007-02-18
2007,2,19,14.601,0,2007-02-19
2007,2,20,14.74,0,2007-02-20
2007,2,21,14.627,0,2007-02-21
2007,2,22,14.679,0,2007-02-22
2007,2,23,14.712,0,2007-02-23
2007,2,24,14.76,0,2007-02-24
2007,2,25,14.717,0,2007-02-25
2007,2,26,14.65,0,2007-02-26
2007,2,27,14.676,0,2007-02-27
2007,2,28,14.662,0,2007-02-28
2007,3,1,14.682,0,2007-03-01
2007,3,2,14.672,0,2007-03-02
2007,3,3,14.742,0,2007-03-03
2007,3,4,14.714,0,2007-03-04
2007,3,5,14.66,0,2007-03-05
2007,3,6,14.653,0,2007-03-06
2007,3,7,14.642,0,2007-03-07
2007,3,8,14.644,0,2007-03-08
2007,3,9,14.796,0,2007-03-09
2007,3,10,14.842,0,2007-03-10
2007,3,11,14.808,0,2007-03-11
2007,3,12,14.733,0,2007-03-12
2007,3,13,14.632,0,2007-03-13
2007,3,14,14.609,0,2007-03-14
2007,3,15,14.485,0,2007-03-15
2007,3,16,14.502,0,2007-03-16
2007,3,17,14.596,0,2007-03-17
2007,3,18,14.561,0,2007-03-18
2007,3,19,14.446,0,2007-03-19
2007,3,20,14.364,0,2007-03-20
2007,3,21,14.406,0,2007-03-21
2007,3,22,14.493,0,2007-03-22
2007,3,23,14.407,0,2007-03-23
2007,3,24,14.399,0,2007-03-24
2007,3,25,14.368,0,2007-03-25
2007,3,26,14.414,0,2007-03-26
2007,3,27,14.387,0,2007-03-27
2007,3,28,14.281,0,2007-03-28
2007,3,29,14.326,0,2007-03-29
2007,3,30,14.277,0,2007-03-30
2007,3,31,14.264,0,2007-03-31
2007,4,1,14.267,0,2007-04-01
2007,4,2,14.277,0,2007-04-02
2007,4,3,14.186,0,2007-04-03
2007,4,4,14.225,0,2007-04-04
2007,4,5,14.242,0,2007-04-05
2007,4,6,14.186,0,2007-04-06
2007,4,7,14.123,0,2007-04-07
2007,4,8,14.141,0,2007-04-08
2007,4,9,14.074,0,2007-04-09
2007,4,10,14.028,0,2007-04-10
2007,4,11,13.93,0,2007-04-11
2007,4,12,13.878,0,2007-04-12
2007,4,13,13.909,0,2007-04-13
2007,4,14,13.806,0,2007-04-14
2007,4,15,13.777,0,2007-04-15
2007,4,16,13.722,0,2007-04-16
2007,4,17,13.772,0,2007-04-17
2007,4,18,13.751,0,2007-04-18
2007,4,19,13.755,0,2007-04-19
2007,4,20,13.784,0,2007-04-20
2007,4,21,13.719,0,2007-04-21
2007,4,22,13.663,0,2007-04-22
2007,4,23,13.682,0,2007-04-23
2007,4,24,13.615,0,2007-04-24
2007,4,25,13.542,0,2007-04-25
2007,4,26,13.486,0,2007-04-26
2007,4,27,13.439,0,2007-04-27
2007,4,28,13.471,0,2007-04-28
2007,4,29,13.482,0,2007-04-29
2007,4,30,13.424,0,2007-04-30
2007,5,1,13.367,0,2007-05-01
2007,5,2,13.295,0,2007-05-02
2007,5,3,13.291,0,2007-05-03
2007,5,4,13.271,0,2007-05-04
2007,5,5,13.209,0,2007-05-05
2007,5,6,13.171,0,2007-05-06
2007,5,7,13.139,0,2007-05-07
2007,5,8,13.123,0,2007-05-08
2007,5,9,13.064,0,2007-05-09
2007,5,10,12.949,0,2007-05-10
2007,5,11,12.941,0,2007-05-11
2007,5,12,12.898,0,2007-05-12
2007,5,13,12.868,0,2007-05-13
2007,5,14,12.865,0,2007-05-14
2007,5,15,12.838,0,2007-05-15
2007,5,16,12.749,0,2007-05-16
2007,5,17,12.718,0,2007-05-17
2007,5,18,12.684,0,2007-05-18
2007,5,19,12.724,0,2007-05-19
2007,5,20,12.769,0,2007-05-20
2007,5,21,12.642,0,2007-05-21
2007,5,22,12.565,0,2007-05-22
2007,5,23,12.503,0,2007-05-23
2007,5,24,12.466,0,2007-05-24
2007,5,25,12.415,0,2007-05-25
2007,5,26,12.331,0,2007-05-26
2007,5,27,12.338,0,2007-05-27
2007,5,28,12.327,0,2007-05-28
2007,5,29,12.296,0,2007-05-29
2007,5,30,12.184,0,2007-05-30
2007,5,31,12.17,0,2007-05-31
2007,6,1,12.029,0,2007-06-01
2007,6,2,12.004,0,2007-06-02
2007,6,3,11.92,0,2007-06-03
2007,6,4,11.867,0,2007-06-04
2007,6,5,11.817,0,2007-06-05
2007,6,6,11.759,0,2007-06-06
2007,6,7,11.757,0,2007-06-07
2007,6,8,11.826,0,2007-06-08
2007,6,9,11.702,0,2007-06-09
2007,6,10,11.715,0,2007-06-10
2007,6,11,11.639,0,2007-06-11
2007,6,12,11.607,0,2007-06-12
2007,6,13,11.561,0,2007-06-13
2007,6,14,11.457,0,2007-06-14
2007,6,15,11.43,0,2007-06-15
2007,6,16,11.365,0,2007-06-16
2007,6,17,11.263,0,2007-06-17
2007,6,18,11.131,0,2007-06-18
2007,6,19,11.065,0,2007-06-19
2007,6,20,10.945,0,2007-06-20
2007,6,21,10.863,0,2007-06-21
2007,6,22,10.824,0,2007-06-22
2007,6,23,10.737,0,2007-06-23
2007,6,24,10.626,0,2007-06-24
2007,6,25,10.497,0,2007-06-25
2007,6,26,10.447,0,2007-06-26
2007,6,27,10.391,0,2007-06-27
2007,6,28,10.281,0,2007-06-28
2007,6,29,10.125,0,2007-06-29
2007,6,30,9.952,0,2007-06-30
2007,7,1,9.632,0,2007-07-01
2007,7,2,9.452,0,2007-07-02
2007,7,3,9.21,0,2007-07-03
2007,7,4,9.098,0,2007-07-04
2007,7,5,9.037,0,2007-07-05
2007,7,6,8.897,0,2007-07-06
2007,7,7,8.784,0,2007-07-07
2007,7,8,8.722,0,2007-07-08
2007,7,9,8.674,0,2007-07-09
2007,7,10,8.583,0,2007-07-10
2007,7,11,8.463,0,2007-07-11
2007,7,12,8.327,0,2007-07-12
2007,7,13,8.195,0,2007-07-13
2007,7,14,8.065,0,2007-07-14
2007,7,15,8.001,0,2007-07-15
2007,7,16,7.823,0,2007-07-16
2007,7,17,7.817,0,2007-07-17
2007,7,18,7.751,0,2007-07-18
2007,7,19,7.62,0,2007-07-19
2007,7,20,7.479,0,2007-07-20
2007,7,21,7.445,0,2007-07-21
2007,7,22,7.393,0,2007-07-22
2007,7,23,7.251,0,2007-07-23
2007,7,24,7.126,0,2007-07-24
2007,7,25,6.998,0,2007-07-25
2007,7,26,6.886,0,2007-07-26
2007,7,27,6.785,0,2007-07-27
2007,7,28,6.719,0,2007-07-28
2007,7,29,6.709,0,2007-07-29
2007,7,30,6.657,0,2007-07-30
2007,7,31,6.629,0,2007-07-31
2007,8,1,6.461,0,2007-08-01
2007,8,2,6.341,0,2007-08-02
2007,8,3,6.25,0,2007-08-03
2007,8,4,6.2,0,2007-08-04
2007,8,5,6.065,0,2007-08-05
2007,8,6,5.923,0,2007-08-06
2007,8,7,5.882,0,2007-08-07
2007,8,8,5.823,0,2007-08-08
2007,8,9,5.741,0,2007-08-09
2007,8,10,5.603,0,2007-08-10
2007,8,11,5.59,0,2007-08-11
2007,8,12,5.519,0,2007-08-12
2007,8,13,5.462,0,2007-08-13
2007,8,14,5.387,0,2007-08-14
2007,8,15,5.329,0,2007-08-15
2007,8,16,5.253,0,2007-08-16
2007,8,17,5.178,0,2007-08-17
2007,8,18,5.071,0,2007-08-18
2007,8,19,5.056,0,2007-08-19
2007,8,20,4.997,0,2007-08-20
2007,8,21,4.923,0,2007-08-21
2007,8,22,4.901,0,2007-08-22
2007,8,23,4.872,0,2007-08-23
2007,8,24,4.837,0,2007-08-24
2007,8,25,4.793,0,2007-08-25
2007,8,26,4.8,0,2007-08-26
2007,8,27,4.83,0,2007-08-27
2007,8,28,4.718,0,2007-08-28
2007,8,29,4.695,0,2007-08-29
2007,8,30,4.584,0,2007-08-30
2007,8,31,4.528,0,2007-08-31
2007,9,1,4.475,0,2007-09-01
2007,9,2,4.462,0,2007-09-02
2007,9,3,4.45,0,2007-09-03
2007,9,4,4.423,0,2007-09-04
2007,9,5,4.376,0,2007-09-05
2007,9,6,4.291,0,2007-09-06
2007,9,7,4.275,0,2007-09-07
2007,9,8,4.292,0,2007-09-08
2007,9,9,4.277,0,2007-09-09
2007,9,10,4.254,0,2007-09-10
2007,9,11,4.215,0,2007-09-11
2007,9,12,4.225,0,2007-09-12
2007,9,13,4.218,0,2007-09-13
2007,9,14,4.147,0,2007-09-14
2007,9,15,4.167,0,2007-09-15
2007,9,16,4.153,0,2007-09-16
2007,9,17,4.149,0,2007-09-17
2007,9,18,4.156,0,2007-09-18
2007,9,19,4.191,0,2007-09-19
2007,9,20,4.2,0,2007-09-20
2007,9,21,4.223,0,2007-09-21
2007,9,22,4.231,0,2007-09-22
2007,9,23,4.193,0,2007-09-23
2007,9,24,4.162,0,2007-09-24
2007,9,25,4.213,0,2007-09-25
2007,9,26,4.223,0,2007-09-26
2007,9,27,4.283,0,2007-09-27
2007,9,28,4.279,0,2007-09-28
2007,9,29,4.342,0,2007-09-29
2007,9,30,4.473,0,2007-09-30
2007,10,1,4.614,0,2007-10-01
2007,10,2,4.658,0,2007-10-02
2007,10,3,4.786,0,2007-10-03
2007,10,4,4.813,0,2007-10-04
2007,10,5,4.771,0,2007-10-05
2007,10,6,4.83,0,2007-10-06
2007,10,7,4.953,0,2007-10-07
2007,10,8,5.044,0,2007-10-08
2007,10,9,5.118,0,2007-10-09
2007,10,10,5.205,0,2007-10-10
2007,10,11,5.262,0,2007-10-11
2007,10,12,5.288,0,2007-10-12
2007,10,13,5.338,0,2007-10-13
2007,10,14,5.418,0,2007-10-14
2007,10,15,5.559,0,2007-10-15
2007,10,16,5.675,0,2007-10-16
2007,10,17,5.755,0,2007-10-17
2007,10,18,5.906,0,2007-10-18
2007,10,19,6.115,0,2007-10-19
2007,10,20,6.279,0,2007-10-20
2007,10,21,6.484,0,2007-10-21
2007,10,22,6.728,0,2007-10-22
2007,10,23,6.9,0,2007-10-23
2007,10,24,7.005,0,2007-10-24
2007,10,25,7.21,0,2007-10-25
2007,10,26,7.399,0,2007-10-26
2007,10,27,7.642,0,2007-10-27
2007,10,28,7.88,0,2007-10-28
2007,10,29,8.085,0,2007-10-29
2007,10,30,8.179,0,2007-10-30
2007,10,31,8.332,0,2007-10-31
2007,11,1,8.498,0,2007-11-01
2007,11,2,8.663,0,2007-11-02
2007,11,3,8.731,0,2007-11-03
2007,11,4,8.897,0,2007-11-04
2007,11,5,8.911,0,2007-11-05
2007,11,6,8.986,0,2007-11-06
2007,11,7,9.119,0,2007-11-07
2007,11,8,9.231,0,2007-11-08
2007,11,9,9.401,0,2007-11-09
2007,11,10,9.469,0,2007-11-10
2007,11,11,9.519,0,2007-11-11
2007,11,12,9.66,0,2007-11-12
2007,11,13,9.678,0,2007-11-13
2007,11,14,9.663,0,2007-11-14
2007,11,15,9.714,0,2007-11-15
2007,11,16,9.739,0,2007-11-16
2007,11,17,9.892,0,2007-11-17
2007,11,18,9.966,0,2007-11-18
2007,11,19,10.058,0,2007-11-19
2007,11,20,10.152,0,2007-11-20
2007,11,21,10.278,0,2007-11-21
2007,11,22,10.304,0,2007-11-22
2007,11,23,10.28,0,2007-11-23
2007,11,24,10.291,0,2007-11-24
2007,11,25,10.405,0,2007-11-25
2007,11,26,10.43,0,2007-11-26
2007,11,27,10.491,0,2007-11-27
2007,11,28,10.673,0,2007-11-28
2007,11,29,10.828,0,2007-11-29
2007,11,30,10.878,0,2007-11-30
2007,12,1,10.916,0,2007-12-01
2007,12,2,10.867,0,2007-12-02
2007,12,3,10.991,0,2007-12-03
2007,12,4,11.148,0,2007-12-04
2007,12,5,11.273,0,2007-12-05
2007,12,6,11.333,0,2007-12-06
2007,12,7,11.352,0,2007-12-07
2007,12,8,11.403,0,2007-12-08
2007,12,9,11.511,0,2007-12-09
2007,12,10,11.6,0,2007-12-10
2007,12,11,11.586,0,2007-12-11
2007,12,12,11.646,0,2007-12-12
2007,12,13,11.764,0,2007-12-13
2007,12,14,11.864,0,2007-12-14
2007,12,15,11.903,0,2007-12-15
2007,12,16,11.969,0,2007-12-16
2007,12,17,12.11,0,2007-12-17
2007,12,18,12.216,0,2007-12-18
2007,12,19,12.275,0,2007-12-19
2007,12,20,12.395,0,2007-12-20
2007,12,21,12.498,0,2007-12-21
2007,12,22,12.592,0,2007-12-22
2007,12,23,12.694,0,2007-12-23
2007,12,24,12.807,0,2007-12-24
2007,12,25,12.742,0,2007-12-25
2007,12,26,12.766,0,2007-12-26
2007,12,27,12.867,0,2007-12-27
2007,12,28,12.918,0,2007-12-28
2007,12,29,12.981,0,2007-12-29
2007,12,30,13.012,0,2007-12-30
2007,12,31,13.054,0,2007-12-31
2008,1,1,13.206,0,2008-01-01
2008,1,2,13.164,0,2008-01-02
2008,1,3,13.19,0,2008-01-03
2008,1,4,13.275,0,2008-01-04
2008,1,5,13.303,0,2008-01-05
2008,1,6,13.325,0,2008-01-06
2008,1,7,13.411,0,2008-01-07
2008,1,8,13.433,0,2008-01-08
2008,1,9,13.532,0,2008-01-09
2008,1,10,13.586,0,2008-01-10
2008,1,11,13.744,0,2008-01-11
2008,1,12,13.678,0,2008-01-12
2008,1,13,13.747,0,2008-01-13
2008,1,14,13.78,0,2008-01-14
2008,1,15,13.822,0,2008-01-15
2008,1,16,13.849,0,2008-01-16
2008,1,17,13.865,0,2008-01-17
2008,1,18,13.922,0,2008-01-18
2008,1,19,13.997,0,2008-01-19
2008,1,20,13.964,0,2008-01-20
2008,1,21,14.07,0,2008-01-21
2008,1,22,14.189,0,2008-01-22
2008,1,23,14.286,0,2008-01-23
2008,1,24,14.455,0,2008-01-24
2008,1,25,14.468,0,2008-01-25
2008,1,26,14.525,0,2008-01-26
2008,1,27,14.533,0,2008-01-27
2008,1,28,14.593,0,2008-01-28
2008,1,29,14.609,0,2008-01-29
2008,1,30,14.519,0,2008-01-30
2008,1,31,14.465,0,2008-01-31
2008,2,1,14.563,0,2008-02-01
2008,2,2,14.66,0,2008-02-02
2008,2,3,14.664,0,2008-02-03
2008,2,4,14.711,0,2008-02-04
2008,2,5,14.835,0,2008-02-05
2008,2,6,14.849,0,2008-02-06
2008,2,7,14.841,0,2008-02-07
2008,2,8,14.855,0,2008-02-08
2008,2,9,14.9,0,2008-02-09
2008,2,10,14.93,0,2008-02-10
2008,2,11,14.967,0,2008-02-11
2008,2,12,14.976,0,2008-02-12
2008,2,13,14.921,0,2008-02-13
2008,2,14,14.829,0,2008-02-14
2008,2,15,14.735,0,2008-02-15
2008,2,16,14.774,0,2008-02-16
2008,2,17,14.889,0,2008-02-17
2008,2,18,14.881,0,2008-02-18
2008,2,19,14.929,0,2008-02-19
2008,2,20,14.927,0,2008-02-20
2008,2,21,15.06,0,2008-02-21
2008,2,22,15.197,0,2008-02-22
2008,2,23,15.213,0,2008-02-23
2008,2,24,15.233,0,2008-02-24
2008,2,25,15.262,0,2008-02-25
2008,2,26,15.242,0,2008-02-26
2008,2,27,15.354,0,2008-02-27
2008,2,28,15.243,0,2008-02-28
2008,2,29,15.21,0,2008-02-29
2008,3,1,15.27,0,2008-03-01
2008,3,2,15.222,0,2008-03-02
2008,3,3,15.197,0,2008-03-03
2008,3,4,15.195,0,2008-03-04
2008,3,5,15.233,0,2008-03-05
2008,3,6,15.235,0,2008-03-06
2008,3,7,15.197,0,2008-03-07
2008,3,8,15.262,0,2008-03-08
2008,3,9,15.352,0,2008-03-09
2008,3,10,15.251,0,2008-03-10
2008,3,11,15.268,0,2008-03-11
2008,3,12,15.305,0,2008-03-12
2008,3,13,15.305,0,2008-03-13
2008,3,14,15.204,0,2008-03-14
2008,3,15,15.194,0,2008-03-15
2008,3,16,15.126,0,2008-03-16
2008,3,17,15.141,0,2008-03-17
2008,3,18,15.135,0,2008-03-18
2008,3,19,15.14,0,2008-03-19
2008,3,20,15.167,0,2008-03-20
2008,3,21,15.175,0,2008-03-21
2008,3,22,15.184,0,2008-03-22
2008,3,23,15.165,0,2008-03-23
2008,3,24,15.113,0,2008-03-24
2008,3,25,15.133,0,2008-03-25
2008,3,26,15.135,0,2008-03-26
2008,3,27,15.081,0,2008-03-27
2008,3,28,15.051,0,2008-03-28
2008,3,29,14.988,0,2008-03-29
2008,3,30,15.041,0,2008-03-30
2008,3,31,15.081,0,2008-03-31
2008,4,1,14.989,0,2008-04-01
2008,4,2,14.931,0,2008-04-02
2008,4,3,14.901,0,2008-04-03
2008,4,4,14.794,0,2008-04-04
2008,4,5,14.747,0,2008-04-05
2008,4,6,14.722,0,2008-04-06
2008,4,7,14.814,0,2008-04-07
2008,4,8,14.842,0,2008-04-08
2008,4,9,14.755,0,2008-04-09
2008,4,10,14.773,0,2008-04-10
2008,4,11,14.678,0,2008-04-11
2008,4,12,14.616,0,2008-04-12
2008,4,13,14.498,0,2008-04-13
2008,4,14,14.487,0,2008-04-14
2008,4,15,14.411,0,2008-04-15
2008,4,16,14.268,0,2008-04-16
2008,4,17,14.305,0,2008-04-17
2008,4,18,14.178,0,2008-04-18
2008,4,19,14.107,0,2008-04-19
2008,4,20,14.063,0,2008-04-20
2008,4,21,13.979,0,2008-04-21
2008,4,22,13.995,0,2008-04-22
2008,4,23,13.937,0,2008-04-23
2008,4,24,13.879,0,2008-04-24
2008,4,25,13.807,0,2008-04-25
2008,4,26,13.845,0,2008-04-26
2008,4,27,13.848,0,2008-04-27
2008,4,28,13.811,0,2008-04-28
2008,4,29,13.783,0,2008-04-29
2008,4,30,13.795,0,2008-04-30
2008,5,1,13.649,0,2008-05-01
2008,5,2,13.651,0,2008-05-02
2008,5,3,13.593,0,2008-05-03
2008,5,4,13.586,0,2008-05-04
2008,5,5,13.576,0,2008-05-05
2008,5,6,13.494,0,2008-05-06
2008,5,7,13.491,0,2008-05-07
2008,5,8,13.436,0,2008-05-08
2008,5,9,13.354,0,2008-05-09
2008,5,10,13.319,0,2008-05-10
2008,5,11,13.224,0,2008-05-11
2008,5,12,13.199,0,2008-05-12
2008,5,13,13.154,0,2008-05-13
2008,5,14,13.086,0,2008-05-14
2008,5,15,13.049,0,2008-05-15
2008,5,16,13.048,0,2008-05-16
2008,5,17,12.984,0,2008-05-17
2008,5,18,12.875,0,2008-05-18
2008,5,19,12.775,0,2008-05-19
2008,5,20,12.672,0,2008-05-20
2008,5,21,12.639,0,2008-05-21
2008,5,22,12.612,0,2008-05-22
2008,5,23,12.602,0,2008-05-23
2008,5,24,12.587,0,2008-05-24
2008,5,25,12.503,0,2008-05-25
2008,5,26,12.481,0,2008-05-26
2008,5,27,12.43,0,2008-05-27
2008,5,28,12.316,0,2008-05-28
2008,5,29,12.318,0,2008-05-29
2008,5,30,12.267,0,2008-05-30
2008,5,31,12.224,0,2008-05-31
2008,6,1,12.164,0,2008-06-01
2008,6,2,12.119,0,2008-06-02
2008,6,3,12.111,0,2008-06-03
2008,6,4,11.984,0,2008-06-04
2008,6,5,11.869,0,2008-06-05
2008,6,6,11.825,0,2008-06-06
2008,6,7,11.714,0,2008-06-07
2008,6,8,11.632,0,2008-06-08
2008,6,9,11.578,0,2008-06-09
2008,6,10,11.498,0,2008-06-10
2008,6,11,11.541,0,2008-06-11
2008,6,12,11.478,0,2008-06-12
2008,6,13,11.414,0,2008-06-13
2008,6,14,11.363,0,2008-06-14
2008,6,15,11.268,0,2008-06-15
2008,6,16,11.189,0,2008-06-16
2008,6,17,11.137,0,2008-06-17
2008,6,18,11.072,0,2008-06-18
2008,6,19,11.024,0,2008-06-19
2008,6,20,10.954,0,2008-06-20
2008,6,21,10.894,0,2008-06-21
2008,6,22,10.803,0,2008-06-22
2008,6,23,10.719,0,2008-06-23
2008,6,24,10.663,0,2008-06-24
2008,6,25,10.552,0,2008-06-25
2008,6,26,10.504,0,2008-06-26
2008,6,27,10.393,0,2008-06-27
2008,6,28,10.326,0,2008-06-28
2008,6,29,10.263,0,2008-06-29
2008,6,30,10.199,0,2008-06-30
2008,7,1,9.93,0,2008-07-01
2008,7,2,9.921,0,2008-07-02
2008,7,3,9.821,0,2008-07-03
2008,7,4,9.742,0,2008-07-04
2008,7,5,9.645,0,2008-07-05
2008,7,6,9.649,0,2008-07-06
2008,7,7,9.491,0,2008-07-07
2008,7,8,9.45,0,2008-07-08
2008,7,9,9.396,0,2008-07-09
2008,7,10,9.315,0,2008-07-10
2008,7,11,9.211,0,2008-07-11
2008,7,12,9.122,0,2008-07-12
2008,7,13,9.033,0,2008-07-13
2008,7,14,8.982,0,2008-07-14
2008,7,15,8.766,0,2008-07-15
2008,7,16,8.688,0,2008-07-16
2008,7,17,8.617,0,2008-07-17
2008,7,18,8.511,0,2008-07-18
2008,7,19,8.408,0,2008-07-19
2008,7,20,8.28,0,2008-07-20
2008,7,21,8.165,0,2008-07-21
2008,7,22,8.108,0,2008-07-22
2008,7,23,7.989,0,2008-07-23
2008,7,24,7.894,0,2008-07-24
2008,7,25,7.755,0,2008-07-25
2008,7,26,7.746,0,2008-07-26
2008,7,27,7.675,0,2008-07-27
2008,7,28,7.566,0,2008-07-28
2008,7,29,7.466,0,2008-07-29
2008,7,30,7.347,0,2008-07-30
2008,7,31,7.327,0,2008-07-31
2008,8,1,7.203,0,2008-08-01
2008,8,2,7.096,0,2008-08-02
2008,8,3,7.089,0,2008-08-03
2008,8,4,6.948,0,2008-08-04
2008,8,5,6.69,0,2008-08-05
2008,8,6,6.584,0,2008-08-06
2008,8,7,6.516,0,2008-08-07
2008,8,8,6.539,0,2008-08-08
2008,8,9,6.421,0,2008-08-09
2008,8,10,6.285,0,2008-08-10
2008,8,11,6.259,0,2008-08-11
2008,8,12,6.155,0,2008-08-12
2008,8,13,6.095,0,2008-08-13
2008,8,14,6.025,0,2008-08-14
2008,8,15,5.974,0,2008-08-15
2008,8,16,5.893,0,2008-08-16
2008,8,17,5.851,0,2008-08-17
2008,8,18,5.73,0,2008-08-18
2008,8,19,5.619,0,2008-08-19
2008,8,20,5.624,0,2008-08-20
2008,8,21,5.539,0,2008-08-21
2008,8,22,5.476,0,2008-08-22
2008,8,23,5.419,0,2008-08-23
2008,8,24,5.236,0,2008-08-24
2008,8,25,5.106,0,2008-08-25
2008,8,26,5.019,0,2008-08-26
2008,8,27,5.037,0,2008-08-27
2008,8,28,5.023,0,2008-08-28
2008,8,29,5.012,0,2008-08-29
2008,8,30,4.938,0,2008-08-30
2008,8,31,4.904,0,2008-08-31
2008,9,1,4.828,0,2008-09-01
2008,9,2,4.717,0,2008-09-02
2008,9,3,4.741,0,2008-09-03
2008,9,4,4.686,0,2008-09-04
2008,9,5,4.691,0,2008-09-05
2008,9,6,4.7,0,2008-09-06
2008,9,7,4.664,0,2008-09-07
2008,9,8,4.627,0,2008-09-08
2008,9,9,4.651,0,2008-09-09
2008,9,10,4.603,0,2008-09-10
2008,9,11,4.577,0,2008-09-11
2008,9,12,4.574,0,2008-09-12
2008,9,13,4.598,0,2008-09-13
2008,9,14,4.599,0,2008-09-14
2008,9,15,4.601,0,2008-09-15
2008,9,16,4.615,0,2008-09-16
2008,9,17,4.602,0,2008-09-17
2008,9,18,4.548,0,2008-09-18
2008,9,19,4.565,0,2008-09-19
2008,9,20,4.598,0,2008-09-20
2008,9,21,4.659,0,2008-09-21
2008,9,22,4.658,0,2008-09-22
2008,9,23,4.679,0,2008-09-23
2008,9,24,4.692,0,2008-09-24
2008,9,25,4.729,0,2008-09-25
2008,9,26,4.763,0,2008-09-26
2008,9,27,4.811,0,2008-09-27
2008,9,28,4.884,0,2008-09-28
2008,9,29,4.925,0,2008-09-29
2008,9,30,5.038,0,2008-09-30
2008,10,1,5.254,0,2008-10-01
2008,10,2,5.336,0,2008-10-02
2008,10,3,5.431,0,2008-10-03
2008,10,4,5.505,0,2008-10-04
2008,10,5,5.63,0,2008-10-05
2008,10,6,5.786,0,2008-10-06
2008,10,7,5.948,0,2008-10-07
2008,10,8,6.064,0,2008-10-08
2008,10,9,6.313,0,2008-10-09
2008,10,10,6.409,0,2008-10-10
2008,10,11,6.615,0,2008-10-11
2008,10,12,6.772,0,2008-10-12
2008,10,13,6.91,0,2008-10-13
2008,10,14,7.093,0,2008-10-14
2008,10,15,7.252,0,2008-10-15
2008,10,16,7.459,0,2008-10-16
2008,10,17,7.601,0,2008-10-17
2008,10,18,7.737,0,2008-10-18
2008,10,19,7.905,0,2008-10-19
2008,10,20,8.026,0,2008-10-20
2008,10,21,8.126,0,2008-10-21
2008,10,22,8.352,0,2008-10-22
2008,10,23,8.528,0,2008-10-23
2008,10,24,8.667,0,2008-10-24
2008,10,25,8.762,0,2008-10-25
2008,10,26,8.842,0,2008-10-26
2008,10,27,8.914,0,2008-10-27
2008,10,28,8.994,0,2008-10-28
2008,10,29,9.107,0,2008-10-29
2008,10,30,9.193,0,2008-10-30
2008,10,31,9.315,0,2008-10-31
2008,11,1,9.363,0,2008-11-01
2008,11,2,9.331,0,2008-11-02
2008,11,3,9.399,0,2008-11-03
2008,11,4,9.57,0,2008-11-04
2008,11,5,9.708,0,2008-11-05
2008,11,6,9.794,0,2008-11-06
2008,11,7,9.963,0,2008-11-07
2008,11,8,10.062,0,2008-11-08
2008,11,9,10.089,0,2008-11-09
2008,11,10,10.122,0,2008-11-10
2008,11,11,10.129,0,2008-11-11
2008,11,12,10.09,0,2008-11-12
2008,11,13,10.111,0,2008-11-13
2008,11,14,10.119,0,2008-11-14
2008,11,15,10.215,0,2008-11-15
2008,11,16,10.339,0,2008-11-16
2008,11,17,10.476,0,2008-11-17
2008,11,18,10.468,0,2008-11-18
2008,11,19,10.637,0,2008-11-19
2008,11,20,10.715,0,2008-11-20
2008,11,21,10.667,0,2008-11-21
2008,11,22,10.696,0,2008-11-22
2008,11,23,10.785,0,2008-11-23
2008,11,24,10.912,0,2008-11-24
2008,11,25,10.928,0,2008-11-25
2008,11,26,11.029,0,2008-11-26
2008,11,27,11.043,0,2008-11-27
2008,11,28,11.122,0,2008-11-28
2008,11,29,11.152,0,2008-11-29
2008,11,30,11.252,0,2008-11-30
2008,12,1,11.492,0,2008-12-01
2008,12,2,11.521,0,2008-12-02
2008,12,3,11.586,0,2008-12-03
2008,12,4,11.68,0,2008-12-04
2008,12,5,11.781,0,2008-12-05
2008,12,6,11.811,0,2008-12-06
2008,12,7,11.936,0,2008-12-07
2008,12,8,12.147,0,2008-12-08
2008,12,9,12.224,0,2008-12-09
2008,12,10,12.343,0,2008-12-10
2008,12,11,12.35,0,2008-12-11
2008,12,12,12.424,0,2008-12-12
2008,12,13,12.309,0,2008-12-13
2008,12,14,12.281,0,2008-12-14
2008,12,15,12.377,0,2008-12-15
2008,12,16,12.407,0,2008-12-16
2008,12,17,12.367,0,2008-12-17
2008,12,18,12.357,0,2008-12-18
2008,12,19,12.447,0,2008-12-19
2008,12,20,12.461,0,2008-12-20
2008,12,21,12.436,0,2008-12-21
2008,12,22,12.676,0,2008-12-22
2008,12,23,12.636,0,2008-12-23
2008,12,24,12.698,0,2008-12-24
2008,12,25,12.794,0,2008-12-25
2008,12,26,12.94,0,2008-12-26
2008,12,27,12.847,0,2008-12-27
2008,12,28,12.882,0,2008-12-28
2008,12,29,12.926,0,2008-12-29
2008,12,30,12.929,0,2008-12-30
2008,12,31,13.048,0,2008-12-31
2009,1,1,13.189,0,2009-01-01
2009,1,2,13.18,0,2009-01-02
2009,1,3,13.267,0,2009-01-03
2009,1,4,13.286,0,2009-01-04
2009,1,5,13.352,0,2009-01-05
2009,1,6,13.447,0,2009-01-06
2009,1,7,13.478,0,2009-01-07
2009,1,8,13.586,0,2009-01-08
2009,1,9,13.646,0,2009-01-09
2009,1,10,13.73,0,2009-01-10
2009,1,11,13.777,0,2009-01-11
2009,1,12,13.79,0,2009-01-12
2009,1,13,13.857,0,2009-01-13
2009,1,14,14.008,0,2009-01-14
2009,1,15,14.115,0,2009-01-15
2009,1,16,14.123,0,2009-01-16
2009,1,17,14.094,0,2009-01-17
2009,1,18,14.162,0,2009-01-18
2009,1,19,14.268,0,2009-01-19
2009,1,20,14.19,0,2009-01-20
2009,1,21,14.168,0,2009-01-21
2009,1,22,14.251,0,2009-01-22
2009,1,23,14.232,0,2009-01-23
2009,1,24,14.184,0,2009-01-24
2009,1,25,14.166,0,2009-01-25
2009,1,26,14.133,0,2009-01-26
2009,1,27,14.231,0,2009-01-27
2009,1,28,14.291,0,2009-01-28
2009,1,29,14.336,0,2009-01-29
2009,1,30,14.38,0,2009-01-30
2009,1,31,14.408,0,2009-01-31
2009,2,1,14.502,0,2009-02-01
2009,2,2,14.604,0,2009-02-02
2009,2,3,14.531,0,2009-02-03
2009,2,4,14.507,0,2009-02-04
2009,2,5,14.58,0,2009-02-05
2009,2,6,14.662,0,2009-02-06
2009,2,7,14.774,0,2009-02-07
2009,2,8,14.856,0,2009-02-08
2009,2,9,14.879,0,2009-02-09
2009,2,10,14.853,0,2009-02-10
2009,2,11,14.772,0,2009-02-11
2009,2,12,14.762,0,2009-02-12
2009,2,13,14.845,0,2009-02-13
2009,2,14,14.848,0,2009-02-14
2009,2,15,14.882,0,2009-02-15
2009,2,16,14.901,0,2009-02-16
2009,2,17,14.982,0,2009-02-17
2009,2,18,14.969,0,2009-02-18
2009,2,19,14.851,0,2009-02-19
2009,2,20,14.872,0,2009-02-20
2009,2,21,14.882,0,2009-02-21
2009,2,22,14.8,0,2009-02-22
2009,2,23,14.811,0,2009-02-23
2009,2,24,14.809,0,2009-02-24
2009,2,25,14.847,0,2009-02-25
2009,2,26,14.991,0,2009-02-26
2009,2,27,15.039,0,2009-02-27
2009,2,28,15.112,0,2009-02-28
2009,3,1,15.168,0,2009-03-01
2009,3,2,15.195,0,2009-03-02
2009,3,3,15.126,0,2009-03-03
2009,3,4,15.067,0,2009-03-04
2009,3,5,15.123,0,2009-03-05
2009,3,6,15.162,0,2009-03-06
2009,3,7,15.076,0,2009-03-07
2009,3,8,14.955,0,2009-03-08
2009,3,9,14.878,0,2009-03-09
2009,3,10,14.833,0,2009-03-10
2009,3,11,14.894,0,2009-03-11
2009,3,12,14.861,0,2009-03-12
2009,3,13,14.884,0,2009-03-13
2009,3,14,14.959,0,2009-03-14
2009,3,15,14.939,0,2009-03-15
2009,3,16,14.942,0,2009-03-16
2009,3,17,15.015,0,2009-03-17
2009,3,18,14.968,0,2009-03-18
2009,3,19,14.959,0,2009-03-19
2009,3,20,14.962,0,2009-03-20
2009,3,21,15.004,0,2009-03-21
2009,3,22,15.052,0,2009-03-22
2009,3,23,15.073,0,2009-03-23
2009,3,24,15.027,0,2009-03-24
2009,3,25,15.022,0,2009-03-25
2009,3,26,14.981,0,2009-03-26
2009,3,27,14.954,0,2009-03-27
2009,3,28,14.906,0,2009-03-28
2009,3,29,14.881,0,2009-03-29
2009,3,30,14.864,0,2009-03-30
2009,3,31,14.762,0,2009-03-31
2009,4,1,14.73,0,2009-04-01
2009,4,2,14.728,0,2009-04-02
2009,4,3,14.779,0,2009-04-03
2009,4,4,14.818,0,2009-04-04
2009,4,5,14.753,0,2009-04-05
2009,4,6,14.684,0,2009-04-06
2009,4,7,14.732,0,2009-04-07
2009,4,8,14.668,0,2009-04-08
2009,4,9,14.667,0,2009-04-09
2009,4,10,14.638,0,2009-04-10
2009,4,11,14.61,0,2009-04-11
2009,4,12,14.653,0,2009-04-12
2009,4,13,14.561,0,2009-04-13
2009,4,14,14.521,0,2009-04-14
2009,4,15,14.561,0,2009-04-15
2009,4,16,14.517,0,2009-04-16
2009,4,17,14.434,0,2009-04-17
2009,4,18,14.41,0,2009-04-18
2009,4,19,14.402,0,2009-04-19
2009,4,20,14.479,0,2009-04-20
2009,4,21,14.438,0,2009-04-21
2009,4,22,14.435,0,2009-04-22
2009,4,23,14.309,0,2009-04-23
2009,4,24,14.268,0,2009-04-24
2009,4,25,14.279,0,2009-04-25
2009,4,26,14.278,0,2009-04-26
2009,4,27,14.185,0,2009-04-27
2009,4,28,14.123,0,2009-04-28
2009,4,29,14.128,0,2009-04-29
2009,4,30,14.081,0,2009-04-30
2009,5,1,13.956,0,2009-05-01
2009,5,2,13.901,0,2009-05-02
2009,5,3,13.857,0,2009-05-03
2009,5,4,13.863,0,2009-05-04
2009,5,5,13.78,0,2009-05-05
2009,5,6,13.763,0,2009-05-06
2009,5,7,13.693,0,2009-05-07
2009,5,8,13.683,0,2009-05-08
2009,5,9,13.616,0,2009-05-09
2009,5,10,13.576,0,2009-05-10
2009,5,11,13.457,0,2009-05-11
2009,5,12,13.406,0,2009-05-12
2009,5,13,13.379,0,2009-05-13
2009,5,14,13.334,0,2009-05-14
2009,5,15,13.288,0,2009-05-15
2009,5,16,13.17,0,2009-05-16
2009,5,17,13.155,0,2009-05-17
2009,5,18,13.061,0,2009-05-18
2009,5,19,12.992,0,2009-05-19
2009,5,20,13,0,2009-05-20
2009,5,21,12.942,0,2009-05-21
2009,5,22,12.906,0,2009-05-22
2009,5,23,12.822,0,2009-05-23
2009,5,24,12.732,0,2009-05-24
2009,5,25,12.637,0,2009-05-25
2009,5,26,12.582,0,2009-05-26
2009,5,27,12.575,0,2009-05-27
2009,5,28,12.541,0,2009-05-28
2009,5,29,12.465,0,2009-05-29
2009,5,30,12.376,0,2009-05-30
2009,5,31,12.28,0,2009-05-31
2009,6,1,12.139,0,2009-06-01
2009,6,2,12.02,0,2009-06-02
2009,6,3,11.922,0,2009-06-03
2009,6,4,11.909,0,2009-06-04
2009,6,5,11.884,0,2009-06-05
2009,6,6,11.783,0,2009-06-06
2009,6,7,11.74,0,2009-06-07
2009,6,8,11.676,0,2009-06-08
2009,6,9,11.632,0,2009-06-09
2009,6,10,11.629,0,2009-06-10
2009,6,11,11.657,0,2009-06-11
2009,6,12,11.671,0,2009-06-12
2009,6,13,11.624,0,2009-06-13
2009,6,14,11.554,0,2009-06-14
2009,6,15,11.497,0,2009-06-15
2009,6,16,11.385,0,2009-06-16
2009,6,17,11.293,0,2009-06-17
2009,6,18,11.285,0,2009-06-18
2009,6,19,11.188,0,2009-06-19
2009,6,20,11.169,0,2009-06-20
2009,6,21,11.096,0,2009-06-21
2009,6,22,11.064,0,2009-06-22
2009,6,23,10.882,0,2009-06-23
2009,6,24,10.769,0,2009-06-24
2009,6,25,10.717,0,2009-06-25
2009,6,26,10.633,0,2009-06-26
2009,6,27,10.626,0,2009-06-27
2009,6,28,10.437,0,2009-06-28
2009,6,29,10.334,0,2009-06-29
2009,6,30,10.393,0,2009-06-30
2009,7,1,10.054,0,2009-07-01
2009,7,2,9.929,0,2009-07-02
2009,7,3,9.858,0,2009-07-03
2009,7,4,9.695,0,2009-07-04
2009,7,5,9.643,0,2009-07-05
2009,7,6,9.504,0,2009-07-06
2009,7,7,9.386,0,2009-07-07
2009,7,8,9.292,0,2009-07-08
2009,7,9,9.18,0,2009-07-09
2009,7,10,9.03,0,2009-07-10
2009,7,11,9.001,0,2009-07-11
2009,7,12,8.989,0,2009-07-12
2009,7,13,8.801,0,2009-07-13
2009,7,14,8.701,0,2009-07-14
2009,7,15,8.573,0,2009-07-15
2009,7,16,8.512,0,2009-07-16
2009,7,17,8.416,0,2009-07-17
2009,7,18,8.374,0,2009-07-18
2009,7,19,8.235,0,2009-07-19
2009,7,20,8.123,0,2009-07-20
2009,7,21,7.952,0,2009-07-21
2009,7,22,7.76,0,2009-07-22
2009,7,23,7.694,0,2009-07-23
2009,7,24,7.548,0,2009-07-24
2009,7,25,7.422,0,2009-07-25
2009,7,26,7.337,0,2009-07-26
2009,7,27,7.227,0,2009-07-27
2009,7,28,7.107,0,2009-07-28
2009,7,29,7.067,0,2009-07-29
2009,7,30,7.001,0,2009-07-30
2009,7,31,7.018,0,2009-07-31
2009,8,1,6.994,0,2009-08-01
2009,8,2,6.936,0,2009-08-02
2009,8,3,6.905,0,2009-08-03
2009,8,4,6.839,0,2009-08-04
2009,8,5,6.805,0,2009-08-05
2009,8,6,6.776,0,2009-08-06
2009,8,7,6.719,0,2009-08-07
2009,8,8,6.703,0,2009-08-08
2009,8,9,6.574,0,2009-08-09
2009,8,10,6.51,0,2009-08-10
2009,8,11,6.493,0,2009-08-11
2009,8,12,6.442,0,2009-08-12
2009,8,13,6.377,0,2009-08-13
2009,8,14,6.234,0,2009-08-14
2009,8,15,6.192,0,2009-08-15
2009,8,16,6.143,0,2009-08-16
2009,8,17,6.077,0,2009-08-17
2009,8,18,6.002,0,2009-08-18
2009,8,19,5.869,0,2009-08-19
2009,8,20,5.815,0,2009-08-20
2009,8,21,5.783,0,2009-08-21
2009,8,22,5.714,0,2009-08-22
2009,8,23,5.622,0,2009-08-23
2009,8,24,5.568,0,2009-08-24
2009,8,25,5.584,0,2009-08-25
2009,8,26,5.518,0,2009-08-26
2009,8,27,5.46,0,2009-08-27
2009,8,28,5.47,0,2009-08-28
2009,8,29,5.419,0,2009-08-29
2009,8,30,5.318,0,2009-08-30
2009,8,31,5.347,0,2009-08-31
2009,9,1,5.355,0,2009-09-01
2009,9,2,5.257,0,2009-09-02
2009,9,3,5.26,0,2009-09-03
2009,9,4,5.193,0,2009-09-04
2009,9,5,5.269,0,2009-09-05
2009,9,6,5.175,0,2009-09-06
2009,9,7,5.214,0,2009-09-07
2009,9,8,5.132,0,2009-09-08
2009,9,9,5.165,0,2009-09-09
2009,9,10,5.17,0,2009-09-10
2009,9,11,5.113,0,2009-09-11
2009,9,12,5.047,0,2009-09-12
2009,9,13,5.103,0,2009-09-13
2009,9,14,5.198,0,2009-09-14
2009,9,15,5.213,0,2009-09-15
2009,9,16,5.175,0,2009-09-16
2009,9,17,5.196,0,2009-09-17
2009,9,18,5.211,0,2009-09-18
2009,9,19,5.195,0,2009-09-19
2009,9,20,5.24,0,2009-09-20
2009,9,21,5.276,0,2009-09-21
2009,9,22,5.341,0,2009-09-22
2009,9,23,5.349,0,2009-09-23
2009,9,24,5.32,0,2009-09-24
2009,9,25,5.377,0,2009-09-25
2009,9,26,5.383,0,2009-09-26
2009,9,27,5.444,0,2009-09-27
2009,9,28,5.456,0,2009-09-28
2009,9,29,5.473,0,2009-09-29
2009,9,30,5.549,0,2009-09-30
2009,10,1,5.682,0,2009-10-01
2009,10,2,5.774,0,2009-10-02
2009,10,3,5.769,0,2009-10-03
2009,10,4,5.798,0,2009-10-04
2009,10,5,5.852,0,2009-10-05
2009,10,6,5.846,0,2009-10-06
2009,10,7,5.878,0,2009-10-07
2009,10,8,5.915,0,2009-10-08
2009,10,9,5.962,0,2009-10-09
2009,10,10,6.219,0,2009-10-10
2009,10,11,6.432,0,2009-10-11
2009,10,12,6.526,0,2009-10-12
2009,10,13,6.522,0,2009-10-13
2009,10,14,6.665,0,2009-10-14
2009,10,15,6.838,0,2009-10-15
2009,10,16,6.856,0,2009-10-16
2009,10,17,6.942,0,2009-10-17
2009,10,18,7.073,0,2009-10-18
2009,10,19,7.196,0,2009-10-19
2009,10,20,7.307,0,2009-10-20
2009,10,21,7.385,0,2009-10-21
2009,10,22,7.529,0,2009-10-22
2009,10,23,7.608,0,2009-10-23
2009,10,24,7.665,0,2009-10-24
2009,10,25,7.646,0,2009-10-25
2009,10,26,7.822,0,2009-10-26
2009,10,27,8.02,0,2009-10-27
2009,10,28,8.189,0,2009-10-28
2009,10,29,8.386,0,2009-10-29
2009,10,30,8.543,0,2009-10-30
2009,10,31,8.685,0,2009-10-31
2009,11,1,8.723,0,2009-11-01
2009,11,2,8.758,0,2009-11-02
2009,11,3,8.807,0,2009-11-03
2009,11,4,8.824,0,2009-11-04
2009,11,5,8.882,0,2009-11-05
2009,11,6,9.012,0,2009-11-06
2009,11,7,9.086,0,2009-11-07
2009,11,8,9.07,0,2009-11-08
2009,11,9,9.187,0,2009-11-09
2009,11,10,9.249,0,2009-11-10
2009,11,11,9.318,0,2009-11-11
2009,11,12,9.283,0,2009-11-12
2009,11,13,9.324,0,2009-11-13
2009,11,14,9.465,0,2009-11-14
2009,11,15,9.714,0,2009-11-15
2009,11,16,9.835,0,2009-11-16
2009,11,17,9.919,0,2009-11-17
2009,11,18,10.001,0,2009-11-18
2009,11,19,10.09,0,2009-11-19
2009,11,20,10.141,0,2009-11-20
2009,11,21,10.207,0,2009-11-21
2009,11,22,10.332,0,2009-11-22
2009,11,23,10.465,0,2009-11-23
2009,11,24,10.575,0,2009-11-24
2009,11,25,10.66,0,2009-11-25
2009,11,26,10.774,0,2009-11-26
2009,11,27,10.804,0,2009-11-27
2009,11,28,10.858,0,2009-11-28
2009,11,29,10.86,0,2009-11-29
2009,11,30,10.929,0,2009-11-30
2009,12,1,11.13,0,2009-12-01
2009,12,2,11.256,0,2009-12-02
2009,12,3,11.318,0,2009-12-03
2009,12,4,11.416,0,2009-12-04
2009,12,5,11.631,0,2009-12-05
2009,12,6,11.529,0,2009-12-06
2009,12,7,11.585,0,2009-12-07
2009,12,8,11.56,0,2009-12-08
2009,12,9,11.592,0,2009-12-09
2009,12,10,11.681,0,2009-12-10
2009,12,11,11.695,0,2009-12-11
2009,12,12,11.842,0,2009-12-12
2009,12,13,11.957,0,2009-12-13
2009,12,14,12.121,0,2009-12-14
2009,12,15,12.215,0,2009-12-15
2009,12,16,12.344,0,2009-12-16
2009,12,17,12.433,0,2009-12-17
2009,12,18,12.504,0,2009-12-18
2009,12,19,12.488,0,2009-12-19
2009,12,20,12.527,0,2009-12-20
2009,12,21,12.617,0,2009-12-21
2009,12,22,12.64,0,2009-12-22
2009,12,23,12.639,0,2009-12-23
2009,12,24,12.688,0,2009-12-24
2009,12,25,12.744,0,2009-12-25
2009,12,26,12.87,0,2009-12-26
2009,12,27,12.868,0,2009-12-27
2009,12,28,13.024,0,2009-12-28
2009,12,29,13.103,0,2009-12-29
2009,12,30,13.118,0,2009-12-30
2009,12,31,13.061,0,2009-12-31
2010,1,1,13.205,0,2010-01-01
2010,1,2,13.232,0,2010-01-02
2010,1,3,13.254,0,2010-01-03
2010,1,4,13.236,0,2010-01-04
2010,1,5,13.337,0,2010-01-05
2010,1,6,13.458,0,2010-01-06
2010,1,7,13.499,0,2010-01-07
2010,1,8,13.536,0,2010-01-08
2010,1,9,13.584,0,2010-01-09
2010,1,10,13.603,0,2010-01-10
2010,1,11,13.695,0,2010-01-11
2010,1,12,13.672,0,2010-01-12
2010,1,13,13.728,0,2010-01-13
2010,1,14,13.76,0,2010-01-14
2010,1,15,13.846,0,2010-01-15
2010,1,16,13.82,0,2010-01-16
2010,1,17,13.812,0,2010-01-17
2010,1,18,13.826,0,2010-01-18
2010,1,19,13.881,0,2010-01-19
2010,1,20,13.96,0,2010-01-20
2010,1,21,13.94,0,2010-01-21
2010,1,22,13.889,0,2010-01-22
2010,1,23,13.866,0,2010-01-23
2010,1,24,13.904,0,2010-01-24
2010,1,25,13.991,0,2010-01-25
2010,1,26,14.089,0,2010-01-26
2010,1,27,14.045,0,2010-01-27
2010,1,28,13.949,0,2010-01-28
2010,1,29,14.041,0,2010-01-29
2010,1,30,14.111,0,2010-01-30
2010,1,31,14.142,0,2010-01-31
2010,2,1,14.209,0,2010-02-01
2010,2,2,14.266,0,2010-02-02
2010,2,3,14.255,0,2010-02-03
2010,2,4,14.309,0,2010-02-04
2010,2,5,14.317,0,2010-02-05
2010,2,6,14.319,0,2010-02-06
2010,2,7,14.24,0,2010-02-07
2010,2,8,14.322,0,2010-02-08
2010,2,9,14.441,0,2010-02-09
2010,2,10,14.365,0,2010-02-10
2010,2,11,14.394,0,2010-02-11
2010,2,12,14.515,0,2010-02-12
2010,2,13,14.556,0,2010-02-13
2010,2,14,14.652,0,2010-02-14
2010,2,15,14.685,0,2010-02-15
2010,2,16,14.715,0,2010-02-16
2010,2,17,14.823,0,2010-02-17
2010,2,18,14.853,0,2010-02-18
2010,2,19,14.775,0,2010-02-19
2010,2,20,14.729,0,2010-02-20
2010,2,21,14.733,0,2010-02-21
2010,2,22,14.84,0,2010-02-22
2010,2,23,14.875,0,2010-02-23
2010,2,24,14.812,0,2010-02-24
2010,2,25,14.803,0,2010-02-25
2010,2,26,14.767,0,2010-02-26
2010,2,27,14.789,0,2010-02-27
2010,2,28,14.921,0,2010-02-28
2010,3,1,14.914,0,2010-03-01
2010,3,2,15.019,0,2010-03-02
2010,3,3,15.037,0,2010-03-03
2010,3,4,15.14,0,2010-03-04
2010,3,5,15.233,0,2010-03-05
2010,3,6,15.216,0,2010-03-06
2010,3,7,15.165,0,2010-03-07
2010,3,8,15.148,0,2010-03-08
2010,3,9,15.1,0,2010-03-09
2010,3,10,15.113,0,2010-03-10
2010,3,11,15.072,0,2010-03-11
2010,3,12,15.098,0,2010-03-12
2010,3,13,15.122,0,2010-03-13
2010,3,14,15.104,0,2010-03-14
2010,3,15,15.1,0,2010-03-15
2010,3,16,15.142,0,2010-03-16
2010,3,17,15.173,0,2010-03-17
2010,3,18,15.171,0,2010-03-18
2010,3,19,15.134,0,2010-03-19
2010,3,20,15.122,0,2010-03-20
2010,3,21,15.129,0,2010-03-21
2010,3,22,15.058,0,2010-03-22
2010,3,23,15.052,0,2010-03-23
2010,3,24,15.179,0,2010-03-24
2010,3,25,15.118,0,2010-03-25
2010,3,26,15.174,0,2010-03-26
2010,3,27,15.149,0,2010-03-27
2010,3,28,15.147,0,2010-03-28
2010,3,29,15.248,0,2010-03-29
2010,3,30,15.31,0,2010-03-30
2010,3,31,15.351,0,2010-03-31
2010,4,1,15.279,0,2010-04-01
2010,4,2,15.229,0,2010-04-02
2010,4,3,15.149,0,2010-04-03
2010,4,4,15.122,0,2010-04-04
2010,4,5,15.053,0,2010-04-05
2010,4,6,15.054,0,2010-04-06
2010,4,7,14.995,0,2010-04-07
2010,4,8,14.978,0,2010-04-08
2010,4,9,14.967,0,2010-04-09
2010,4,10,14.882,0,2010-04-10
2010,4,11,14.805,0,2010-04-11
2010,4,12,14.751,0,2010-04-12
2010,4,13,14.704,0,2010-04-13
2010,4,14,14.694,0,2010-04-14
2010,4,15,14.621,0,2010-04-15
2010,4,16,14.589,0,2010-04-16
2010,4,17,14.581,0,2010-04-17
2010,4,18,14.527,0,2010-04-18
2010,4,19,14.499,0,2010-04-19
2010,4,20,14.492,0,2010-04-20
2010,4,21,14.451,0,2010-04-21
2010,4,22,14.443,0,2010-04-22
2010,4,23,14.42,0,2010-04-23
2010,4,24,14.343,0,2010-04-24
2010,4,25,14.261,0,2010-04-25
2010,4,26,14.223,0,2010-04-26
2010,4,27,14.292,0,2010-04-27
2010,4,28,14.177,0,2010-04-28
2010,4,29,14.147,0,2010-04-29
2010,4,30,14.034,0,2010-04-30
2010,5,1,13.88,0,2010-05-01
2010,5,2,13.821,0,2010-05-02
2010,5,3,13.7,0,2010-05-03
2010,5,4,13.641,0,2010-05-04
2010,5,5,13.549,0,2010-05-05
2010,5,6,13.54,0,2010-05-06
2010,5,7,13.47,0,2010-05-07
2010,5,8,13.415,0,2010-05-08
2010,5,9,13.341,0,2010-05-09
2010,5,10,13.224,0,2010-05-10
2010,5,11,13.137,0,2010-05-11
2010,5,12,13.159,0,2010-05-12
2010,5,13,13.099,0,2010-05-13
2010,5,14,13.005,0,2010-05-14
2010,5,15,12.955,0,2010-05-15
2010,5,16,12.864,0,2010-05-16
2010,5,17,12.782,0,2010-05-17
2010,5,18,12.685,0,2010-05-18
2010,5,19,12.64,0,2010-05-19
2010,5,20,12.573,0,2010-05-20
2010,5,21,12.508,0,2010-05-21
2010,5,22,12.455,0,2010-05-22
2010,5,23,12.375,0,2010-05-23
2010,5,24,12.328,0,2010-05-24
2010,5,25,12.294,0,2010-05-25
2010,5,26,12.204,0,2010-05-26
2010,5,27,12.105,0,2010-05-27
2010,5,28,12.115,0,2010-05-28
2010,5,29,12.052,0,2010-05-29
2010,5,30,12.003,0,2010-05-30
2010,5,31,11.93,0,2010-05-31
2010,6,1,11.795,0,2010-06-01
2010,6,2,11.691,0,2010-06-02
2010,6,3,11.634,0,2010-06-03
2010,6,4,11.57,0,2010-06-04
2010,6,5,11.495,0,2010-06-05
2010,6,6,11.407,0,2010-06-06
2010,6,7,11.369,0,2010-06-07
2010,6,8,11.254,0,2010-06-08
2010,6,9,11.162,0,2010-06-09
2010,6,10,11.076,0,2010-06-10
2010,6,11,10.996,0,2010-06-11
2010,6,12,10.906,0,2010-06-12
2010,6,13,10.89,0,2010-06-13
2010,6,14,10.811,0,2010-06-14
2010,6,15,10.748,0,2010-06-15
2010,6,16,10.693,0,2010-06-16
2010,6,17,10.642,0,2010-06-17
2010,6,18,10.399,0,2010-06-18
2010,6,19,10.315,0,2010-06-19
2010,6,20,10.131,0,2010-06-20
2010,6,21,10.104,0,2010-06-21
2010,6,22,10.014,0,2010-06-22
2010,6,23,9.981,0,2010-06-23
2010,6,24,9.814,0,2010-06-24
2010,6,25,9.694,0,2010-06-25
2010,6,26,9.645,0,2010-06-26
2010,6,27,9.501,0,2010-06-27
2010,6,28,9.328,0,2010-06-28
2010,6,29,9.231,0,2010-06-29
2010,6,30,9.257,0,2010-06-30
2010,7,1,9.022,0,2010-07-01
2010,7,2,8.943,0,2010-07-02
2010,7,3,8.987,0,2010-07-03
2010,7,4,8.938,0,2010-07-04
2010,7,5,8.89,0,2010-07-05
2010,7,6,8.774,0,2010-07-06
2010,7,7,8.721,0,2010-07-07
2010,7,8,8.746,0,2010-07-08
2010,7,9,8.669,0,2010-07-09
2010,7,10,8.611,0,2010-07-10
2010,7,11,8.58,0,2010-07-11
2010,7,12,8.509,0,2010-07-12
2010,7,13,8.369,0,2010-07-13
2010,7,14,8.311,0,2010-07-14
2010,7,15,8.253,0,2010-07-15
2010,7,16,8.189,0,2010-07-16
2010,7,17,8.117,0,2010-07-17
2010,7,18,7.959,0,2010-07-18
2010,7,19,7.799,0,2010-07-19
2010,7,20,7.805,0,2010-07-20
2010,7,21,7.749,0,2010-07-21
2010,7,22,7.658,0,2010-07-22
2010,7,23,7.461,0,2010-07-23
2010,7,24,7.458,0,2010-07-24
2010,7,25,7.378,0,2010-07-25
2010,7,26,7.32,0,2010-07-26
2010,7,27,7.202,0,2010-07-27
2010,7,28,7.193,0,2010-07-28
2010,7,29,7.034,0,2010-07-29
2010,7,30,6.9,0,2010-07-30
2010,7,31,6.77,0,2010-07-31
2010,8,1,6.623,0,2010-08-01
2010,8,2,6.565,0,2010-08-02
2010,8,3,6.574,0,2010-08-03
2010,8,4,6.558,0,2010-08-04
2010,8,5,6.449,0,2010-08-05
2010,8,6,6.365,0,2010-08-06
2010,8,7,6.303,0,2010-08-07
2010,8,8,6.263,0,2010-08-08
2010,8,9,6.217,0,2010-08-09
2010,8,10,6.209,0,2010-08-10
2010,8,11,6.086,0,2010-08-11
2010,8,12,6.055,0,2010-08-12
2010,8,13,6.013,0,2010-08-13
2010,8,14,5.949,0,2010-08-14
2010,8,15,5.947,0,2010-08-15
2010,8,16,5.928,0,2010-08-16
2010,8,17,5.855,0,2010-08-17
2010,8,18,5.789,0,2010-08-18
2010,8,19,5.742,0,2010-08-19
2010,8,20,5.679,0,2010-08-20
2010,8,21,5.596,0,2010-08-21
2010,8,22,5.54,0,2010-08-22
2010,8,23,5.508,0,2010-08-23
2010,8,24,5.479,0,2010-08-24
2010,8,25,5.396,0,2010-08-25
2010,8,26,5.337,0,2010-08-26
2010,8,27,5.278,0,2010-08-27
2010,8,28,5.272,0,2010-08-28
2010,8,29,5.216,0,2010-08-29
2010,8,30,5.184,0,2010-08-30
2010,8,31,5.147,0,2010-08-31
2010,9,1,5.129,0,2010-09-01
2010,9,2,5.074,0,2010-09-02
2010,9,3,5.023,0,2010-09-03
2010,9,4,4.95,0,2010-09-04
2010,9,5,4.925,0,2010-09-05
2010,9,6,4.913,0,2010-09-06
2010,9,7,4.813,0,2010-09-07
2010,9,8,4.753,0,2010-09-08
2010,9,9,4.75,0,2010-09-09
2010,9,10,4.758,0,2010-09-10
2010,9,11,4.821,0,2010-09-11
2010,9,12,4.777,0,2010-09-12
2010,9,13,4.812,0,2010-09-13
2010,9,14,4.808,0,2010-09-14
2010,9,15,4.73,0,2010-09-15
2010,9,16,4.709,0,2010-09-16
2010,9,17,4.618,0,2010-09-17
2010,9,18,4.628,0,2010-09-18
2010,9,19,4.59,0,2010-09-19
2010,9,20,4.602,0,2010-09-20
2010,9,21,4.637,0,2010-09-21
2010,9,22,4.662,0,2010-09-22
2010,9,23,4.718,0,2010-09-23
2010,9,24,4.805,0,2010-09-24
2010,9,25,4.898,0,2010-09-25
2010,9,26,5.003,0,2010-09-26
2010,9,27,5.178,0,2010-09-27
2010,9,28,5.249,0,2010-09-28
2010,9,29,5.285,0,2010-09-29
2010,9,30,5.334,0,2010-09-30
2010,10,1,5.451,0,2010-10-01
2010,10,2,5.569,0,2010-10-02
2010,10,3,5.674,0,2010-10-03
2010,10,4,5.845,0,2010-10-04
2010,10,5,5.898,0,2010-10-05
2010,10,6,5.944,0,2010-10-06
2010,10,7,5.939,0,2010-10-07
2010,10,8,6.063,0,2010-10-08
2010,10,9,6.222,0,2010-10-09
2010,10,10,6.458,0,2010-10-10
2010,10,11,6.649,0,2010-10-11
2010,10,12,6.679,0,2010-10-12
2010,10,13,6.741,0,2010-10-13
2010,10,14,6.85,0,2010-10-14
2010,10,15,6.913,0,2010-10-15
2010,10,16,7.018,0,2010-10-16
2010,10,17,7.109,0,2010-10-17
2010,10,18,7.322,0,2010-10-18
2010,10,19,7.451,0,2010-10-19
2010,10,20,7.508,0,2010-10-20
2010,10,21,7.628,0,2010-10-21
2010,10,22,7.711,0,2010-10-22
2010,10,23,7.738,0,2010-10-23
2010,10,24,7.772,0,2010-10-24
2010,10,25,7.799,0,2010-10-25
2010,10,26,7.872,0,2010-10-26
2010,10,27,7.995,0,2010-10-27
2010,10,28,8.022,0,2010-10-28
2010,10,29,8.076,0,2010-10-29
2010,10,30,8.202,0,2010-10-30
2010,10,31,8.383,0,2010-10-31
2010,11,1,8.533,0,2010-11-01
2010,11,2,8.734,0,2010-11-02
2010,11,3,8.891,0,2010-11-03
2010,11,4,8.968,0,2010-11-04
2010,11,5,8.972,0,2010-11-05
2010,11,6,9.016,0,2010-11-06
2010,11,7,9.106,0,2010-11-07
2010,11,8,9.169,0,2010-11-08
2010,11,9,9.3,0,2010-11-09
2010,11,10,9.373,0,2010-11-10
2010,11,11,9.456,0,2010-11-11
2010,11,12,9.521,0,2010-11-12
2010,11,13,9.522,0,2010-11-13
2010,11,14,9.593,0,2010-11-14
2010,11,15,9.647,0,2010-11-15
2010,11,16,9.686,0,2010-11-16
2010,11,17,9.717,0,2010-11-17
2010,11,18,9.745,0,2010-11-18
2010,11,19,9.827,0,2010-11-19
2010,11,20,9.888,0,2010-11-20
2010,11,21,9.939,0,2010-11-21
2010,11,22,9.958,0,2010-11-22
2010,11,23,10.005,0,2010-11-23
2010,11,24,10.002,0,2010-11-24
2010,11,25,10.078,0,2010-11-25
2010,11,26,10.155,0,2010-11-26
2010,11,27,10.274,0,2010-11-27
2010,11,28,10.347,0,2010-11-28
2010,11,29,10.48,0,2010-11-29
2010,11,30,10.517,0,2010-11-30
2010,12,1,10.673,0,2010-12-01
2010,12,2,10.797,0,2010-12-02
2010,12,3,10.913,0,2010-12-03
2010,12,4,10.995,0,2010-12-04
2010,12,5,11.164,0,2010-12-05
2010,12,6,11.24,0,2010-12-06
2010,12,7,11.247,0,2010-12-07
2010,12,8,11.354,0,2010-12-08
2010,12,9,11.524,0,2010-12-09
2010,12,10,11.539,0,2010-12-10
2010,12,11,11.74,0,2010-12-11
2010,12,12,11.78,0,2010-12-12
2010,12,13,11.854,0,2010-12-13
2010,12,14,12.051,0,2010-12-14
2010,12,15,12.05,0,2010-12-15
2010,12,16,12.013,0,2010-12-16
2010,12,17,11.943,0,2010-12-17
2010,12,18,11.928,0,2010-12-18
2010,12,19,11.974,0,2010-12-19
2010,12,20,11.976,0,2010-12-20
2010,12,21,12.104,0,2010-12-21
2010,12,22,12.205,0,2010-12-22
2010,12,23,12.279,0,2010-12-23
2010,12,24,12.351,0,2010-12-24
2010,12,25,12.311,0,2010-12-25
2010,12,26,12.31,0,2010-12-26
2010,12,27,12.358,0,2010-12-27
2010,12,28,12.398,0,2010-12-28
2010,12,29,12.457,0,2010-12-29
2010,12,30,12.558,0,2010-12-30
2010,12,31,12.67,0,2010-12-31
2011,1,1,12.896,0,2011-01-01
2011,1,2,12.915,0,2011-01-02
2011,1,3,12.926,0,2011-01-03
2011,1,4,13.051,0,2011-01-04
2011,1,5,13.176,0,2011-01-05
2011,1,6,13.169,0,2011-01-06
2011,1,7,13.173,0,2011-01-07
2011,1,8,13.184,0,2011-01-08
2011,1,9,13.153,0,2011-01-09
2011,1,10,13.177,0,2011-01-10
2011,1,11,13.212,0,2011-01-11
2011,1,12,13.221,0,2011-01-12
2011,1,13,13.331,0,2011-01-13
2011,1,14,13.403,0,2011-01-14
2011,1,15,13.489,0,2011-01-15
2011,1,16,13.509,0,2011-01-16
2011,1,17,13.482,0,2011-01-17
2011,1,18,13.506,0,2011-01-18
2011,1,19,13.637,0,2011-01-19
2011,1,20,13.609,0,2011-01-20
2011,1,21,13.59,0,2011-01-21
2011,1,22,13.669,0,2011-01-22
2011,1,23,13.66,0,2011-01-23
2011,1,24,13.769,0,2011-01-24
2011,1,25,13.745,0,2011-01-25
2011,1,26,13.767,0,2011-01-26
2011,1,27,13.932,0,2011-01-27
2011,1,28,13.998,0,2011-01-28
2011,1,29,13.968,0,2011-01-29
2011,1,30,13.999,0,2011-01-30
2011,1,31,14.067,0,2011-01-31
2011,2,1,14.117,0,2011-02-01
2011,2,2,14.155,0,2011-02-02
2011,2,3,14.16,0,2011-02-03
2011,2,4,14.158,0,2011-02-04
2011,2,5,14.157,0,2011-02-05
2011,2,6,14.217,0,2011-02-06
2011,2,7,14.198,0,2011-02-07
2011,2,8,14.319,0,2011-02-08
2011,2,9,14.221,0,2011-02-09
2011,2,10,14.265,0,2011-02-10
2011,2,11,14.284,0,2011-02-11
2011,2,12,14.302,0,2011-02-12
2011,2,13,14.404,0,2011-02-13
2011,2,14,14.379,0,2011-02-14
2011,2,15,14.493,0,2011-02-15
2011,2,16,14.493,0,2011-02-16
2011,2,17,14.476,0,2011-02-17
2011,2,18,14.49,0,2011-02-18
2011,2,19,14.489,0,2011-02-19
2011,2,20,14.467,0,2011-02-20
2011,2,21,14.477,0,2011-02-21
2011,2,22,14.47,0,2011-02-22
2011,2,23,14.571,0,2011-02-23
2011,2,24,14.49,0,2011-02-24
2011,2,25,14.466,0,2011-02-25
2011,2,26,14.517,0,2011-02-26
2011,2,27,14.47,0,2011-02-27
2011,2,28,14.46,0,2011-02-28
2011,3,1,14.472,0,2011-03-01
2011,3,2,14.44,0,2011-03-02
2011,3,3,14.545,0,2011-03-03
2011,3,4,14.554,0,2011-03-04
2011,3,5,14.646,0,2011-03-05
2011,3,6,14.673,0,2011-03-06
2011,3,7,14.704,0,2011-03-07
2011,3,8,14.654,0,2011-03-08
2011,3,9,14.656,0,2011-03-09
2011,3,10,14.578,0,2011-03-10
2011,3,11,14.553,0,2011-03-11
2011,3,12,14.542,0,2011-03-12
2011,3,13,14.592,0,2011-03-13
2011,3,14,14.619,0,2011-03-14
2011,3,15,14.602,0,2011-03-15
2011,3,16,14.676,0,2011-03-16
2011,3,17,14.673,0,2011-03-17
2011,3,18,14.606,0,2011-03-18
2011,3,19,14.504,0,2011-03-19
2011,3,20,14.458,0,2011-03-20
2011,3,21,14.438,0,2011-03-21
2011,3,22,14.423,0,2011-03-22
2011,3,23,14.501,0,2011-03-23
2011,3,24,14.483,0,2011-03-24
2011,3,25,14.449,0,2011-03-25
2011,3,26,14.475,0,2011-03-26
2011,3,27,14.475,0,2011-03-27
2011,3,28,14.431,0,2011-03-28
2011,3,29,14.451,0,2011-03-29
2011,3,30,14.521,0,2011-03-30
2011,3,31,14.548,0,2011-03-31
2011,4,1,14.529,0,2011-04-01
2011,4,2,14.557,0,2011-04-02
2011,4,3,14.423,0,2011-04-03
2011,4,4,14.33,0,2011-04-04
2011,4,5,14.4,0,2011-04-05
2011,4,6,14.35,0,2011-04-06
2011,4,7,14.397,0,2011-04-07
2011,4,8,14.254,0,2011-04-08
2011,4,9,14.22,0,2011-04-09
2011,4,10,14.241,0,2011-04-10
2011,4,11,14.26,0,2011-04-11
2011,4,12,14.261,0,2011-04-12
2011,4,13,14.232,0,2011-04-13
2011,4,14,14.264,0,2011-04-14
2011,4,15,14.232,0,2011-04-15
2011,4,16,14.157,0,2011-04-16
2011,4,17,14.138,0,2011-04-17
2011,4,18,14.077,0,2011-04-18
2011,4,19,14.035,0,2011-04-19
2011,4,20,13.953,0,2011-04-20
2011,4,21,13.959,0,2011-04-21
2011,4,22,13.929,0,2011-04-22
2011,4,23,13.926,0,2011-04-23
2011,4,24,13.896,0,2011-04-24
2011,4,25,13.765,0,2011-04-25
2011,4,26,13.78,0,2011-04-26
2011,4,27,13.727,0,2011-04-27
2011,4,28,13.709,0,2011-04-28
2011,4,29,13.636,0,2011-04-29
2011,4,30,13.597,0,2011-04-30
2011,5,1,13.414,0,2011-05-01
2011,5,2,13.388,0,2011-05-02
2011,5,3,13.269,0,2011-05-03
2011,5,4,13.21,0,2011-05-04
2011,5,5,13.218,0,2011-05-05
2011,5,6,13.213,0,2011-05-06
2011,5,7,13.179,0,2011-05-07
2011,5,8,13.101,0,2011-05-08
2011,5,9,13.085,0,2011-05-09
2011,5,10,13.038,0,2011-05-10
2011,5,11,12.969,0,2011-05-11
2011,5,12,12.872,0,2011-05-12
2011,5,13,12.781,0,2011-05-13
2011,5,14,12.726,0,2011-05-14
2011,5,15,12.695,0,2011-05-15
2011,5,16,12.658,0,2011-05-16
2011,5,17,12.636,0,2011-05-17
2011,5,18,12.575,0,2011-05-18
2011,5,19,12.538,0,2011-05-19
2011,5,20,12.425,0,2011-05-20
2011,5,21,12.415,0,2011-05-21
2011,5,22,12.391,0,2011-05-22
2011,5,23,12.427,0,2011-05-23
2011,5,24,12.283,0,2011-05-24
2011,5,25,12.223,0,2011-05-25
2011,5,26,12.106,0,2011-05-26
2011,5,27,12.098,0,2011-05-27
2011,5,28,12.105,0,2011-05-28
2011,5,29,12.044,0,2011-05-29
2011,5,30,12.04,0,2011-05-30
2011,5,31,11.982,0,2011-05-31
2011,6,1,11.829,0,2011-06-01
2011,6,2,11.763,0,2011-06-02
2011,6,3,11.762,0,2011-06-03
2011,6,4,11.748,0,2011-06-04
2011,6,5,11.624,0,2011-06-05
2011,6,6,11.528,0,2011-06-06
2011,6,7,11.458,0,2011-06-07
2011,6,8,11.333,0,2011-06-08
2011,6,9,11.326,0,2011-06-09
2011,6,10,11.259,0,2011-06-10
2011,6,11,11.161,0,2011-06-11
2011,6,12,11.011,0,2011-06-12
2011,6,13,10.956,0,2011-06-13
2011,6,14,10.921,0,2011-06-14
2011,6,15,10.811,0,2011-06-15
2011,6,16,10.726,0,2011-06-16
2011,6,17,10.595,0,2011-06-17
2011,6,18,10.557,0,2011-06-18
2011,6,19,10.436,0,2011-06-19
2011,6,20,10.377,0,2011-06-20
2011,6,21,10.3,0,2011-06-21
2011,6,22,10.231,0,2011-06-22
2011,6,23,10.131,0,2011-06-23
2011,6,24,10.087,0,2011-06-24
2011,6,25,10.029,0,2011-06-25
2011,6,26,9.897,0,2011-06-26
2011,6,27,9.732,0,2011-06-27
2011,6,28,9.697,0,2011-06-28
2011,6,29,9.643,0,2011-06-29
2011,6,30,9.532,0,2011-06-30
2011,7,1,9.27,0,2011-07-01
2011,7,2,9.206,0,2011-07-02
2011,7,3,9.144,0,2011-07-03
2011,7,4,8.962,0,2011-07-04
2011,7,5,8.916,0,2011-07-05
2011,7,6,8.801,0,2011-07-06
2011,7,7,8.688,0,2011-07-07
2011,7,8,8.537,0,2011-07-08
2011,7,9,8.37,0,2011-07-09
2011,7,10,8.253,0,2011-07-10
2011,7,11,8.144,0,2011-07-11
2011,7,12,7.955,0,2011-07-12
2011,7,13,7.765,0,2011-07-13
2011,7,14,7.704,0,2011-07-14
2011,7,15,7.609,0,2011-07-15
2011,7,16,7.549,0,2011-07-16
2011,7,17,7.444,0,2011-07-17
2011,7,18,7.299,0,2011-07-18
2011,7,19,7.259,0,2011-07-19
2011,7,20,7.198,0,2011-07-20
2011,7,21,7.067,0,2011-07-21
2011,7,22,7.048,0,2011-07-22
2011,7,23,6.999,0,2011-07-23
2011,7,24,6.925,0,2011-07-24
2011,7,25,6.909,0,2011-07-25
2011,7,26,6.808,0,2011-07-26
2011,7,27,6.805,0,2011-07-27
2011,7,28,6.75,0,2011-07-28
2011,7,29,6.718,0,2011-07-29
2011,7,30,6.693,0,2011-07-30
2011,7,31,6.661,0,2011-07-31
2011,8,1,6.572,0,2011-08-01
2011,8,2,6.61,0,2011-08-02
2011,8,3,6.52,0,2011-08-03
2011,8,4,6.462,0,2011-08-04
2011,8,5,6.298,0,2011-08-05
2011,8,6,6.17,0,2011-08-06
2011,8,7,6.071,0,2011-08-07
2011,8,8,5.945,0,2011-08-08
2011,8,9,5.873,0,2011-08-09
2011,8,10,5.857,0,2011-08-10
2011,8,11,5.843,0,2011-08-11
2011,8,12,5.779,0,2011-08-12
2011,8,13,5.649,0,2011-08-13
2011,8,14,5.52,0,2011-08-14
2011,8,15,5.418,0,2011-08-15
2011,8,16,5.451,0,2011-08-16
2011,8,17,5.438,0,2011-08-17
2011,8,18,5.331,0,2011-08-18
2011,8,19,5.255,0,2011-08-19
2011,8,20,5.18,0,2011-08-20
2011,8,21,5.12,0,2011-08-21
2011,8,22,5.015,0,2011-08-22
2011,8,23,4.98,0,2011-08-23
2011,8,24,4.952,0,2011-08-24
2011,8,25,4.84,0,2011-08-25
2011,8,26,4.843,0,2011-08-26
2011,8,27,4.838,0,2011-08-27
2011,8,28,4.799,0,2011-08-28
2011,8,29,4.716,0,2011-08-29
2011,8,30,4.649,0,2011-08-30
2011,8,31,4.582,0,2011-08-31
2011,9,1,4.592,0,2011-09-01
2011,9,2,4.597,0,2011-09-02
2011,9,3,4.527,0,2011-09-03
2011,9,4,4.425,0,2011-09-04
2011,9,5,4.382,0,2011-09-05
2011,9,6,4.367,0,2011-09-06
2011,9,7,4.351,0,2011-09-07
2011,9,8,4.333,0,2011-09-08
2011,9,9,4.353,0,2011-09-09
2011,9,10,4.338,0,2011-09-10
2011,9,11,4.346,0,2011-09-11
2011,9,12,4.369,0,2011-09-12
2011,9,13,4.445,0,2011-09-13
2011,9,14,4.514,0,2011-09-14
2011,9,15,4.555,0,2011-09-15
2011,9,16,4.525,0,2011-09-16
2011,9,17,4.523,0,2011-09-17
2011,9,18,4.576,0,2011-09-18
2011,9,19,4.516,0,2011-09-19
2011,9,20,4.595,0,2011-09-20
2011,9,21,4.58,0,2011-09-21
2011,9,22,4.642,0,2011-09-22
2011,9,23,4.705,0,2011-09-23
2011,9,24,4.68,0,2011-09-24
2011,9,25,4.748,0,2011-09-25
2011,9,26,4.777,0,2011-09-26
2011,9,27,4.826,0,2011-09-27
2011,9,28,4.835,0,2011-09-28
2011,9,29,4.873,0,2011-09-29
2011,9,30,4.945,0,2011-09-30
2011,10,1,5.162,0,2011-10-01
2011,10,2,5.18,0,2011-10-02
2011,10,3,5.245,0,2011-10-03
2011,10,4,5.27,0,2011-10-04
2011,10,5,5.298,0,2011-10-05
2011,10,6,5.341,0,2011-10-06
2011,10,7,5.47,0,2011-10-07
2011,10,8,5.601,0,2011-10-08
2011,10,9,5.711,0,2011-10-09
2011,10,10,5.729,0,2011-10-10
2011,10,11,5.757,0,2011-10-11
2011,10,12,5.814,0,2011-10-12
2011,10,13,5.901,0,2011-10-13
2011,10,14,5.979,0,2011-10-14
2011,10,15,6.084,0,2011-10-15
2011,10,16,6.191,0,2011-10-16
2011,10,17,6.337,0,2011-10-17
2011,10,18,6.433,0,2011-10-18
2011,10,19,6.432,0,2011-10-19
2011,10,20,6.496,0,2011-10-20
2011,10,21,6.66,0,2011-10-21
2011,10,22,6.906,0,2011-10-22
2011,10,23,7.128,0,2011-10-23
2011,10,24,7.38,0,2011-10-24
2011,10,25,7.648,0,2011-10-25
2011,10,26,7.841,0,2011-10-26
2011,10,27,8.061,0,2011-10-27
2011,10,28,8.183,0,2011-10-28
2011,10,29,8.28,0,2011-10-29
2011,10,30,8.397,0,2011-10-30
2011,10,31,8.486,0,2011-10-31
2011,11,1,8.727,0,2011-11-01
2011,11,2,8.812,0,2011-11-02
2011,11,3,8.93,0,2011-11-03
2011,11,4,9.061,0,2011-11-04
2011,11,5,9.108,0,2011-11-05
2011,11,6,9.134,0,2011-11-06
2011,11,7,9.142,0,2011-11-07
2011,11,8,9.145,0,2011-11-08
2011,11,9,9.206,0,2011-11-09
2011,11,10,9.188,0,2011-11-10
2011,11,11,9.329,0,2011-11-11
2011,11,12,9.458,0,2011-11-12
2011,11,13,9.502,0,2011-11-13
2011,11,14,9.643,0,2011-11-14
2011,11,15,9.751,0,2011-11-15
2011,11,16,9.807,0,2011-11-16
2011,11,17,9.904,0,2011-11-17
2011,11,18,9.893,0,2011-11-18
2011,11,19,9.972,0,2011-11-19
2011,11,20,10.095,0,2011-11-20
2011,11,21,10.329,0,2011-11-21
2011,11,22,10.264,0,2011-11-22
2011,11,23,10.376,0,2011-11-23
2011,11,24,10.438,0,2011-11-24
2011,11,25,10.5,0,2011-11-25
2011,11,26,10.545,0,2011-11-26
2011,11,27,10.64,0,2011-11-27
2011,11,28,10.661,0,2011-11-28
2011,11,29,10.782,0,2011-11-29
2011,11,30,10.812,0,2011-11-30
2011,12,1,11.038,0,2011-12-01
2011,12,2,10.974,0,2011-12-02
2011,12,3,11.08,0,2011-12-03
2011,12,4,11.247,0,2011-12-04
2011,12,5,11.331,0,2011-12-05
2011,12,6,11.507,0,2011-12-06
2011,12,7,11.548,0,2011-12-07
2011,12,8,11.696,0,2011-12-08
2011,12,9,11.807,0,2011-12-09
2011,12,10,11.827,0,2011-12-10
2011,12,11,11.781,0,2011-12-11
2011,12,12,11.958,0,2011-12-12
2011,12,13,12.01,0,2011-12-13
2011,12,14,12.117,0,2011-12-14
2011,12,15,12.191,0,2011-12-15
2011,12,16,12.305,0,2011-12-16
2011,12,17,12.245,0,2011-12-17
2011,12,18,12.285,0,2011-12-18
2011,12,19,12.369,0,2011-12-19
2011,12,20,12.391,0,2011-12-20
2011,12,21,12.529,0,2011-12-21
2011,12,22,12.633,0,2011-12-22
2011,12,23,12.713,0,2011-12-23
2011,12,24,12.771,0,2011-12-24
2011,12,25,12.725,0,2011-12-25
2011,12,26,12.682,0,2011-12-26
2011,12,27,12.755,0,2011-12-27
2011,12,28,12.854,0,2011-12-28
2011,12,29,13.097,0,2011-12-29
2011,12,30,13.115,0,2011-12-30
2011,12,31,13.18,0,2011-12-31
2012,1,1,13.353,0,2012-01-01
2012,1,2,13.421,0,2012-01-02
2012,1,3,13.379,0,2012-01-03
2012,1,4,13.414,0,2012-01-04
2012,1,5,13.417,0,2012-01-05
2012,1,6,13.404,0,2012-01-06
2012,1,7,13.477,0,2012-01-07
2012,1,8,13.544,0,2012-01-08
2012,1,9,13.64,0,2012-01-09
2012,1,10,13.691,0,2012-01-10
2012,1,11,13.749,0,2012-01-11
2012,1,12,13.879,0,2012-01-12
2012,1,13,13.883,0,2012-01-13
2012,1,14,13.84,0,2012-01-14
2012,1,15,13.703,0,2012-01-15
2012,1,16,13.624,0,2012-01-16
2012,1,17,13.599,0,2012-01-17
2012,1,18,13.655,0,2012-01-18
2012,1,19,13.673,0,2012-01-19
2012,1,20,13.676,0,2012-01-20
2012,1,21,13.782,0,2012-01-21
2012,1,22,13.89,0,2012-01-22
2012,1,23,13.964,0,2012-01-23
2012,1,24,13.982,0,2012-01-24
2012,1,25,13.914,0,2012-01-25
2012,1,26,13.962,0,2012-01-26
2012,1,27,13.93,0,2012-01-27
2012,1,28,14.048,0,2012-01-28
2012,1,29,14.035,0,2012-01-29
2012,1,30,14.036,0,2012-01-30
2012,1,31,14.048,0,2012-01-31
2012,2,1,14.11,0,2012-02-01
2012,2,2,14.137,0,2012-02-02
2012,2,3,14.078,0,2012-02-03
2012,2,4,14.11,0,2012-02-04
2012,2,5,14.169,0,2012-02-05
2012,2,6,14.204,0,2012-02-06
2012,2,7,14.263,0,2012-02-07
2012,2,8,14.356,0,2012-02-08
2012,2,9,14.325,0,2012-02-09
2012,2,10,14.353,0,2012-02-10
2012,2,11,14.456,0,2012-02-11
2012,2,12,14.546,0,2012-02-12
2012,2,13,14.585,0,2012-02-13
2012,2,14,14.663,0,2012-02-14
2012,2,15,14.697,0,2012-02-15
2012,2,16,14.678,0,2012-02-16
2012,2,17,14.675,0,2012-02-17
2012,2,18,14.71,0,2012-02-18
2012,2,19,14.677,0,2012-02-19
2012,2,20,14.697,0,2012-02-20
2012,2,21,14.709,0,2012-02-21
2012,2,22,14.729,0,2012-02-22
2012,2,23,14.797,0,2012-02-23
2012,2,24,14.786,0,2012-02-24
2012,2,25,14.817,0,2012-02-25
2012,2,26,14.854,0,2012-02-26
2012,2,27,14.853,0,2012-02-27
2012,2,28,14.997,0,2012-02-28
2012,2,29,15.016,0,2012-02-29
2012,3,1,15.133,0,2012-03-01
2012,3,2,15.196,0,2012-03-02
2012,3,3,15.212,0,2012-03-03
2012,3,4,15.298,0,2012-03-04
2012,3,5,15.263,0,2012-03-05
2012,3,6,15.211,0,2012-03-06
2012,3,7,15.187,0,2012-03-07
2012,3,8,15.169,0,2012-03-08
2012,3,9,15.2,0,2012-03-09
2012,3,10,15.17,0,2012-03-10
2012,3,11,15.168,0,2012-03-11
2012,3,12,15.167,0,2012-03-12
2012,3,13,15.069,0,2012-03-13
2012,3,14,15.078,0,2012-03-14
2012,3,15,15.266,0,2012-03-15
2012,3,16,15.29,0,2012-03-16
2012,3,17,15.294,0,2012-03-17
2012,3,18,15.307,0,2012-03-18
2012,3,19,15.29,0,2012-03-19
2012,3,20,15.291,0,2012-03-20
2012,3,21,15.218,0,2012-03-21
2012,3,22,15.204,0,2012-03-22
2012,3,23,15.165,0,2012-03-23
2012,3,24,15.157,0,2012-03-24
2012,3,25,15.107,0,2012-03-25
2012,3,26,15.166,0,2012-03-26
2012,3,27,15.152,0,2012-03-27
2012,3,28,15.16,0,2012-03-28
2012,3,29,15.193,0,2012-03-29
2012,3,30,15.14,0,2012-03-30
2012,3,31,15.163,0,2012-03-31
2012,4,1,15.107,0,2012-04-01
2012,4,2,15.077,0,2012-04-02
2012,4,3,15.117,0,2012-04-03
2012,4,4,15.065,0,2012-04-04
2012,4,5,14.942,0,2012-04-05
2012,4,6,14.919,0,2012-04-06
2012,4,7,14.803,0,2012-04-07
2012,4,8,14.853,0,2012-04-08
2012,4,9,14.796,0,2012-04-09
2012,4,10,14.786,0,2012-04-10
2012,4,11,14.705,0,2012-04-11
2012,4,12,14.687,0,2012-04-12
2012,4,13,14.655,0,2012-04-13
2012,4,14,14.657,0,2012-04-14
2012,4,15,14.679,0,2012-04-15
2012,4,16,14.731,0,2012-04-16
2012,4,17,14.663,0,2012-04-17
2012,4,18,14.613,0,2012-04-18
2012,4,19,14.579,0,2012-04-19
2012,4,20,14.603,0,2012-04-20
2012,4,21,14.597,0,2012-04-21
2012,4,22,14.523,0,2012-04-22
2012,4,23,14.501,0,2012-04-23
2012,4,24,14.455,0,2012-04-24
2012,4,25,14.39,0,2012-04-25
2012,4,26,14.272,0,2012-04-26
2012,4,27,14.164,0,2012-04-27
2012,4,28,14.091,0,2012-04-28
2012,4,29,13.94,0,2012-04-29
2012,4,30,13.803,0,2012-04-30
2012,5,1,13.596,0,2012-05-01
2012,5,2,13.584,0,2012-05-02
2012,5,3,13.562,0,2012-05-03
2012,5,4,13.491,0,2012-05-04
2012,5,5,13.477,0,2012-05-05
2012,5,6,13.461,0,2012-05-06
2012,5,7,13.442,0,2012-05-07
2012,5,8,13.375,0,2012-05-08
2012,5,9,13.353,0,2012-05-09
2012,5,10,13.359,0,2012-05-10
2012,5,11,13.377,0,2012-05-11
2012,5,12,13.308,0,2012-05-12
2012,5,13,13.22,0,2012-05-13
2012,5,14,13.117,0,2012-05-14
2012,5,15,13.067,0,2012-05-15
2012,5,16,13.008,0,2012-05-16
2012,5,17,12.967,0,2012-05-17
2012,5,18,12.957,0,2012-05-18
2012,5,19,12.926,0,2012-05-19
2012,5,20,12.807,0,2012-05-20
2012,5,21,12.727,0,2012-05-21
2012,5,22,12.649,0,2012-05-22
2012,5,23,12.664,0,2012-05-23
2012,5,24,12.594,0,2012-05-24
2012,5,25,12.539,0,2012-05-25
2012,5,26,12.553,0,2012-05-26
2012,5,27,12.516,0,2012-05-27
2012,5,28,12.499,0,2012-05-28
2012,5,29,12.429,0,2012-05-29
2012,5,30,12.4,0,2012-05-30
2012,5,31,12.342,0,2012-05-31
2012,6,1,12.111,0,2012-06-01
2012,6,2,12.042,0,2012-06-02
2012,6,3,11.97,0,2012-06-03
2012,6,4,11.975,0,2012-06-04
2012,6,5,11.883,0,2012-06-05
2012,6,6,11.744,0,2012-06-06
2012,6,7,11.558,0,2012-06-07
2012,6,8,11.376,0,2012-06-08
2012,6,9,11.205,0,2012-06-09
2012,6,10,11.072,0,2012-06-10
2012,6,11,10.947,0,2012-06-11
2012,6,12,10.838,0,2012-06-12
2012,6,13,10.747,0,2012-06-13
2012,6,14,10.662,0,2012-06-14
2012,6,15,10.614,0,2012-06-15
2012,6,16,10.407,0,2012-06-16
2012,6,17,10.429,0,2012-06-17
2012,6,18,10.346,0,2012-06-18
2012,6,19,10.299,0,2012-06-19
2012,6,20,10.291,0,2012-06-20
2012,6,21,10.265,0,2012-06-21
2012,6,22,10.093,0,2012-06-22
2012,6,23,10.035,0,2012-06-23
2012,6,24,9.937,0,2012-06-24
2012,6,25,9.777,0,2012-06-25
2012,6,26,9.712,0,2012-06-26
2012,6,27,9.678,0,2012-06-27
2012,6,28,9.495,0,2012-06-28
2012,6,29,9.393,0,2012-06-29
2012,6,30,9.335,0,2012-06-30
2012,7,1,9.062,0,2012-07-01
2012,7,2,8.971,0,2012-07-02
2012,7,3,8.954,0,2012-07-03
2012,7,4,8.847,0,2012-07-04
2012,7,5,8.634,0,2012-07-05
2012,7,6,8.572,0,2012-07-06
2012,7,7,8.521,0,2012-07-07
2012,7,8,8.398,0,2012-07-08
2012,7,9,8.174,0,2012-07-09
2012,7,10,8.13,0,2012-07-10
2012,7,11,8.032,0,2012-07-11
2012,7,12,7.946,0,2012-07-12
2012,7,13,7.917,0,2012-07-13
2012,7,14,7.868,0,2012-07-14
2012,7,15,7.705,0,2012-07-15
2012,7,16,7.606,0,2012-07-16
2012,7,17,7.481,0,2012-07-17
2012,7,18,7.42,0,2012-07-18
2012,7,19,7.35,0,2012-07-19
2012,7,20,7.34,0,2012-07-20
2012,7,21,7.297,0,2012-07-21
2012,7,22,7.184,0,2012-07-22
2012,7,23,7.118,0,2012-07-23
2012,7,24,7.035,0,2012-07-24
2012,7,25,6.931,0,2012-07-25
2012,7,26,6.809,0,2012-07-26
2012,7,27,6.677,0,2012-07-27
2012,7,28,6.6,0,2012-07-28
2012,7,29,6.478,0,2012-07-29
2012,7,30,6.4,0,2012-07-30
2012,7,31,6.368,0,2012-07-31
2012,8,1,6.255,0,2012-08-01
2012,8,2,6.152,0,2012-08-02
2012,8,3,5.977,0,2012-08-03
2012,8,4,5.99,0,2012-08-04
2012,8,5,5.768,0,2012-08-05
2012,8,6,5.632,0,2012-08-06
2012,8,7,5.467,0,2012-08-07
2012,8,8,5.256,0,2012-08-08
2012,8,9,5.088,0,2012-08-09
2012,8,10,5.118,0,2012-08-10
2012,8,11,5.021,0,2012-08-11
2012,8,12,4.938,0,2012-08-12
2012,8,13,4.889,0,2012-08-13
2012,8,14,4.724,0,2012-08-14
2012,8,15,4.679,0,2012-08-15
2012,8,16,4.619,0,2012-08-16
2012,8,17,4.545,0,2012-08-17
2012,8,18,4.52,0,2012-08-18
2012,8,19,4.405,0,2012-08-19
2012,8,20,4.313,0,2012-08-20
2012,8,21,4.275,0,2012-08-21
2012,8,22,4.216,0,2012-08-22
2012,8,23,4.105,0,2012-08-23
2012,8,24,4.006,0,2012-08-24
2012,8,25,3.912,0,2012-08-25
2012,8,26,3.906,0,2012-08-26
2012,8,27,3.785,0,2012-08-27
2012,8,28,3.758,0,2012-08-28
2012,8,29,3.691,0,2012-08-29
2012,8,30,3.764,0,2012-08-30
2012,8,31,3.648,0,2012-08-31
2012,9,1,3.573,0,2012-09-01
2012,9,2,3.562,0,2012-09-02
2012,9,3,3.562,0,2012-09-03
2012,9,4,3.545,0,2012-09-04
2012,9,5,3.505,0,2012-09-05
2012,9,6,3.451,0,2012-09-06
2012,9,7,3.522,0,2012-09-07
2012,9,8,3.516,0,2012-09-08
2012,9,9,3.492,0,2012-09-09
2012,9,10,3.452,0,2012-09-10
2012,9,11,3.416,0,2012-09-11
2012,9,12,3.417,0,2012-09-12
2012,9,13,3.399,0,2012-09-13
2012,9,14,3.408,0,2012-09-14
2012,9,15,3.378,0,2012-09-15
2012,9,16,3.34,0,2012-09-16
2012,9,17,3.408,0,2012-09-17
2012,9,18,3.452,0,2012-09-18
2012,9,19,3.512,0,2012-09-19
2012,9,20,3.573,0,2012-09-20
2012,9,21,3.584,0,2012-09-21
2012,9,22,3.601,0,2012-09-22
2012,9,23,3.629,0,2012-09-23
2012,9,24,3.674,0,2012-09-24
2012,9,25,3.735,0,2012-09-25
2012,9,26,3.76,0,2012-09-26
2012,9,27,3.803,0,2012-09-27
2012,9,28,3.86,0,2012-09-28
2012,9,29,3.894,0,2012-09-29
2012,9,30,3.945,0,2012-09-30
2012,10,1,4.112,0,2012-10-01
2012,10,2,4.138,0,2012-10-02
2012,10,3,4.151,0,2012-10-03
2012,10,4,4.235,0,2012-10-04
2012,10,5,4.297,0,2012-10-05
2012,10,6,4.383,0,2012-10-06
2012,10,7,4.481,0,2012-10-07
2012,10,8,4.572,0,2012-10-08
2012,10,9,4.626,0,2012-10-09
2012,10,10,4.776,0,2012-10-10
2012,10,11,4.964,0,2012-10-11
2012,10,12,5.006,0,2012-10-12
2012,10,13,5.17,0,2012-10-13
2012,10,14,5.404,0,2012-10-14
2012,10,15,5.657,0,2012-10-15
2012,10,16,5.873,0,2012-10-16
2012,10,17,6.082,0,2012-10-17
2012,10,18,6.244,0,2012-10-18
2012,10,19,6.364,0,2012-10-19
2012,10,20,6.582,0,2012-10-20
2012,10,21,6.771,0,2012-10-21
2012,10,22,7.037,0,2012-10-22
2012,10,23,7.169,0,2012-10-23
2012,10,24,7.346,0,2012-10-24
2012,10,25,7.334,0,2012-10-25
2012,10,26,7.382,0,2012-10-26
2012,10,27,7.443,0,2012-10-27
2012,10,28,7.495,0,2012-10-28
2012,10,29,7.639,0,2012-10-29
2012,10,30,7.811,0,2012-10-30
2012,10,31,7.918,0,2012-10-31
2012,11,1,8.072,0,2012-11-01
2012,11,2,8.18,0,2012-11-02
2012,11,3,8.275,0,2012-11-03
2012,11,4,8.342,0,2012-11-04
2012,11,5,8.419,0,2012-11-05
2012,11,6,8.495,0,2012-11-06
2012,11,7,8.649,0,2012-11-07
2012,11,8,8.728,0,2012-11-08
2012,11,9,8.758,0,2012-11-09
2012,11,10,8.794,0,2012-11-10
2012,11,11,8.902,0,2012-11-11
2012,11,12,9.002,0,2012-11-12
2012,11,13,9.095,0,2012-11-13
2012,11,14,9.103,0,2012-11-14
2012,11,15,9.238,0,2012-11-15
2012,11,16,9.373,0,2012-11-16
2012,11,17,9.463,0,2012-11-17
2012,11,18,9.617,0,2012-11-18
2012,11,19,9.829,0,2012-11-19
2012,11,20,9.876,0,2012-11-20
2012,11,21,9.954,0,2012-11-21
2012,11,22,10.001,0,2012-11-22
2012,11,23,10.091,0,2012-11-23
2012,11,24,10.23,0,2012-11-24
2012,11,25,10.343,0,2012-11-25
2012,11,26,10.496,0,2012-11-26
2012,11,27,10.441,0,2012-11-27
2012,11,28,10.498,0,2012-11-28
2012,11,29,10.629,0,2012-11-29
2012,11,30,10.746,0,2012-11-30
2012,12,1,10.896,0,2012-12-01
2012,12,2,10.995,0,2012-12-02
2012,12,3,11.128,0,2012-12-03
2012,12,4,11.239,0,2012-12-04
2012,12,5,11.358,0,2012-12-05
2012,12,6,11.522,0,2012-12-06
2012,12,7,11.511,0,2012-12-07
2012,12,8,11.626,0,2012-12-08
2012,12,9,11.789,0,2012-12-09
2012,12,10,11.781,0,2012-12-10
2012,12,11,11.812,0,2012-12-11
2012,12,12,11.806,0,2012-12-12
2012,12,13,11.768,0,2012-12-13
2012,12,14,11.723,0,2012-12-14
2012,12,15,11.875,0,2012-12-15
2012,12,16,11.865,0,2012-12-16
2012,12,17,11.974,0,2012-12-17
2012,12,18,12.184,0,2012-12-18
2012,12,19,12.206,0,2012-12-19
2012,12,20,12.218,0,2012-12-20
2012,12,21,12.249,0,2012-12-21
2012,12,22,12.274,0,2012-12-22
2012,12,23,12.301,0,2012-12-23
2012,12,24,12.607,0,2012-12-24
2012,12,25,12.609,0,2012-12-25
2012,12,26,12.62,0,2012-12-26
2012,12,27,12.669,0,2012-12-27
2012,12,28,12.834,0,2012-12-28
2012,12,29,12.926,0,2012-12-29
2012,12,30,12.931,0,2012-12-30
2012,12,31,12.902,0,2012-12-31
2013,1,1,12.959,0,2013-01-01
2013,1,2,12.961,0,2013-01-02
2013,1,3,13.012,0,2013-01-03
2013,1,4,13.045,0,2013-01-04
2013,1,5,13.065,0,2013-01-05
2013,1,6,13.126,0,2013-01-06
2013,1,7,13.202,0,2013-01-07
2013,1,8,13.194,0,2013-01-08
2013,1,9,13.287,0,2013-01-09
2013,1,10,13.404,0,2013-01-10
2013,1,11,13.474,0,2013-01-11
2013,1,12,13.559,0,2013-01-12
2013,1,13,13.609,0,2013-01-13
2013,1,14,13.625,0,2013-01-14
2013,1,15,13.733,0,2013-01-15
2013,1,16,13.823,0,2013-01-16
2013,1,17,13.912,0,2013-01-17
2013,1,18,13.88,0,2013-01-18
2013,1,19,13.971,0,2013-01-19
2013,1,20,14.012,0,2013-01-20
2013,1,21,14.032,0,2013-01-21
2013,1,22,13.981,0,2013-01-22
2013,1,23,14.015,0,2013-01-23
2013,1,24,14.082,0,2013-01-24
2013,1,25,14.222,0,2013-01-25
2013,1,26,14.204,0,2013-01-26
2013,1,27,14.243,0,2013-01-27
2013,1,28,14.285,0,2013-01-28
2013,1,29,14.312,0,2013-01-29
2013,1,30,14.281,0,2013-01-30
2013,1,31,14.272,0,2013-01-31
2013,2,1,14.378,0,2013-02-01
2013,2,2,14.335,0,2013-02-02
2013,2,3,14.411,0,2013-02-03
2013,2,4,14.484,0,2013-02-04
2013,2,5,14.405,0,2013-02-05
2013,2,6,14.37,0,2013-02-06
2013,2,7,14.467,0,2013-02-07
2013,2,8,14.592,0,2013-02-08
2013,2,9,14.625,0,2013-02-09
2013,2,10,14.614,0,2013-02-10
2013,2,11,14.611,0,2013-02-11
2013,2,12,14.697,0,2013-02-12
2013,2,13,14.729,0,2013-02-13
2013,2,14,14.764,0,2013-02-14
2013,2,15,14.771,0,2013-02-15
2013,2,16,14.816,0,2013-02-16
2013,2,17,14.918,0,2013-02-17
2013,2,18,14.833,0,2013-02-18
2013,2,19,14.802,0,2013-02-19
2013,2,20,14.798,0,2013-02-20
2013,2,21,14.828,0,2013-02-21
2013,2,22,14.8,0,2013-02-22
2013,2,23,14.82,0,2013-02-23
2013,2,24,14.987,0,2013-02-24
2013,2,25,15.086,0,2013-02-25
2013,2,26,15.11,0,2013-02-26
2013,2,27,15.09,0,2013-02-27
2013,2,28,15.118,0,2013-02-28
2013,3,1,15.144,0,2013-03-01
2013,3,2,15.088,0,2013-03-02
2013,3,3,15.003,0,2013-03-03
2013,3,4,14.999,0,2013-03-04
2013,3,5,15.001,0,2013-03-05
2013,3,6,15,0,2013-03-06
2013,3,7,15.055,0,2013-03-07
2013,3,8,15.075,0,2013-03-08
2013,3,9,15.089,0,2013-03-09
2013,3,10,15.067,0,2013-03-10
2013,3,11,15.172,0,2013-03-11
2013,3,12,15.151,0,2013-03-12
2013,3,13,15.181,0,2013-03-13
2013,3,14,15.196,0,2013-03-14
2013,3,15,15.136,0,2013-03-15
2013,3,16,15.129,0,2013-03-16
2013,3,17,15.137,0,2013-03-17
2013,3,18,15.09,0,2013-03-18
2013,3,19,15.119,0,2013-03-19
2013,3,20,15.037,0,2013-03-20
2013,3,21,15.013,0,2013-03-21
2013,3,22,14.97,0,2013-03-22
2013,3,23,14.924,0,2013-03-23
2013,3,24,14.866,0,2013-03-24
2013,3,25,14.884,0,2013-03-25
2013,3,26,14.962,0,2013-03-26
2013,3,27,14.935,0,2013-03-27
2013,3,28,14.902,0,2013-03-28
2013,3,29,14.948,0,2013-03-29
2013,3,30,14.889,0,2013-03-30
2013,3,31,14.831,0,2013-03-31
2013,4,1,14.787,0,2013-04-01
2013,4,2,14.768,0,2013-04-02
2013,4,3,14.722,0,2013-04-03
2013,4,4,14.647,0,2013-04-04
2013,4,5,14.616,0,2013-04-05
2013,4,6,14.743,0,2013-04-06
2013,4,7,14.673,0,2013-04-07
2013,4,8,14.623,0,2013-04-08
2013,4,9,14.622,0,2013-04-09
2013,4,10,14.593,0,2013-04-10
2013,4,11,14.576,0,2013-04-11
2013,4,12,14.542,0,2013-04-12
2013,4,13,14.497,0,2013-04-13
2013,4,14,14.397,0,2013-04-14
2013,4,15,14.346,0,2013-04-15
2013,4,16,14.345,0,2013-04-16
2013,4,17,14.245,0,2013-04-17
2013,4,18,14.164,0,2013-04-18
2013,4,19,14.181,0,2013-04-19
2013,4,20,14.124,0,2013-04-20
2013,4,21,14.123,0,2013-04-21
2013,4,22,14.054,0,2013-04-22
2013,4,23,14.065,0,2013-04-23
2013,4,24,13.988,0,2013-04-24
2013,4,25,13.897,0,2013-04-25
2013,4,26,13.784,0,2013-04-26
2013,4,27,13.793,0,2013-04-27
2013,4,28,13.744,0,2013-04-28
2013,4,29,13.683,0,2013-04-29
2013,4,30,13.62,0,2013-04-30
2013,5,1,13.477,0,2013-05-01
2013,5,2,13.478,0,2013-05-02
2013,5,3,13.422,0,2013-05-03
2013,5,4,13.435,0,2013-05-04
2013,5,5,13.349,0,2013-05-05
2013,5,6,13.353,0,2013-05-06
2013,5,7,13.373,0,2013-05-07
2013,5,8,13.304,0,2013-05-08
2013,5,9,13.299,0,2013-05-09
2013,5,10,13.244,0,2013-05-10
2013,5,11,13.219,0,2013-05-11
2013,5,12,13.189,0,2013-05-12
2013,5,13,13.137,0,2013-05-13
2013,5,14,13.145,0,2013-05-14
2013,5,15,13.077,0,2013-05-15
2013,5,16,13.047,0,2013-05-16
2013,5,17,12.963,0,2013-05-17
2013,5,18,12.901,0,2013-05-18
2013,5,19,12.872,0,2013-05-19
2013,5,20,12.833,0,2013-05-20
2013,5,21,12.799,0,2013-05-21
2013,5,22,12.809,0,2013-05-22
2013,5,23,12.716,0,2013-05-23
2013,5,24,12.721,0,2013-05-24
2013,5,25,12.711,0,2013-05-25
2013,5,26,12.653,0,2013-05-26
2013,5,27,12.556,0,2013-05-27
2013,5,28,12.507,0,2013-05-28
2013,5,29,12.455,0,2013-05-29
2013,5,30,12.478,0,2013-05-30
2013,5,31,12.393,0,2013-05-31
2013,6,1,12.24,0,2013-06-01
2013,6,2,12.161,0,2013-06-02
2013,6,3,12.159,0,2013-06-03
2013,6,4,12.13,0,2013-06-04
2013,6,5,12.087,0,2013-06-05
2013,6,6,11.959,0,2013-06-06
2013,6,7,11.882,0,2013-06-07
2013,6,8,11.862,0,2013-06-08
2013,6,9,11.854,0,2013-06-09
2013,6,10,11.768,0,2013-06-10
2013,6,11,11.707,0,2013-06-11
2013,6,12,11.619,0,2013-06-12
2013,6,13,11.524,0,2013-06-13
2013,6,14,11.494,0,2013-06-14
2013,6,15,11.492,0,2013-06-15
2013,6,16,11.472,0,2013-06-16
2013,6,17,11.387,0,2013-06-17
2013,6,18,11.342,0,2013-06-18
2013,6,19,11.218,0,2013-06-19
2013,6,20,11.182,0,2013-06-20
2013,6,21,11.114,0,2013-06-21
2013,6,22,11.078,0,2013-06-22
2013,6,23,10.965,0,2013-06-23
2013,6,24,10.834,0,2013-06-24
2013,6,25,10.746,0,2013-06-25
2013,6,26,10.584,0,2013-06-26
2013,6,27,10.448,0,2013-06-27
2013,6,28,10.293,0,2013-06-28
2013,6,29,10.188,0,2013-06-29
2013,6,30,10.015,0,2013-06-30
2013,7,1,9.666,0,2013-07-01
2013,7,2,9.596,0,2013-07-02
2013,7,3,9.457,0,2013-07-03
2013,7,4,9.306,0,2013-07-04
2013,7,5,9.177,0,2013-07-05
2013,7,6,9.084,0,2013-07-06
2013,7,7,8.972,0,2013-07-07
2013,7,8,8.909,0,2013-07-08
2013,7,9,8.795,0,2013-07-09
2013,7,10,8.718,0,2013-07-10
2013,7,11,8.682,0,2013-07-11
2013,7,12,8.386,0,2013-07-12
2013,7,13,8.283,0,2013-07-13
2013,7,14,8.262,0,2013-07-14
2013,7,15,8.193,0,2013-07-15
2013,7,16,8.04,0,2013-07-16
2013,7,17,7.884,0,2013-07-17
2013,7,18,7.83,0,2013-07-18
2013,7,19,7.779,0,2013-07-19
2013,7,20,7.711,0,2013-07-20
2013,7,21,7.505,0,2013-07-21
2013,7,22,7.412,0,2013-07-22
2013,7,23,7.355,0,2013-07-23
2013,7,24,7.354,0,2013-07-24
2013,7,25,7.289,0,2013-07-25
2013,7,26,7.169,0,2013-07-26
2013,7,27,7.195,0,2013-07-27
2013,7,28,7.038,0,2013-07-28
2013,7,29,7.03,0,2013-07-29
2013,7,30,7.029,0,2013-07-30
2013,7,31,6.976,0,2013-07-31
2013,8,1,6.904,0,2013-08-01
2013,8,2,6.804,0,2013-08-02
2013,8,3,6.654,0,2013-08-03
2013,8,4,6.613,0,2013-08-04
2013,8,5,6.644,0,2013-08-05
2013,8,6,6.619,0,2013-08-06
2013,8,7,6.505,0,2013-08-07
2013,8,8,6.441,0,2013-08-08
2013,8,9,6.369,0,2013-08-09
2013,8,10,6.325,0,2013-08-10
2013,8,11,6.265,0,2013-08-11
2013,8,12,6.21,0,2013-08-12
2013,8,13,6.128,0,2013-08-13
2013,8,14,6.067,0,2013-08-14
2013,8,15,6.032,0,2013-08-15
2013,8,16,5.934,0,2013-08-16
2013,8,17,5.929,0,2013-08-17
2013,8,18,5.864,0,2013-08-18
2013,8,19,5.784,0,2013-08-19
2013,8,20,5.789,0,2013-08-20
2013,8,21,5.713,0,2013-08-21
2013,8,22,5.624,0,2013-08-22
2013,8,23,5.668,0,2013-08-23
2013,8,24,5.611,0,2013-08-24
2013,8,25,5.589,0,2013-08-25
2013,8,26,5.518,0,2013-08-26
2013,8,27,5.472,0,2013-08-27
2013,8,28,5.387,0,2013-08-28
2013,8,29,5.332,0,2013-08-29
2013,8,30,5.346,0,2013-08-30
2013,8,31,5.279,0,2013-08-31
2013,9,1,5.275,0,2013-09-01
2013,9,2,5.273,0,2013-09-02
2013,9,3,5.249,0,2013-09-03
2013,9,4,5.171,0,2013-09-04
2013,9,5,5.156,0,2013-09-05
2013,9,6,5.164,0,2013-09-06
2013,9,7,5.161,0,2013-09-07
2013,9,8,5.09,0,2013-09-08
2013,9,9,5.053,0,2013-09-09
2013,9,10,5.071,0,2013-09-10
2013,9,11,5.058,0,2013-09-11
2013,9,12,5.051,0,2013-09-12
2013,9,13,5.04,0,2013-09-13
2013,9,14,5.077,0,2013-09-14
2013,9,15,5.095,0,2013-09-15
2013,9,16,5.083,0,2013-09-16
2013,9,17,5.077,0,2013-09-17
2013,9,18,5.074,0,2013-09-18
2013,9,19,5.108,0,2013-09-19
2013,9,20,5.115,0,2013-09-20
2013,9,21,5.154,0,2013-09-21
2013,9,22,5.193,0,2013-09-22
2013,9,23,5.24,0,2013-09-23
2013,9,24,5.285,0,2013-09-24
2013,9,25,5.331,0,2013-09-25
2013,9,26,5.386,0,2013-09-26
2013,9,27,5.451,0,2013-09-27
2013,9,28,5.536,0,2013-09-28
2013,9,29,5.566,0,2013-09-29
2013,9,30,5.665,0,2013-09-30
2013,10,1,5.871,0,2013-10-01
2013,10,2,5.939,0,2013-10-02
2013,10,3,6.007,0,2013-10-03
2013,10,4,6.06,0,2013-10-04
2013,10,5,6.192,0,2013-10-05
2013,10,6,6.27,0,2013-10-06
2013,10,7,6.402,0,2013-10-07
2013,10,8,6.62,0,2013-10-08
2013,10,9,6.682,0,2013-10-09
2013,10,10,6.789,0,2013-10-10
2013,10,11,6.91,0,2013-10-11
2013,10,12,7.075,0,2013-10-12
2013,10,13,7.227,0,2013-10-13
2013,10,14,7.374,0,2013-10-14
2013,10,15,7.427,0,2013-10-15
2013,10,16,7.541,0,2013-10-16
2013,10,17,7.699,0,2013-10-17
2013,10,18,7.825,0,2013-10-18
2013,10,19,7.88,0,2013-10-19
2013,10,20,7.992,0,2013-10-20
2013,10,21,8.029,0,2013-10-21
2013,10,22,8.129,0,2013-10-22
2013,10,23,8.237,0,2013-10-23
2013,10,24,8.281,0,2013-10-24
2013,10,25,8.386,0,2013-10-25
2013,10,26,8.449,0,2013-10-26
2013,10,27,8.528,0,2013-10-27
2013,10,28,8.633,0,2013-10-28
2013,10,29,8.773,0,2013-10-29
2013,10,30,8.882,0,2013-10-30
2013,10,31,8.991,0,2013-10-31
2013,11,1,9.158,0,2013-11-01
2013,11,2,9.227,0,2013-11-02
2013,11,3,9.26,0,2013-11-03
2013,11,4,9.298,0,2013-11-04
2013,11,5,9.31,0,2013-11-05
2013,11,6,9.34,0,2013-11-06
2013,11,7,9.304,0,2013-11-07
2013,11,8,9.189,0,2013-11-08
2013,11,9,9.318,0,2013-11-09
2013,11,10,9.493,0,2013-11-10
2013,11,11,9.595,0,2013-11-11
2013,11,12,9.575,0,2013-11-12
2013,11,13,9.582,0,2013-11-13
2013,11,14,9.617,0,2013-11-14
2013,11,15,9.742,0,2013-11-15
2013,11,16,9.77,0,2013-11-16
2013,11,17,9.857,0,2013-11-17
2013,11,18,10.083,0,2013-11-18
2013,11,19,10.156,0,2013-11-19
2013,11,20,10.222,0,2013-11-20
2013,11,21,10.297,0,2013-11-21
2013,11,22,10.393,0,2013-11-22
2013,11,23,10.502,0,2013-11-23
2013,11,24,10.519,0,2013-11-24
2013,11,25,10.555,0,2013-11-25
2013,11,26,10.708,0,2013-11-26
2013,11,27,10.87,0,2013-11-27
2013,11,28,10.973,0,2013-11-28
2013,11,29,11.101,0,2013-11-29
2013,11,30,11.157,0,2013-11-30
2013,12,1,11.345,0,2013-12-01
2013,12,2,11.404,0,2013-12-02
2013,12,3,11.601,0,2013-12-03
2013,12,4,11.745,0,2013-12-04
2013,12,5,11.745,0,2013-12-05
2013,12,6,11.72,0,2013-12-06
2013,12,7,11.715,0,2013-12-07
2013,12,8,11.73,0,2013-12-08
2013,12,9,11.75,0,2013-12-09
2013,12,10,11.925,0,2013-12-10
2013,12,11,12.031,0,2013-12-11
2013,12,12,12.112,0,2013-12-12
2013,12,13,12.144,0,2013-12-13
2013,12,14,12.183,0,2013-12-14
2013,12,15,12.325,0,2013-12-15
2013,12,16,12.25,0,2013-12-16
2013,12,17,12.206,0,2013-12-17
2013,12,18,12.207,0,2013-12-18
2013,12,19,12.315,0,2013-12-19
2013,12,20,12.275,0,2013-12-20
2013,12,21,12.328,0,2013-12-21
2013,12,22,12.415,0,2013-12-22
2013,12,23,12.444,0,2013-12-23
2013,12,24,12.476,0,2013-12-24
2013,12,25,12.572,0,2013-12-25
2013,12,26,12.659,0,2013-12-26
2013,12,27,12.693,0,2013-12-27
2013,12,28,12.87,0,2013-12-28
2013,12,29,12.897,0,2013-12-29
2013,12,30,12.804,0,2013-12-30
2013,12,31,12.826,0,2013-12-31
2014,1,1,13.011,0,2014-01-01
2014,1,2,13.103,0,2014-01-02
2014,1,3,13.116,0,2014-01-03
2014,1,4,13.219,0,2014-01-04
2014,1,5,13.148,0,2014-01-05
2014,1,6,13.142,0,2014-01-06
2014,1,7,13.243,0,2014-01-07
2014,1,8,13.161,0,2014-01-08
2014,1,9,13.236,0,2014-01-09
2014,1,10,13.398,0,2014-01-10
2014,1,11,13.475,0,2014-01-11
2014,1,12,13.52,0,2014-01-12
2014,1,13,13.456,0,2014-01-13
2014,1,14,13.514,0,2014-01-14
2014,1,15,13.574,0,2014-01-15
2014,1,16,13.631,0,2014-01-16
2014,1,17,13.715,0,2014-01-17
2014,1,18,13.727,0,2014-01-18
2014,1,19,13.778,0,2014-01-19
2014,1,20,13.848,0,2014-01-20
2014,1,21,13.855,0,2014-01-21
2014,1,22,13.987,0,2014-01-22
2014,1,23,13.997,0,2014-01-23
2014,1,24,14.029,0,2014-01-24
2014,1,25,14.131,0,2014-01-25
2014,1,26,14.209,0,2014-01-26
2014,1,27,14.218,0,2014-01-27
2014,1,28,14.162,0,2014-01-28
2014,1,29,14.139,0,2014-01-29
2014,1,30,14.132,0,2014-01-30
2014,1,31,14.198,0,2014-01-31
2014,2,1,14.241,0,2014-02-01
2014,2,2,14.341,0,2014-02-02
2014,2,3,14.293,0,2014-02-03
2014,2,4,14.291,0,2014-02-04
2014,2,5,14.363,0,2014-02-05
2014,2,6,14.286,0,2014-02-06
2014,2,7,14.315,0,2014-02-07
2014,2,8,14.254,0,2014-02-08
2014,2,9,14.363,0,2014-02-09
2014,2,10,14.307,0,2014-02-10
2014,2,11,14.174,0,2014-02-11
2014,2,12,14.218,0,2014-02-12
2014,2,13,14.284,0,2014-02-13
2014,2,14,14.365,0,2014-02-14
2014,2,15,14.396,0,2014-02-15
2014,2,16,14.451,0,2014-02-16
2014,2,17,14.446,0,2014-02-17
2014,2,18,14.381,0,2014-02-18
2014,2,19,14.5,0,2014-02-19
2014,2,20,14.56,0,2014-02-20
2014,2,21,14.594,0,2014-02-21
2014,2,22,14.602,0,2014-02-22
2014,2,23,14.562,0,2014-02-23
2014,2,24,14.573,0,2014-02-24
2014,2,25,14.566,0,2014-02-25
2014,2,26,14.656,0,2014-02-26
2014,2,27,14.651,0,2014-02-27
2014,2,28,14.659,0,2014-02-28
2014,3,1,14.629,0,2014-03-01
2014,3,2,14.658,0,2014-03-02
2014,3,3,14.688,0,2014-03-03
2014,3,4,14.72,0,2014-03-04
2014,3,5,14.811,0,2014-03-05
2014,3,6,14.804,0,2014-03-06
2014,3,7,14.773,0,2014-03-07
2014,3,8,14.559,0,2014-03-08
2014,3,9,14.616,0,2014-03-09
2014,3,10,14.617,0,2014-03-10
2014,3,11,14.711,0,2014-03-11
2014,3,12,14.816,0,2014-03-12
2014,3,13,14.929,0,2014-03-13
2014,3,14,14.889,0,2014-03-14
2014,3,15,14.923,0,2014-03-15
2014,3,16,14.937,0,2014-03-16
2014,3,17,14.957,0,2014-03-17
2014,3,18,14.973,0,2014-03-18
2014,3,19,14.936,0,2014-03-19
2014,3,20,15.007,0,2014-03-20
2014,3,21,14.949,0,2014-03-21
2014,3,22,14.785,0,2014-03-22
2014,3,23,14.754,0,2014-03-23
2014,3,24,14.7,0,2014-03-24
2014,3,25,14.716,0,2014-03-25
2014,3,26,14.715,0,2014-03-26
2014,3,27,14.653,0,2014-03-27
2014,3,28,14.638,0,2014-03-28
2014,3,29,14.497,0,2014-03-29
2014,3,30,14.538,0,2014-03-30
2014,3,31,14.585,0,2014-03-31
2014,4,1,14.541,0,2014-04-01
2014,4,2,14.541,0,2014-04-02
2014,4,3,14.475,0,2014-04-03
2014,4,4,14.573,0,2014-04-04
2014,4,5,14.61,0,2014-04-05
2014,4,6,14.547,0,2014-04-06
2014,4,7,14.479,0,2014-04-07
2014,4,8,14.47,0,2014-04-08
2014,4,9,14.464,0,2014-04-09
2014,4,10,14.348,0,2014-04-10
2014,4,11,14.358,0,2014-04-11
2014,4,12,14.171,0,2014-04-12
2014,4,13,14.174,0,2014-04-13
2014,4,14,14.202,0,2014-04-14
2014,4,15,14.147,0,2014-04-15
2014,4,16,14.039,0,2014-04-16
2014,4,17,13.945,0,2014-04-17
2014,4,18,13.837,0,2014-04-18
2014,4,19,13.797,0,2014-04-19
2014,4,20,13.814,0,2014-04-20
2014,4,21,13.802,0,2014-04-21
2014,4,22,13.762,0,2014-04-22
2014,4,23,13.797,0,2014-04-23
2014,4,24,13.804,0,2014-04-24
2014,4,25,13.711,0,2014-04-25
2014,4,26,13.738,0,2014-04-26
2014,4,27,13.671,0,2014-04-27
2014,4,28,13.624,0,2014-04-28
2014,4,29,13.637,0,2014-04-29
2014,4,30,13.558,0,2014-04-30
2014,5,1,13.35,0,2014-05-01
2014,5,2,13.262,0,2014-05-02
2014,5,3,13.2,0,2014-05-03
2014,5,4,13.18,0,2014-05-04
2014,5,5,13.125,0,2014-05-05
2014,5,6,13.046,0,2014-05-06
2014,5,7,13.054,0,2014-05-07
2014,5,8,12.978,0,2014-05-08
2014,5,9,12.938,0,2014-05-09
2014,5,10,12.906,0,2014-05-10
2014,5,11,12.877,0,2014-05-11
2014,5,12,12.778,0,2014-05-12
2014,5,13,12.716,0,2014-05-13
2014,5,14,12.701,0,2014-05-14
2014,5,15,12.676,0,2014-05-15
2014,5,16,12.672,0,2014-05-16
2014,5,17,12.678,0,2014-05-17
2014,5,18,12.647,0,2014-05-18
2014,5,19,12.595,0,2014-05-19
2014,5,20,12.568,0,2014-05-20
2014,5,21,12.531,0,2014-05-21
2014,5,22,12.524,0,2014-05-22
2014,5,23,12.504,0,2014-05-23
2014,5,24,12.442,0,2014-05-24
2014,5,25,12.354,0,2014-05-25
2014,5,26,12.323,0,2014-05-26
2014,5,27,12.278,0,2014-05-27
2014,5,28,12.222,0,2014-05-28
2014,5,29,12.195,0,2014-05-29
2014,5,30,12.238,0,2014-05-30
2014,5,31,12.164,0,2014-05-31
2014,6,1,12.052,0,2014-06-01
2014,6,2,12.005,0,2014-06-02
2014,6,3,11.913,0,2014-06-03
2014,6,4,11.85,0,2014-06-04
2014,6,5,11.724,0,2014-06-05
2014,6,6,11.714,0,2014-06-06
2014,6,7,11.751,0,2014-06-07
2014,6,8,11.709,0,2014-06-08
2014,6,9,11.665,0,2014-06-09
2014,6,10,11.531,0,2014-06-10
2014,6,11,11.492,0,2014-06-11
2014,6,12,11.401,0,2014-06-12
2014,6,13,11.323,0,2014-06-13
2014,6,14,11.295,0,2014-06-14
2014,6,15,11.085,0,2014-06-15
2014,6,16,11.139,0,2014-06-16
2014,6,17,11.141,0,2014-06-17
2014,6,18,10.997,0,2014-06-18
2014,6,19,10.863,0,2014-06-19
2014,6,20,10.787,0,2014-06-20
2014,6,21,10.676,0,2014-06-21
2014,6,22,10.562,0,2014-06-22
2014,6,23,10.395,0,2014-06-23
2014,6,24,10.301,0,2014-06-24
2014,6,25,10.296,0,2014-06-25
2014,6,26,10.236,0,2014-06-26
2014,6,27,10.063,0,2014-06-27
2014,6,28,9.835,0,2014-06-28
2014,6,29,9.56,0,2014-06-29
2014,6,30,9.617,0,2014-06-30
2014,7,1,9.324,0,2014-07-01
2014,7,2,9.234,0,2014-07-02
2014,7,3,9.125,0,2014-07-03
2014,7,4,9.067,0,2014-07-04
2014,7,5,8.964,0,2014-07-05
2014,7,6,8.907,0,2014-07-06
2014,7,7,8.879,0,2014-07-07
2014,7,8,8.708,0,2014-07-08
2014,7,9,8.653,0,2014-07-09
2014,7,10,8.534,0,2014-07-10
2014,7,11,8.392,0,2014-07-11
2014,7,12,8.378,0,2014-07-12
2014,7,13,8.293,0,2014-07-13
2014,7,14,8.18,0,2014-07-14
2014,7,15,8.074,0,2014-07-15
2014,7,16,7.999,0,2014-07-16
2014,7,17,7.898,0,2014-07-17
2014,7,18,7.864,0,2014-07-18
2014,7,19,7.839,0,2014-07-19
2014,7,20,7.778,0,2014-07-20
2014,7,21,7.68,0,2014-07-21
2014,7,22,7.631,0,2014-07-22
2014,7,23,7.649,0,2014-07-23
2014,7,24,7.53,0,2014-07-24
2014,7,25,7.51,0,2014-07-25
2014,7,26,7.392,0,2014-07-26
2014,7,27,7.35,0,2014-07-27
2014,7,28,7.312,0,2014-07-28
2014,7,29,7.128,0,2014-07-29
2014,7,30,7.055,0,2014-07-30
2014,7,31,7.035,0,2014-07-31
2014,8,1,6.984,0,2014-08-01
2014,8,2,6.859,0,2014-08-02
2014,8,3,6.803,0,2014-08-03
2014,8,4,6.751,0,2014-08-04
2014,8,5,6.739,0,2014-08-05
2014,8,6,6.66,0,2014-08-06
2014,8,7,6.599,0,2014-08-07
2014,8,8,6.629,0,2014-08-08
2014,8,9,6.553,0,2014-08-09
2014,8,10,6.457,0,2014-08-10
2014,8,11,6.363,0,2014-08-11
2014,8,12,6.251,0,2014-08-12
2014,8,13,6.184,0,2014-08-13
2014,8,14,6.173,0,2014-08-14
2014,8,15,6.082,0,2014-08-15
2014,8,16,6.022,0,2014-08-16
2014,8,17,5.94,0,2014-08-17
2014,8,18,5.825,0,2014-08-18
2014,8,19,5.795,0,2014-08-19
2014,8,20,5.758,0,2014-08-20
2014,8,21,5.705,0,2014-08-21
2014,8,22,5.665,0,2014-08-22
2014,8,23,5.657,0,2014-08-23
2014,8,24,5.552,0,2014-08-24
2014,8,25,5.539,0,2014-08-25
2014,8,26,5.548,0,2014-08-26
2014,8,27,5.5,0,2014-08-27
2014,8,28,5.429,0,2014-08-28
2014,8,29,5.494,0,2014-08-29
2014,8,30,5.452,0,2014-08-30
2014,8,31,5.446,0,2014-08-31
2014,9,1,5.38,0,2014-09-01
2014,9,2,5.371,0,2014-09-02
2014,9,3,5.37,0,2014-09-03
2014,9,4,5.32,0,2014-09-04
2014,9,5,5.255,0,2014-09-05
2014,9,6,5.246,0,2014-09-06
2014,9,7,5.204,0,2014-09-07
2014,9,8,5.182,0,2014-09-08
2014,9,9,5.178,0,2014-09-09
2014,9,10,5.122,0,2014-09-10
2014,9,11,5.124,0,2014-09-11
2014,9,12,5.1,0,2014-09-12
2014,9,13,5.049,0,2014-09-13
2014,9,14,5.044,0,2014-09-14
2014,9,15,5.032,0,2014-09-15
2014,9,16,4.988,0,2014-09-16
2014,9,17,5.029,0,2014-09-17
2014,9,18,5.088,0,2014-09-18
2014,9,19,5.116,0,2014-09-19
2014,9,20,5.163,0,2014-09-20
2014,9,21,5.199,0,2014-09-21
2014,9,22,5.16,0,2014-09-22
2014,9,23,5.168,0,2014-09-23
2014,9,24,5.253,0,2014-09-24
2014,9,25,5.298,0,2014-09-25
2014,9,26,5.368,0,2014-09-26
2014,9,27,5.344,0,2014-09-27
2014,9,28,5.422,0,2014-09-28
2014,9,29,5.483,0,2014-09-29
2014,9,30,5.542,0,2014-09-30
2014,10,1,5.683,0,2014-10-01
2014,10,2,5.76,0,2014-10-02
2014,10,3,5.787,0,2014-10-03
2014,10,4,5.831,0,2014-10-04
2014,10,5,5.952,0,2014-10-05
2014,10,6,6.018,0,2014-10-06
2014,10,7,6.081,0,2014-10-07
2014,10,8,6.13,0,2014-10-08
2014,10,9,6.244,0,2014-10-09
2014,10,10,6.336,0,2014-10-10
2014,10,11,6.5,0,2014-10-11
2014,10,12,6.646,0,2014-10-12
2014,10,13,6.838,0,2014-10-13
2014,10,14,6.894,0,2014-10-14
2014,10,15,6.926,0,2014-10-15
2014,10,16,7.049,0,2014-10-16
2014,10,17,7.23,0,2014-10-17
2014,10,18,7.372,0,2014-10-18
2014,10,19,7.615,0,2014-10-19
2014,10,20,7.805,0,2014-10-20
2014,10,21,7.887,0,2014-10-21
2014,10,22,8.013,0,2014-10-22
2014,10,23,8.141,0,2014-10-23
2014,10,24,8.248,0,2014-10-24
2014,10,25,8.408,0,2014-10-25
2014,10,26,8.52,0,2014-10-26
2014,10,27,8.676,0,2014-10-27
2014,10,28,8.756,0,2014-10-28
2014,10,29,8.838,0,2014-10-29
2014,10,30,8.956,0,2014-10-30
2014,10,31,9.066,0,2014-10-31
2014,11,1,9.17,0,2014-11-01
2014,11,2,9.293,0,2014-11-02
2014,11,3,9.483,0,2014-11-03
2014,11,4,9.495,0,2014-11-04
2014,11,5,9.481,0,2014-11-05
2014,11,6,9.522,0,2014-11-06
2014,11,7,9.632,0,2014-11-07
2014,11,8,9.669,0,2014-11-08
2014,11,9,9.648,0,2014-11-09
2014,11,10,9.663,0,2014-11-10
2014,11,11,9.707,0,2014-11-11
2014,11,12,9.827,0,2014-11-12
2014,11,13,9.994,0,2014-11-13
2014,11,14,10.094,0,2014-11-14
2014,11,15,10.104,0,2014-11-15
2014,11,16,10.16,0,2014-11-16
2014,11,17,10.195,0,2014-11-17
2014,11,18,10.227,0,2014-11-18
2014,11,19,10.294,0,2014-11-19
2014,11,20,10.318,0,2014-11-20
2014,11,21,10.359,0,2014-11-21
2014,11,22,10.449,0,2014-11-22
2014,11,23,10.56,0,2014-11-23
2014,11,24,10.658,0,2014-11-24
2014,11,25,10.726,0,2014-11-25
2014,11,26,10.763,0,2014-11-26
2014,11,27,10.867,0,2014-11-27
2014,11,28,10.923,0,2014-11-28
2014,11,29,11.042,0,2014-11-29
2014,11,30,11.115,0,2014-11-30
2014,12,1,11.473,0,2014-12-01
2014,12,2,11.578,0,2014-12-02
2014,12,3,11.554,0,2014-12-03
2014,12,4,11.675,0,2014-12-04
2014,12,5,11.676,0,2014-12-05
2014,12,6,11.807,0,2014-12-06
2014,12,7,11.822,0,2014-12-07
2014,12,8,11.888,0,2014-12-08
2014,12,9,11.959,0,2014-12-09
2014,12,10,12.084,0,2014-12-10
2014,12,11,12.227,0,2014-12-11
2014,12,12,12.125,0,2014-12-12
2014,12,13,12.23,0,2014-12-13
2014,12,14,12.231,0,2014-12-14
2014,12,15,12.267,0,2014-12-15
2014,12,16,12.395,0,2014-12-16
2014,12,17,12.437,0,2014-12-17
2014,12,18,12.462,0,2014-12-18
2014,12,19,12.543,0,2014-12-19
2014,12,20,12.645,0,2014-12-20
2014,12,21,12.656,0,2014-12-21
2014,12,22,12.695,0,2014-12-22
2014,12,23,12.725,0,2014-12-23
2014,12,24,12.871,0,2014-12-24
2014,12,25,12.995,0,2014-12-25
2014,12,26,12.993,0,2014-12-26
2014,12,27,12.967,0,2014-12-27
2014,12,28,12.93,0,2014-12-28
2014,12,29,12.936,0,2014-12-29
2014,12,30,13.038,0,2014-12-30
2014,12,31,13.046,0,2014-12-31
2015,1,1,13.073,0,2015-01-01
2015,1,2,13.125,0,2015-01-02
2015,1,3,13.112,0,2015-01-03
2015,1,4,13.051,0,2015-01-04
2015,1,5,13.115,0,2015-01-05
2015,1,6,13.138,0,2015-01-06
2015,1,7,13.18,0,2015-01-07
2015,1,8,13.231,0,2015-01-08
2015,1,9,13.292,0,2015-01-09
2015,1,10,13.254,0,2015-01-10
2015,1,11,13.363,0,2015-01-11
2015,1,12,13.432,0,2015-01-12
2015,1,13,13.504,0,2015-01-13
2015,1,14,13.573,0,2015-01-14
2015,1,15,13.661,0,2015-01-15
2015,1,16,13.782,0,2015-01-16
2015,1,17,13.765,0,2015-01-17
2015,1,18,13.778,0,2015-01-18
2015,1,19,13.856,0,2015-01-19
2015,1,20,13.818,0,2015-01-20
2015,1,21,13.752,0,2015-01-21
2015,1,22,13.86,0,2015-01-22
2015,1,23,13.93,0,2015-01-23
2015,1,24,13.944,0,2015-01-24
2015,1,25,13.968,0,2015-01-25
2015,1,26,13.92,0,2015-01-26
2015,1,27,13.976,0,2015-01-27
2015,1,28,14.005,0,2015-01-28
2015,1,29,13.991,0,2015-01-29
2015,1,30,14.047,0,2015-01-30
2015,1,31,14.176,0,2015-01-31
2015,2,1,14.246,0,2015-02-01
2015,2,2,14.218,0,2015-02-02
2015,2,3,14.252,0,2015-02-03
2015,2,4,14.269,0,2015-02-04
2015,2,5,14.232,0,2015-02-05
2015,2,6,14.27,0,2015-02-06
2015,2,7,14.277,0,2015-02-07
2015,2,8,14.407,0,2015-02-08
2015,2,9,14.455,0,2015-02-09
2015,2,10,14.468,0,2015-02-10
2015,2,11,14.407,0,2015-02-11
2015,2,12,14.434,0,2015-02-12
2015,2,13,14.443,0,2015-02-13
2015,2,14,14.496,0,2015-02-14
2015,2,15,14.517,0,2015-02-15
2015,2,16,14.437,0,2015-02-16
2015,2,17,14.358,0,2015-02-17
2015,2,18,14.347,0,2015-02-18
2015,2,19,14.371,0,2015-02-19
2015,2,20,14.41,0,2015-02-20
2015,2,21,14.534,0,2015-02-21
2015,2,22,14.554,0,2015-02-22
2015,2,23,14.505,0,2015-02-23
2015,2,24,14.5,0,2015-02-24
2015,2,25,14.492,0,2015-02-25
2015,2,26,14.49,0,2015-02-26
2015,2,27,14.419,0,2015-02-27
2015,2,28,14.41,0,2015-02-28
2015,3,1,14.533,0,2015-03-01
2015,3,2,14.421,0,2015-03-02
2015,3,3,14.446,0,2015-03-03
2015,3,4,14.372,0,2015-03-04
2015,3,5,14.263,0,2015-03-05
2015,3,6,14.354,0,2015-03-06
2015,3,7,14.313,0,2015-03-07
2015,3,8,14.271,0,2015-03-08
2015,3,9,14.26,0,2015-03-09
2015,3,10,14.308,0,2015-03-10
2015,3,11,14.34,0,2015-03-11
2015,3,12,14.364,0,2015-03-12
2015,3,13,14.353,0,2015-03-13
2015,3,14,14.337,0,2015-03-14
2015,3,15,14.387,0,2015-03-15
2015,3,16,14.404,0,2015-03-16
2015,3,17,14.31,0,2015-03-17
2015,3,18,14.315,0,2015-03-18
2015,3,19,14.372,0,2015-03-19
2015,3,20,14.332,0,2015-03-20
2015,3,21,14.356,0,2015-03-21
2015,3,22,14.433,0,2015-03-22
2015,3,23,14.513,0,2015-03-23
2015,3,24,14.388,0,2015-03-24
2015,3,25,14.444,0,2015-03-25
2015,3,26,14.495,0,2015-03-26
2015,3,27,14.442,0,2015-03-27
2015,3,28,14.34,0,2015-03-28
2015,3,29,14.343,0,2015-03-29
2015,3,30,14.385,0,2015-03-30
2015,3,31,14.292,0,2015-03-31
2015,4,1,14.241,0,2015-04-01
2015,4,2,14.25,0,2015-04-02
2015,4,3,14.174,0,2015-04-03
2015,4,4,14.089,0,2015-04-04
2015,4,5,14.122,0,2015-04-05
2015,4,6,14.042,0,2015-04-06
2015,4,7,13.989,0,2015-04-07
2015,4,8,13.992,0,2015-04-08
2015,4,9,14.029,0,2015-04-09
2015,4,10,14.054,0,2015-04-10
2015,4,11,14.089,0,2015-04-11
2015,4,12,14.068,0,2015-04-12
2015,4,13,14.017,0,2015-04-13
2015,4,14,14.035,0,2015-04-14
2015,4,15,13.986,0,2015-04-15
2015,4,16,13.964,0,2015-04-16
2015,4,17,13.895,0,2015-04-17
2015,4,18,13.898,0,2015-04-18
2015,4,19,13.897,0,2015-04-19
2015,4,20,13.881,0,2015-04-20
2015,4,21,13.992,0,2015-04-21
2015,4,22,13.951,0,2015-04-22
2015,4,23,13.827,0,2015-04-23
2015,4,24,13.628,0,2015-04-24
2015,4,25,13.581,0,2015-04-25
2015,4,26,13.535,0,2015-04-26
2015,4,27,13.466,0,2015-04-27
2015,4,28,13.405,0,2015-04-28
2015,4,29,13.362,0,2015-04-29
2015,4,30,13.336,0,2015-04-30
2015,5,1,13.142,0,2015-05-01
2015,5,2,13.112,0,2015-05-02
2015,5,3,13.098,0,2015-05-03
2015,5,4,13.134,0,2015-05-04
2015,5,5,13.078,0,2015-05-05
2015,5,6,12.995,0,2015-05-06
2015,5,7,12.882,0,2015-05-07
2015,5,8,12.812,0,2015-05-08
2015,5,9,12.812,0,2015-05-09
2015,5,10,12.758,0,2015-05-10
2015,5,11,12.758,0,2015-05-11
2015,5,12,12.699,0,2015-05-12
2015,5,13,12.751,0,2015-05-13
2015,5,14,12.572,0,2015-05-14
2015,5,15,12.54,0,2015-05-15
2015,5,16,12.512,0,2015-05-16
2015,5,17,12.451,0,2015-05-17
2015,5,18,12.409,0,2015-05-18
2015,5,19,12.347,0,2015-05-19
2015,5,20,12.297,0,2015-05-20
2015,5,21,12.266,0,2015-05-21
2015,5,22,12.214,0,2015-05-22
2015,5,23,12.102,0,2015-05-23
2015,5,24,11.98,0,2015-05-24
2015,5,25,11.922,0,2015-05-25
2015,5,26,11.895,0,2015-05-26
2015,5,27,11.875,0,2015-05-27
2015,5,28,11.841,0,2015-05-28
2015,5,29,11.792,0,2015-05-29
2015,5,30,11.744,0,2015-05-30
2015,5,31,11.721,0,2015-05-31
2015,6,1,11.568,0,2015-06-01
2015,6,2,11.543,0,2015-06-02
2015,6,3,11.522,0,2015-06-03
2015,6,4,11.396,0,2015-06-04
2015,6,5,11.362,0,2015-06-05
2015,6,6,11.323,0,2015-06-06
2015,6,7,11.303,0,2015-06-07
2015,6,8,11.313,0,2015-06-08
2015,6,9,11.249,0,2015-06-09
2015,6,10,11.158,0,2015-06-10
2015,6,11,11.222,0,2015-06-11
2015,6,12,11.148,0,2015-06-12
2015,6,13,11.087,0,2015-06-13
2015,6,14,10.997,0,2015-06-14
2015,6,15,10.963,0,2015-06-15
2015,6,16,10.815,0,2015-06-16
2015,6,17,10.748,0,2015-06-17
2015,6,18,10.767,0,2015-06-18
2015,6,19,10.738,0,2015-06-19
2015,6,20,10.68,0,2015-06-20
2015,6,21,10.585,0,2015-06-21
2015,6,22,10.547,0,2015-06-22
2015,6,23,10.521,0,2015-06-23
2015,6,24,10.39,0,2015-06-24
2015,6,25,10.463,0,2015-06-25
2015,6,26,10.381,0,2015-06-26
2015,6,27,10.251,0,2015-06-27
2015,6,28,10.215,0,2015-06-28
2015,6,29,10.104,0,2015-06-29
2015,6,30,10.008,0,2015-06-30
2015,7,1,9.842,0,2015-07-01
2015,7,2,9.828,0,2015-07-02
2015,7,3,9.746,0,2015-07-03
2015,7,4,9.643,0,2015-07-04
2015,7,5,9.599,0,2015-07-05
2015,7,6,9.573,0,2015-07-06
2015,7,7,9.379,0,2015-07-07
2015,7,8,9.304,0,2015-07-08
2015,7,9,9.216,0,2015-07-09
2015,7,10,9.048,0,2015-07-10
2015,7,11,8.968,0,2015-07-11
2015,7,12,8.841,0,2015-07-12
2015,7,13,8.7,0,2015-07-13
2015,7,14,8.682,0,2015-07-14
2015,7,15,8.601,0,2015-07-15
2015,7,16,8.398,0,2015-07-16
2015,7,17,8.26,0,2015-07-17
2015,7,18,8.116,0,2015-07-18
2015,7,19,7.955,0,2015-07-19
2015,7,20,7.88,0,2015-07-20
2015,7,21,7.767,0,2015-07-21
2015,7,22,7.671,0,2015-07-22
2015,7,23,7.519,0,2015-07-23
2015,7,24,7.413,0,2015-07-24
2015,7,25,7.327,0,2015-07-25
2015,7,26,7.308,0,2015-07-26
2015,7,27,7.219,0,2015-07-27
2015,7,28,7.137,0,2015-07-28
2015,7,29,7.032,0,2015-07-29
2015,7,30,6.895,0,2015-07-30
2015,7,31,6.847,0,2015-07-31
2015,8,1,6.708,0,2015-08-01
2015,8,2,6.63,0,2015-08-02
2015,8,3,6.449,0,2015-08-03
2015,8,4,6.441,0,2015-08-04
2015,8,5,6.44,0,2015-08-05
2015,8,6,6.397,0,2015-08-06
2015,8,7,6.249,0,2015-08-07
2015,8,8,6.196,0,2015-08-08
2015,8,9,6.171,0,2015-08-09
2015,8,10,6.012,0,2015-08-10
2015,8,11,5.829,0,2015-08-11
2015,8,12,5.834,0,2015-08-12
2015,8,13,5.776,0,2015-08-13
2015,8,14,5.752,0,2015-08-14
2015,8,15,5.588,0,2015-08-15
2015,8,16,5.539,0,2015-08-16
2015,8,17,5.538,0,2015-08-17
2015,8,18,5.421,0,2015-08-18
2015,8,19,5.378,0,2015-08-19
2015,8,20,5.356,0,2015-08-20
2015,8,21,5.333,0,2015-08-21
2015,8,22,5.222,0,2015-08-22
2015,8,23,5.099,0,2015-08-23
2015,8,24,5.028,0,2015-08-24
2015,8,25,5.005,0,2015-08-25
2015,8,26,4.897,0,2015-08-26
2015,8,27,4.771,0,2015-08-27
2015,8,28,4.693,0,2015-08-28
2015,8,29,4.639,0,2015-08-29
2015,8,30,4.64,0,2015-08-30
2015,8,31,4.53,0,2015-08-31
2015,9,1,4.466,0,2015-09-01
2015,9,2,4.457,0,2015-09-02
2015,9,3,4.509,0,2015-09-03
2015,9,4,4.541,0,2015-09-04
2015,9,5,4.485,0,2015-09-05
2015,9,6,4.458,0,2015-09-06
2015,9,7,4.397,0,2015-09-07
2015,9,8,4.387,0,2015-09-08
2015,9,9,4.438,0,2015-09-09
2015,9,10,4.507,0,2015-09-10
2015,9,11,4.471,0,2015-09-11
2015,9,12,4.482,0,2015-09-12
2015,9,13,4.426,0,2015-09-13
2015,9,14,4.395,0,2015-09-14
2015,9,15,4.46,0,2015-09-15
2015,9,16,4.495,0,2015-09-16
2015,9,17,4.512,0,2015-09-17
2015,9,18,4.585,0,2015-09-18
2015,9,19,4.616,0,2015-09-19
2015,9,20,4.631,0,2015-09-20
2015,9,21,4.644,0,2015-09-21
2015,9,22,4.687,0,2015-09-22
2015,9,23,4.762,0,2015-09-23
2015,9,24,4.832,0,2015-09-24
2015,9,25,4.833,0,2015-09-25
2015,9,26,4.915,0,2015-09-26
2015,9,27,4.916,0,2015-09-27
2015,9,28,4.986,0,2015-09-28
2015,9,29,5.04,0,2015-09-29
2015,9,30,5.14,0,2015-09-30
2015,10,1,5.356,0,2015-10-01
2015,10,2,5.344,0,2015-10-02
2015,10,3,5.289,0,2015-10-03
2015,10,4,5.374,0,2015-10-04
2015,10,5,5.543,0,2015-10-05
2015,10,6,5.69,0,2015-10-06
2015,10,7,5.819,0,2015-10-07
2015,10,8,5.996,0,2015-10-08
2015,10,9,6.156,0,2015-10-09
2015,10,10,6.225,0,2015-10-10
2015,10,11,6.314,0,2015-10-11
2015,10,12,6.292,0,2015-10-12
2015,10,13,6.396,0,2015-10-13
2015,10,14,6.56,0,2015-10-14
2015,10,15,6.756,0,2015-10-15
2015,10,16,6.976,0,2015-10-16
2015,10,17,7.209,0,2015-10-17
2015,10,18,7.409,0,2015-10-18
2015,10,19,7.564,0,2015-10-19
2015,10,20,7.548,0,2015-10-20
2015,10,21,7.61,0,2015-10-21
2015,10,22,7.759,0,2015-10-22
2015,10,23,7.895,0,2015-10-23
2015,10,24,8.069,0,2015-10-24
2015,10,25,8.151,0,2015-10-25
2015,10,26,8.203,0,2015-10-26
2015,10,27,8.289,0,2015-10-27
2015,10,28,8.359,0,2015-10-28
2015,10,29,8.45,0,2015-10-29
2015,10,30,8.592,0,2015-10-30
2015,10,31,8.76,0,2015-10-31
2015,11,1,8.909,0,2015-11-01
2015,11,2,8.926,0,2015-11-02
2015,11,3,8.959,0,2015-11-03
2015,11,4,9.068,0,2015-11-04
2015,11,5,9.153,0,2015-11-05
2015,11,6,9.307,0,2015-11-06
2015,11,7,9.395,0,2015-11-07
2015,11,8,9.476,0,2015-11-08
2015,11,9,9.543,0,2015-11-09
2015,11,10,9.644,0,2015-11-10
2015,11,11,9.663,0,2015-11-11
2015,11,12,9.65,0,2015-11-12
2015,11,13,9.644,0,2015-11-13
2015,11,14,9.764,0,2015-11-14
2015,11,15,9.853,0,2015-11-15
2015,11,16,9.941,0,2015-11-16
2015,11,17,9.951,0,2015-11-17
2015,11,18,9.951,0,2015-11-18
2015,11,19,10.002,0,2015-11-19
2015,11,20,9.98,0,2015-11-20
2015,11,21,9.946,0,2015-11-21
2015,11,22,10.027,0,2015-11-22
2015,11,23,10.153,0,2015-11-23
2015,11,24,10.281,0,2015-11-24
2015,11,25,10.382,0,2015-11-25
2015,11,26,10.564,0,2015-11-26
2015,11,27,10.754,0,2015-11-27
2015,11,28,10.824,0,2015-11-28
2015,11,29,10.846,0,2015-11-29
2015,11,30,10.829,0,2015-11-30
2015,12,1,11.064,0,2015-12-01
2015,12,2,11.135,0,2015-12-02
2015,12,3,11.223,0,2015-12-03
2015,12,4,11.296,0,2015-12-04
2015,12,5,11.301,0,2015-12-05
2015,12,6,11.372,0,2015-12-06
2015,12,7,11.447,0,2015-12-07
2015,12,8,11.542,0,2015-12-08
2015,12,9,11.591,0,2015-12-09
2015,12,10,11.739,0,2015-12-10
2015,12,11,11.814,0,2015-12-11
2015,12,12,11.871,0,2015-12-12
2015,12,13,11.987,0,2015-12-13
2015,12,14,12.019,0,2015-12-14
2015,12,15,12.112,0,2015-12-15
2015,12,16,12.116,0,2015-12-16
2015,12,17,12.169,0,2015-12-17
2015,12,18,12.249,0,2015-12-18
2015,12,19,12.303,0,2015-12-19
2015,12,20,12.299,0,2015-12-20
2015,12,21,12.411,0,2015-12-21
2015,12,22,12.381,0,2015-12-22
2015,12,23,12.407,0,2015-12-23
2015,12,24,12.507,0,2015-12-24
2015,12,25,12.661,0,2015-12-25
2015,12,26,12.65,0,2015-12-26
2015,12,27,12.68,0,2015-12-27
2015,12,28,12.745,0,2015-12-28
2015,12,29,12.762,0,2015-12-29
2015,12,30,12.8,0,2015-12-30
2015,12,31,12.735,0,2015-12-31
2016,1,1,12.721,0,2016-01-01
2016,1,2,12.806,0,2016-01-02
2016,1,3,12.79,0,2016-01-03
2016,1,4,12.829,0,2016-01-04
2016,1,5,12.874,0,2016-01-05
2016,1,6,13.039,0,2016-01-06
2016,1,7,13.079,0,2016-01-07
2016,1,8,13.101,0,2016-01-08
2016,1,9,13.186,0,2016-01-09
2016,1,10,13.387,0,2016-01-10
2016,1,11,13.493,0,2016-01-11
2016,1,12,13.41,0,2016-01-12
2016,1,13,13.57,0,2016-01-13
2016,1,14,13.499,0,2016-01-14
2016,1,15,13.512,0,2016-01-15
2016,1,16,13.545,0,2016-01-16
2016,1,17,13.58,0,2016-01-17
2016,1,18,13.644,0,2016-01-18
2016,1,19,13.63,0,2016-01-19
2016,1,20,13.677,0,2016-01-20
2016,1,21,13.737,0,2016-01-21
2016,1,22,13.704,0,2016-01-22
2016,1,23,13.684,0,2016-01-23
2016,1,24,13.738,0,2016-01-24
2016,1,25,13.751,0,2016-01-25
2016,1,26,13.819,0,2016-01-26
2016,1,27,13.816,0,2016-01-27
2016,1,28,13.85,0,2016-01-28
2016,1,29,13.904,0,2016-01-29
2016,1,30,13.895,0,2016-01-30
2016,1,31,13.89,0,2016-01-31
2016,2,1,13.926,0,2016-02-01
2016,2,2,13.954,0,2016-02-02
2016,2,3,13.981,0,2016-02-03
2016,2,4,14.025,0,2016-02-04
2016,2,5,14.071,0,2016-02-05
2016,2,6,14.179,0,2016-02-06
2016,2,7,14.173,0,2016-02-07
2016,2,8,14.286,0,2016-02-08
2016,2,9,14.258,0,2016-02-09
2016,2,10,14.118,0,2016-02-10
2016,2,11,14.07,0,2016-02-11
2016,2,12,14.146,0,2016-02-12
2016,2,13,14.198,0,2016-02-13
2016,2,14,14.19,0,2016-02-14
2016,2,15,14.279,0,2016-02-15
2016,2,16,14.237,0,2016-02-16
2016,2,17,14.182,0,2016-02-17
2016,2,18,14.137,0,2016-02-18
2016,2,19,14.161,0,2016-02-19
2016,2,20,14.193,0,2016-02-20
2016,2,21,14.2,0,2016-02-21
2016,2,22,14.151,0,2016-02-22
2016,2,23,14.195,0,2016-02-23
2016,2,24,14.316,0,2016-02-24
2016,2,25,14.358,0,2016-02-25
2016,2,26,14.404,0,2016-02-26
2016,2,27,14.426,0,2016-02-27
2016,2,28,14.524,0,2016-02-28
2016,2,29,14.541,0,2016-02-29
2016,3,1,14.427,0,2016-03-01
2016,3,2,14.418,0,2016-03-02
2016,3,3,14.354,0,2016-03-03
2016,3,4,14.312,0,2016-03-04
2016,3,5,14.322,0,2016-03-05
2016,3,6,14.348,0,2016-03-06
2016,3,7,14.404,0,2016-03-07
2016,3,8,14.397,0,2016-03-08
2016,3,9,14.39,0,2016-03-09
2016,3,10,14.354,0,2016-03-10
2016,3,11,14.408,0,2016-03-11
2016,3,12,14.379,0,2016-03-12
2016,3,13,14.432,0,2016-03-13
2016,3,14,14.375,0,2016-03-14
2016,3,15,14.518,0,2016-03-15
2016,3,16,14.47,0,2016-03-16
2016,3,17,14.464,0,2016-03-17
2016,3,18,14.469,0,2016-03-18
2016,3,19,14.451,0,2016-03-19
2016,3,20,14.463,0,2016-03-20
2016,3,21,14.546,0,2016-03-21
2016,3,22,14.566,0,2016-03-22
2016,3,23,14.509,0,2016-03-23
2016,3,24,14.444,0,2016-03-24
2016,3,25,14.447,0,2016-03-25
2016,3,26,14.419,0,2016-03-26
2016,3,27,14.427,0,2016-03-27
2016,3,28,14.351,0,2016-03-28
2016,3,29,14.23,0,2016-03-29
2016,3,30,14.155,0,2016-03-30
2016,3,31,14.149,0,2016-03-31
2016,4,1,14.117,0,2016-04-01
2016,4,2,14.114,0,2016-04-02
2016,4,3,14.044,0,2016-04-03
2016,4,4,14.053,0,2016-04-04
2016,4,5,14.025,0,2016-04-05
2016,4,6,13.995,0,2016-04-06
2016,4,7,14.028,0,2016-04-07
2016,4,8,13.952,0,2016-04-08
2016,4,9,13.838,0,2016-04-09
2016,4,10,13.836,0,2016-04-10
2016,4,11,13.772,0,2016-04-11
2016,4,12,13.85,0,2016-04-12
2016,4,13,13.826,0,2016-04-13
2016,4,14,13.825,0,2016-04-14
2016,4,15,13.813,0,2016-04-15
2016,4,16,13.767,0,2016-04-16
2016,4,17,13.783,0,2016-04-17
2016,4,18,13.672,0,2016-04-18
2016,4,19,13.583,0,2016-04-19
2016,4,20,13.591,0,2016-04-20
2016,4,21,13.588,0,2016-04-21
2016,4,22,13.493,0,2016-04-22
2016,4,23,13.442,0,2016-04-23
2016,4,24,13.37,0,2016-04-24
2016,4,25,13.327,0,2016-04-25
2016,4,26,13.277,0,2016-04-26
2016,4,27,13.221,0,2016-04-27
2016,4,28,13.186,0,2016-04-28
2016,4,29,13.117,0,2016-04-29
2016,4,30,12.933,0,2016-04-30
2016,5,1,12.746,0,2016-05-01
2016,5,2,12.689,0,2016-05-02
2016,5,3,12.717,0,2016-05-03
2016,5,4,12.622,0,2016-05-04
2016,5,5,12.652,0,2016-05-05
2016,5,6,12.552,0,2016-05-06
2016,5,7,12.529,0,2016-05-07
2016,5,8,12.386,0,2016-05-08
2016,5,9,12.358,0,2016-05-09
2016,5,10,12.286,0,2016-05-10
2016,5,11,12.18,0,2016-05-11
2016,5,12,12.084,0,2016-05-12
2016,5,13,12.01,0,2016-05-13
2016,5,14,11.964,0,2016-05-14
2016,5,15,11.918,0,2016-05-15
2016,5,16,11.87,0,2016-05-16
2016,5,17,11.78,0,2016-05-17
2016,5,18,11.769,0,2016-05-18
2016,5,19,11.715,0,2016-05-19
2016,5,20,11.667,0,2016-05-20
2016,5,21,11.642,0,2016-05-21
2016,5,22,11.61,0,2016-05-22
2016,5,23,11.514,0,2016-05-23
2016,5,24,11.401,0,2016-05-24
2016,5,25,11.397,0,2016-05-25
2016,5,26,11.385,0,2016-05-26
2016,5,27,11.347,0,2016-05-27
2016,5,28,11.297,0,2016-05-28
2016,5,29,11.241,0,2016-05-29
2016,5,30,11.197,0,2016-05-30
2016,5,31,11.132,0,2016-05-31
2016,6,1,11.015,0,2016-06-01
2016,6,2,11.062,0,2016-06-02
2016,6,3,11.082,0,2016-06-03
2016,6,4,11.058,0,2016-06-04
2016,6,5,11.031,0,2016-06-05
2016,6,6,10.965,0,2016-06-06
2016,6,7,10.926,0,2016-06-07
2016,6,8,10.93,0,2016-06-08
2016,6,9,10.91,0,2016-06-09
2016,6,10,10.864,0,2016-06-10
2016,6,11,10.778,0,2016-06-11
2016,6,12,10.767,0,2016-06-12
2016,6,13,10.741,0,2016-06-13
2016,6,14,10.64,0,2016-06-14
2016,6,15,10.588,0,2016-06-15
2016,6,16,10.483,0,2016-06-16
2016,6,17,10.412,0,2016-06-17
2016,6,18,10.385,0,2016-06-18
2016,6,19,10.301,0,2016-06-19
2016,6,20,10.103,0,2016-06-20
2016,6,21,10.054,0,2016-06-21
2016,6,22,9.97,0,2016-06-22
2016,6,23,9.903,0,2016-06-23
2016,6,24,9.83,0,2016-06-24
2016,6,25,9.734,0,2016-06-25
2016,6,26,9.741,0,2016-06-26
2016,6,27,9.665,0,2016-06-27
2016,6,28,9.553,0,2016-06-28
2016,6,29,9.492,0,2016-06-29
2016,6,30,9.404,0,2016-06-30
2016,7,1,9.225,0,2016-07-01
2016,7,2,9.147,0,2016-07-02
2016,7,3,9.031,0,2016-07-03
2016,7,4,8.953,0,2016-07-04
2016,7,5,8.852,0,2016-07-05
2016,7,6,8.823,0,2016-07-06
2016,7,7,8.781,0,2016-07-07
2016,7,8,8.692,0,2016-07-08
2016,7,9,8.573,0,2016-07-09
2016,7,10,8.524,0,2016-07-10
2016,7,11,8.358,0,2016-07-11
2016,7,12,8.15,0,2016-07-12
2016,7,13,8.054,0,2016-07-13
2016,7,14,7.972,0,2016-07-14
2016,7,15,7.905,0,2016-07-15
2016,7,16,7.885,0,2016-07-16
2016,7,17,7.831,0,2016-07-17
2016,7,18,7.775,0,2016-07-18
2016,7,19,7.672,0,2016-07-19
2016,7,20,7.594,0,2016-07-20
2016,7,21,7.475,0,2016-07-21
2016,7,22,7.449,0,2016-07-22
2016,7,23,7.343,0,2016-07-23
2016,7,24,7.264,0,2016-07-24
2016,7,25,7.206,0,2016-07-25
2016,7,26,7.149,0,2016-07-26
2016,7,27,7.061,0,2016-07-27
2016,7,28,6.94,0,2016-07-28
2016,7,29,6.93,0,2016-07-29
2016,7,30,6.773,0,2016-07-30
2016,7,31,6.677,0,2016-07-31
2016,8,1,6.509,0,2016-08-01
2016,8,2,6.398,0,2016-08-02
2016,8,3,6.208,0,2016-08-03
2016,8,4,6.267,0,2016-08-04
2016,8,5,6.203,0,2016-08-05
2016,8,6,6.044,0,2016-08-06
2016,8,7,5.966,0,2016-08-07
2016,8,8,5.919,0,2016-08-08
2016,8,9,5.926,0,2016-08-09
2016,8,10,5.819,0,2016-08-10
2016,8,11,5.646,0,2016-08-11
2016,8,12,5.571,0,2016-08-12
2016,8,13,5.605,0,2016-08-13
2016,8,14,5.512,0,2016-08-14
2016,8,15,5.377,0,2016-08-15
2016,8,16,5.276,0,2016-08-16
2016,8,17,5.219,0,2016-08-17
2016,8,18,5.157,0,2016-08-18
2016,8,19,5.082,0,2016-08-19
2016,8,20,4.976,0,2016-08-20
2016,8,21,4.971,0,2016-08-21
2016,8,22,5.042,0,2016-08-22
2016,8,23,4.962,0,2016-08-23
2016,8,24,4.878,0,2016-08-24
2016,8,25,4.783,0,2016-08-25
2016,8,26,4.702,0,2016-08-26
2016,8,27,4.535,0,2016-08-27
2016,8,28,4.62,0,2016-08-28
2016,8,29,4.507,0,2016-08-29
2016,8,30,4.435,0,2016-08-30
2016,8,31,4.372,0,2016-08-31
2016,9,1,4.33,0,2016-09-01
2016,9,2,4.287,0,2016-09-02
2016,9,3,4.31,0,2016-09-03
2016,9,4,4.259,0,2016-09-04
2016,9,5,4.213,0,2016-09-05
2016,9,6,4.199,0,2016-09-06
2016,9,7,4.145,0,2016-09-07
2016,9,8,4.168,0,2016-09-08
2016,9,9,4.147,0,2016-09-09
2016,9,10,4.168,0,2016-09-10
2016,9,11,4.238,0,2016-09-11
2016,9,12,4.273,0,2016-09-12
2016,9,13,4.348,0,2016-09-13
2016,9,14,4.385,0,2016-09-14
2016,9,15,4.325,0,2016-09-15
2016,9,16,4.347,0,2016-09-16
2016,9,17,4.372,0,2016-09-17
2016,9,18,4.441,0,2016-09-18
2016,9,19,4.512,0,2016-09-19
2016,9,20,4.548,0,2016-09-20
2016,9,21,4.615,0,2016-09-21
2016,9,22,4.688,0,2016-09-22
2016,9,23,4.869,0,2016-09-23
2016,9,24,4.92,0,2016-09-24
2016,9,25,4.907,0,2016-09-25
2016,9,26,5.065,0,2016-09-26
2016,9,27,5.196,0,2016-09-27
2016,9,28,5.185,0,2016-09-28
2016,9,29,5.188,0,2016-09-29
2016,9,30,5.207,0,2016-09-30
2016,10,1,5.288,0,2016-10-01
2016,10,2,5.303,0,2016-10-02
2016,10,3,5.292,0,2016-10-03
2016,10,4,5.302,0,2016-10-04
2016,10,5,5.383,0,2016-10-05
2016,10,6,5.413,0,2016-10-06
2016,10,7,5.396,0,2016-10-07
2016,10,8,5.413,0,2016-10-08
2016,10,9,5.429,0,2016-10-09
2016,10,10,5.452,0,2016-10-10
2016,10,11,5.494,0,2016-10-11
2016,10,12,5.57,0,2016-10-12
2016,10,13,5.613,0,2016-10-13
2016,10,14,5.661,0,2016-10-14
2016,10,15,5.805,0,2016-10-15
2016,10,16,5.928,0,2016-10-16
2016,10,17,5.954,0,2016-10-17
2016,10,18,6.017,0,2016-10-18
2016,10,19,6.18,0,2016-10-19
2016,10,20,6.349,0,2016-10-20
2016,10,21,6.504,0,2016-10-21
2016,10,22,6.636,0,2016-10-22
2016,10,23,6.75,0,2016-10-23
2016,10,24,6.87,0,2016-10-24
2016,10,25,7,0,2016-10-25
2016,10,26,7.005,0,2016-10-26
2016,10,27,7.068,0,2016-10-27
2016,10,28,7.12,0,2016-10-28
2016,10,29,7.125,0,2016-10-29
2016,10,30,7.105,0,2016-10-30
2016,10,31,7.106,0,2016-10-31
2016,11,1,7.219,0,2016-11-01
2016,11,2,7.424,0,2016-11-02
2016,11,3,7.558,0,2016-11-03
2016,11,4,7.675,0,2016-11-04
2016,11,5,7.862,0,2016-11-05
2016,11,6,8.029,0,2016-11-06
2016,11,7,8.168,0,2016-11-07
2016,11,8,8.251,0,2016-11-08
2016,11,9,8.417,0,2016-11-09
2016,11,10,8.471,0,2016-11-10
2016,11,11,8.56,0,2016-11-11
2016,11,12,8.649,0,2016-11-12
2016,11,13,8.653,0,2016-11-13
2016,11,14,8.721,0,2016-11-14
2016,11,15,8.73,0,2016-11-15
2016,11,16,8.804,0,2016-11-16
2016,11,17,8.698,0,2016-11-17
2016,11,18,8.585,0,2016-11-18
2016,11,19,8.584,0,2016-11-19
2016,11,20,8.692,0,2016-11-20
2016,11,21,8.9,0,2016-11-21
2016,11,22,8.989,0,2016-11-22
2016,11,23,9.058,0,2016-11-23
2016,11,24,9.188,0,2016-11-24
2016,11,25,9.291,0,2016-11-25
2016,11,26,9.489,0,2016-11-26
2016,11,27,9.635,0,2016-11-27
2016,11,28,9.726,0,2016-11-28
2016,11,29,9.796,0,2016-11-29
2016,11,30,9.913,0,2016-11-30
2016,12,1,10.183,0,2016-12-01
2016,12,2,10.355,0,2016-12-02
2016,12,3,10.387,0,2016-12-03
2016,12,4,10.369,0,2016-12-04
2016,12,5,10.415,0,2016-12-05
2016,12,6,10.461,0,2016-12-06
2016,12,7,10.662,0,2016-12-07
2016,12,8,10.683,0,2016-12-08
2016,12,9,10.8,0,2016-12-09
2016,12,10,11.071,0,2016-12-10
2016,12,11,11.244,0,2016-12-11
2016,12,12,11.266,0,2016-12-12
2016,12,13,11.348,0,2016-12-13
2016,12,14,11.514,0,2016-12-14
2016,12,15,11.541,0,2016-12-15
2016,12,16,11.715,0,2016-12-16
2016,12,17,11.762,0,2016-12-17
2016,12,18,11.774,0,2016-12-18
2016,12,19,11.867,0,2016-12-19
2016,12,20,11.966,0,2016-12-20
2016,12,21,11.841,0,2016-12-21
2016,12,22,11.831,0,2016-12-22
2016,12,23,11.737,0,2016-12-23
2016,12,24,11.865,0,2016-12-24
2016,12,25,12.027,0,2016-12-25
2016,12,26,12.088,0,2016-12-26
2016,12,27,12.291,0,2016-12-27
2016,12,28,12.484,0,2016-12-28
2016,12,29,12.525,0,2016-12-29
2016,12,30,12.617,0,2016-12-30
2016,12,31,12.553,0,2016-12-31
2017,1,1,12.643,0,2017-01-01
2017,1,2,12.644,0,2017-01-02
2017,1,3,12.713,0,2017-01-03
2017,1,4,12.954,0,2017-01-04
2017,1,5,12.956,0,2017-01-05
2017,1,6,12.839,0,2017-01-06
2017,1,7,12.881,0,2017-01-07
2017,1,8,12.87,0,2017-01-08
2017,1,9,12.847,0,2017-01-09
2017,1,10,12.896,0,2017-01-10
2017,1,11,12.994,0,2017-01-11
2017,1,12,12.91,0,2017-01-12
2017,1,13,12.874,0,2017-01-13
2017,1,14,12.851,0,2017-01-14
2017,1,15,12.883,0,2017-01-15
2017,1,16,13.033,0,2017-01-16
2017,1,17,13.058,0,2017-01-17
2017,1,18,13.119,0,2017-01-18
2017,1,19,13.267,0,2017-01-19
2017,1,20,13.384,0,2017-01-20
2017,1,21,13.402,0,2017-01-21
2017,1,22,13.496,0,2017-01-22
2017,1,23,13.622,0,2017-01-23
2017,1,24,13.734,0,2017-01-24
2017,1,25,13.781,0,2017-01-25
2017,1,26,13.717,0,2017-01-26
2017,1,27,13.702,0,2017-01-27
2017,1,28,13.694,0,2017-01-28
2017,1,29,13.636,0,2017-01-29
2017,1,30,13.713,0,2017-01-30
2017,1,31,13.781,0,2017-01-31
2017,2,1,13.861,0,2017-02-01
2017,2,2,13.865,0,2017-02-02
2017,2,3,13.892,0,2017-02-03
2017,2,4,13.864,0,2017-02-04
2017,2,5,13.87,0,2017-02-05
2017,2,6,13.929,0,2017-02-06
2017,2,7,13.886,0,2017-02-07
2017,2,8,13.916,0,2017-02-08
2017,2,9,13.905,0,2017-02-09
2017,2,10,13.906,0,2017-02-10
2017,2,11,13.873,0,2017-02-11
2017,2,12,13.916,0,2017-02-12
2017,2,13,14.052,0,2017-02-13
2017,2,14,14.153,0,2017-02-14
2017,2,15,14.186,0,2017-02-15
2017,2,16,14.335,0,2017-02-16
2017,2,17,14.271,0,2017-02-17
2017,2,18,14.311,0,2017-02-18
2017,2,19,14.329,0,2017-02-19
2017,2,20,14.305,0,2017-02-20
2017,2,21,14.322,0,2017-02-21
2017,2,22,14.403,0,2017-02-22
2017,2,23,14.404,0,2017-02-23
2017,2,24,14.376,0,2017-02-24
2017,2,25,14.337,0,2017-02-25
2017,2,26,14.3,0,2017-02-26
2017,2,27,14.286,0,2017-02-27
2017,2,28,14.291,0,2017-02-28
2017,3,1,14.341,0,2017-03-01
2017,3,2,14.332,0,2017-03-02
2017,3,3,14.395,0,2017-03-03
2017,3,4,14.404,0,2017-03-04
2017,3,5,14.449,0,2017-03-05
2017,3,6,14.417,0,2017-03-06
2017,3,7,14.365,0,2017-03-07
2017,3,8,14.326,0,2017-03-08
2017,3,9,14.331,0,2017-03-09
2017,3,10,14.31,0,2017-03-10
2017,3,11,14.394,0,2017-03-11
2017,3,12,14.369,0,2017-03-12
2017,3,13,14.374,0,2017-03-13
2017,3,14,14.421,0,2017-03-14
2017,3,15,14.396,0,2017-03-15
2017,3,16,14.317,0,2017-03-16
2017,3,17,14.28,0,2017-03-17
2017,3,18,14.257,0,2017-03-18
2017,3,19,14.193,0,2017-03-19
2017,3,20,14.231,0,2017-03-20
2017,3,21,14.227,0,2017-03-21
2017,3,22,14.171,0,2017-03-22
2017,3,23,14.15,0,2017-03-23
2017,3,24,14.12,0,2017-03-24
2017,3,25,14.123,0,2017-03-25
2017,3,26,14.197,0,2017-03-26
2017,3,27,14.199,0,2017-03-27
2017,3,28,14.211,0,2017-03-28
2017,3,29,14.256,0,2017-03-29
2017,3,30,14.253,0,2017-03-30
2017,3,31,14.183,0,2017-03-31
2017,4,1,14.164,0,2017-04-01
2017,4,2,14.165,0,2017-04-02
2017,4,3,14.219,0,2017-04-03
2017,4,4,14.205,0,2017-04-04
2017,4,5,14.119,0,2017-04-05
2017,4,6,14.013,0,2017-04-06
2017,4,7,14.051,0,2017-04-07
2017,4,8,13.964,0,2017-04-08
2017,4,9,13.926,0,2017-04-09
2017,4,10,13.936,0,2017-04-10
2017,4,11,13.931,0,2017-04-11
2017,4,12,13.92,0,2017-04-12
2017,4,13,13.803,0,2017-04-13
2017,4,14,13.683,0,2017-04-14
2017,4,15,13.693,0,2017-04-15
2017,4,16,13.654,0,2017-04-16
2017,4,17,13.736,0,2017-04-17
2017,4,18,13.682,0,2017-04-18
2017,4,19,13.657,0,2017-04-19
2017,4,20,13.625,0,2017-04-20
2017,4,21,13.561,0,2017-04-21
2017,4,22,13.467,0,2017-04-22
2017,4,23,13.436,0,2017-04-23
2017,4,24,13.469,0,2017-04-24
2017,4,25,13.454,0,2017-04-25
2017,4,26,13.477,0,2017-04-26
2017,4,27,13.452,0,2017-04-27
2017,4,28,13.415,0,2017-04-28
2017,4,29,13.394,0,2017-04-29
2017,4,30,13.333,0,2017-04-30
2017,5,1,13.14,0,2017-05-01
2017,5,2,13.136,0,2017-05-02
2017,5,3,13.141,0,2017-05-03
2017,5,4,13.069,0,2017-05-04
2017,5,5,13.08,0,2017-05-05
2017,5,6,13.1,0,2017-05-06
2017,5,7,12.994,0,2017-05-07
2017,5,8,12.955,0,2017-05-08
2017,5,9,12.924,0,2017-05-09
2017,5,10,12.945,0,2017-05-10
2017,5,11,12.879,0,2017-05-11
2017,5,12,12.8,0,2017-05-12
2017,5,13,12.731,0,2017-05-13
2017,5,14,12.679,0,2017-05-14
2017,5,15,12.666,0,2017-05-15
2017,5,16,12.563,0,2017-05-16
2017,5,17,12.58,0,2017-05-17
2017,5,18,12.525,0,2017-05-18
2017,5,19,12.514,0,2017-05-19
2017,5,20,12.542,0,2017-05-20
2017,5,21,12.463,0,2017-05-21
2017,5,22,12.389,0,2017-05-22
2017,5,23,12.353,0,2017-05-23
2017,5,24,12.277,0,2017-05-24
2017,5,25,12.301,0,2017-05-25
2017,5,26,12.292,0,2017-05-26
2017,5,27,12.247,0,2017-05-27
2017,5,28,12.15,0,2017-05-28
2017,5,29,12.08,0,2017-05-29
2017,5,30,12.035,0,2017-05-30
2017,5,31,11.994,0,2017-05-31
2017,6,1,11.754,0,2017-06-01
2017,6,2,11.776,0,2017-06-02
2017,6,3,11.739,0,2017-06-03
2017,6,4,11.636,0,2017-06-04
2017,6,5,11.6,0,2017-06-05
2017,6,6,11.5,0,2017-06-06
2017,6,7,11.412,0,2017-06-07
2017,6,8,11.341,0,2017-06-08
2017,6,9,11.294,0,2017-06-09
2017,6,10,11.229,0,2017-06-10
2017,6,11,11.158,0,2017-06-11
2017,6,12,11.071,0,2017-06-12
2017,6,13,10.971,0,2017-06-13
2017,6,14,10.879,0,2017-06-14
2017,6,15,10.815,0,2017-06-15
2017,6,16,10.75,0,2017-06-16
2017,6,17,10.671,0,2017-06-17
2017,6,18,10.61,0,2017-06-18
2017,6,19,10.564,0,2017-06-19
2017,6,20,10.49,0,2017-06-20
2017,6,21,10.326,0,2017-06-21
2017,6,22,10.262,0,2017-06-22
2017,6,23,10.172,0,2017-06-23
2017,6,24,10.087,0,2017-06-24
2017,6,25,9.981,0,2017-06-25
2017,6,26,9.959,0,2017-06-26
2017,6,27,9.873,0,2017-06-27
2017,6,28,9.704,0,2017-06-28
2017,6,29,9.629,0,2017-06-29
2017,6,30,9.439,0,2017-06-30
2017,7,1,9.269,0,2017-07-01
2017,7,2,9.147,0,2017-07-02
2017,7,3,9.115,0,2017-07-03
2017,7,4,9.029,0,2017-07-04
2017,7,5,9.018,0,2017-07-05
2017,7,6,8.909,0,2017-07-06
2017,7,7,8.773,0,2017-07-07
2017,7,8,8.691,0,2017-07-08
2017,7,9,8.66,0,2017-07-09
2017,7,10,8.615,0,2017-07-10
2017,7,11,8.469,0,2017-07-11
2017,7,12,8.371,0,2017-07-12
2017,7,13,8.173,0,2017-07-13
2017,7,14,8.081,0,2017-07-14
2017,7,15,7.912,0,2017-07-15
2017,7,16,7.855,0,2017-07-16
2017,7,17,7.755,0,2017-07-17
2017,7,18,7.645,0,2017-07-18
2017,7,19,7.586,0,2017-07-19
2017,7,20,7.408,0,2017-07-20
2017,7,21,7.323,0,2017-07-21
2017,7,22,7.283,0,2017-07-22
2017,7,23,7.341,0,2017-07-23
2017,7,24,7.241,0,2017-07-24
2017,7,25,7.186,0,2017-07-25
2017,7,26,7.133,0,2017-07-26
2017,7,27,7.038,0,2017-07-27
2017,7,28,6.9,0,2017-07-28
2017,7,29,6.783,0,2017-07-29
2017,7,30,6.693,0,2017-07-30
2017,7,31,6.718,0,2017-07-31
2017,8,1,6.559,0,2017-08-01
2017,8,2,6.469,0,2017-08-02
2017,8,3,6.355,0,2017-08-03
2017,8,4,6.206,0,2017-08-04
2017,8,5,6.16,0,2017-08-05
2017,8,6,6.091,0,2017-08-06
2017,8,7,5.96,0,2017-08-07
2017,8,8,5.815,0,2017-08-08
2017,8,9,5.782,0,2017-08-09
2017,8,10,5.658,0,2017-08-10
2017,8,11,5.567,0,2017-08-11
2017,8,12,5.516,0,2017-08-12
2017,8,13,5.455,0,2017-08-13
2017,8,14,5.449,0,2017-08-14
2017,8,15,5.381,0,2017-08-15
2017,8,16,5.275,0,2017-08-16
2017,8,17,5.296,0,2017-08-17
2017,8,18,5.276,0,2017-08-18
2017,8,19,5.242,0,2017-08-19
2017,8,20,5.256,0,2017-08-20
2017,8,21,5.243,0,2017-08-21
2017,8,22,5.197,0,2017-08-22
2017,8,23,5.13,0,2017-08-23
2017,8,24,5.003,0,2017-08-24
2017,8,25,4.946,0,2017-08-25
2017,8,26,4.971,0,2017-08-26
2017,8,27,4.984,0,2017-08-27
2017,8,28,4.973,0,2017-08-28
2017,8,29,4.945,0,2017-08-29
2017,8,30,4.877,0,2017-08-30
2017,8,31,4.863,0,2017-08-31
2017,9,1,4.804,0,2017-09-01
2017,9,2,4.812,0,2017-09-02
2017,9,3,4.825,0,2017-09-03
2017,9,4,4.826,0,2017-09-04
2017,9,5,4.759,0,2017-09-05
2017,9,6,4.691,0,2017-09-06
2017,9,7,4.676,0,2017-09-07
2017,9,8,4.686,0,2017-09-08
2017,9,9,4.673,0,2017-09-09
2017,9,10,4.666,0,2017-09-10
2017,9,11,4.684,0,2017-09-11
2017,9,12,4.666,0,2017-09-12
2017,9,13,4.635,0,2017-09-13
2017,9,14,4.675,0,2017-09-14
2017,9,15,4.739,0,2017-09-15
2017,9,16,4.732,0,2017-09-16
2017,9,17,4.791,0,2017-09-17
2017,9,18,4.753,0,2017-09-18
2017,9,19,4.751,0,2017-09-19
2017,9,20,4.849,0,2017-09-20
2017,9,21,4.828,0,2017-09-21
2017,9,22,4.851,0,2017-09-22
2017,9,23,4.828,0,2017-09-23
2017,9,24,4.876,0,2017-09-24
2017,9,25,4.923,0,2017-09-25
2017,9,26,5.04,0,2017-09-26
2017,9,27,5.08,0,2017-09-27
2017,9,28,5.154,0,2017-09-28
2017,9,29,5.156,0,2017-09-29
2017,9,30,5.228,0,2017-09-30
2017,10,1,5.376,0,2017-10-01
2017,10,2,5.4,0,2017-10-02
2017,10,3,5.432,0,2017-10-03
2017,10,4,5.511,0,2017-10-04
2017,10,5,5.534,0,2017-10-05
2017,10,6,5.585,0,2017-10-06
2017,10,7,5.718,0,2017-10-07
2017,10,8,5.91,0,2017-10-08
2017,10,9,6.041,0,2017-10-09
2017,10,10,6.122,0,2017-10-10
2017,10,11,6.194,0,2017-10-11
2017,10,12,6.38,0,2017-10-12
2017,10,13,6.446,0,2017-10-13
2017,10,14,6.506,0,2017-10-14
2017,10,15,6.553,0,2017-10-15
2017,10,16,6.691,0,2017-10-16
2017,10,17,6.851,0,2017-10-17
2017,10,18,7.04,0,2017-10-18
2017,10,19,7.17,0,2017-10-19
2017,10,20,7.269,0,2017-10-20
2017,10,21,7.405,0,2017-10-21
2017,10,22,7.556,0,2017-10-22
2017,10,23,7.587,0,2017-10-23
2017,10,24,7.609,0,2017-10-24
2017,10,25,7.664,0,2017-10-25
2017,10,26,7.777,0,2017-10-26
2017,10,27,7.939,0,2017-10-27
2017,10,28,8.075,0,2017-10-28
2017,10,29,8.061,0,2017-10-29
2017,10,30,8.162,0,2017-10-30
2017,10,31,8.217,0,2017-10-31
2017,11,1,8.329,0,2017-11-01
2017,11,2,8.356,0,2017-11-02
2017,11,3,8.395,0,2017-11-03
2017,11,4,8.498,0,2017-11-04
2017,11,5,8.618,0,2017-11-05
2017,11,6,8.758,0,2017-11-06
2017,11,7,8.882,0,2017-11-07
2017,11,8,8.992,0,2017-11-08
2017,11,9,9.171,0,2017-11-09
2017,11,10,9.312,0,2017-11-10
2017,11,11,9.326,0,2017-11-11
2017,11,12,9.316,0,2017-11-12
2017,11,13,9.339,0,2017-11-13
2017,11,14,9.434,0,2017-11-14
2017,11,15,9.485,0,2017-11-15
2017,11,16,9.567,0,2017-11-16
2017,11,17,9.61,0,2017-11-17
2017,11,18,9.656,0,2017-11-18
2017,11,19,9.744,0,2017-11-19
2017,11,20,9.791,0,2017-11-20
2017,11,21,9.815,0,2017-11-21
2017,11,22,9.792,0,2017-11-22
2017,11,23,9.989,0,2017-11-23
2017,11,24,10.176,0,2017-11-24
2017,11,25,10.225,0,2017-11-25
2017,11,26,10.286,0,2017-11-26
2017,11,27,10.389,0,2017-11-27
2017,11,28,10.448,0,2017-11-28
2017,11,29,10.503,0,2017-11-29
2017,11,30,10.583,0,2017-11-30
2017,12,1,10.801,0,2017-12-01
2017,12,2,10.867,0,2017-12-02
2017,12,3,10.931,0,2017-12-03
2017,12,4,10.909,0,2017-12-04
2017,12,5,10.991,0,2017-12-05
2017,12,6,11.095,0,2017-12-06
2017,12,7,11.084,0,2017-12-07
2017,12,8,11.17,0,2017-12-08
2017,12,9,11.331,0,2017-12-09
2017,12,10,11.569,0,2017-12-10
2017,12,11,11.733,0,2017-12-11
2017,12,12,11.775,0,2017-12-12
2017,12,13,11.865,0,2017-12-13
2017,12,14,11.839,0,2017-12-14
2017,12,15,11.825,0,2017-12-15
2017,12,16,11.827,0,2017-12-16
2017,12,17,11.923,0,2017-12-17
2017,12,18,12.046,0,2017-12-18
2017,12,19,12.024,0,2017-12-19
2017,12,20,12.094,0,2017-12-20
2017,12,21,12.072,0,2017-12-21
2017,12,22,12.075,0,2017-12-22
2017,12,23,12.05,0,2017-12-23
2017,12,24,12.14,0,2017-12-24
2017,12,25,12.229,0,2017-12-25
2017,12,26,12.339,0,2017-12-26
2017,12,27,12.291,0,2017-12-27
2017,12,28,12.235,0,2017-12-28
2017,12,29,12.223,0,2017-12-29
2017,12,30,12.273,0,2017-12-30
2017,12,31,12.397,0,2017-12-31
2018,1,1,12.484,0,2018-01-01
2018,1,2,12.6,0,2018-01-02
2018,1,3,12.634,0,2018-01-03
2018,1,4,12.724,0,2018-01-04
2018,1,5,12.834,0,2018-01-05
2018,1,6,12.772,0,2018-01-06
2018,1,7,12.75,0,2018-01-07
2018,1,8,12.74,0,2018-01-08
2018,1,9,12.874,0,2018-01-09
2018,1,10,12.87,0,2018-01-10
2018,1,11,12.892,0,2018-01-11
2018,1,12,12.887,0,2018-01-12
2018,1,13,13.013,0,2018-01-13
2018,1,14,13.059,0,2018-01-14
2018,1,15,13.107,0,2018-01-15
2018,1,16,13.151,0,2018-01-16
2018,1,17,13.147,0,2018-01-17
2018,1,18,13.166,0,2018-01-18
2018,1,19,13.177,0,2018-01-19
2018,1,20,13.212,0,2018-01-20
2018,1,21,13.215,0,2018-01-21
2018,1,22,13.217,0,2018-01-22
2018,1,23,13.318,0,2018-01-23
2018,1,24,13.427,0,2018-01-24
2018,1,25,13.433,0,2018-01-25
2018,1,26,13.352,0,2018-01-26
2018,1,27,13.272,0,2018-01-27
2018,1,28,13.401,0,2018-01-28
2018,1,29,13.45,0,2018-01-29
2018,1,30,13.563,0,2018-01-30
2018,1,31,13.657,0,2018-01-31
2018,2,1,13.764,0,2018-02-01
2018,2,2,13.833,0,2018-02-02
2018,2,3,13.9,0,2018-02-03
2018,2,4,13.929,0,2018-02-04
2018,2,5,13.976,0,2018-02-05
2018,2,6,13.861,0,2018-02-06
2018,2,7,13.797,0,2018-02-07
2018,2,8,13.831,0,2018-02-08
2018,2,9,13.772,0,2018-02-09
2018,2,10,13.791,0,2018-02-10
2018,2,11,13.809,0,2018-02-11
2018,2,12,13.844,0,2018-02-12
2018,2,13,13.865,0,2018-02-13
2018,2,14,13.831,0,2018-02-14
2018,2,15,13.875,0,2018-02-15
2018,2,16,13.902,0,2018-02-16
2018,2,17,13.954,0,2018-02-17
2018,2,18,13.968,0,2018-02-18
2018,2,19,14.009,0,2018-02-19
2018,2,20,14.065,0,2018-02-20
2018,2,21,14.109,0,2018-02-21
2018,2,22,14.177,0,2018-02-22
2018,2,23,14.228,0,2018-02-23
2018,2,24,14.134,0,2018-02-24
2018,2,25,14.172,0,2018-02-25
2018,2,26,14.187,0,2018-02-26
2018,2,27,14.166,0,2018-02-27
2018,2,28,14.334,0,2018-02-28
2018,3,1,14.336,0,2018-03-01
2018,3,2,14.293,0,2018-03-02
2018,3,3,14.25,0,2018-03-03
2018,3,4,14.23,0,2018-03-04
2018,3,5,14.186,0,2018-03-05
2018,3,6,14.13,0,2018-03-06
2018,3,7,14.177,0,2018-03-07
2018,3,8,14.241,0,2018-03-08
2018,3,9,14.292,0,2018-03-09
2018,3,10,14.306,0,2018-03-10
2018,3,11,14.319,0,2018-03-11
2018,3,12,14.395,0,2018-03-12
2018,3,13,14.418,0,2018-03-13
2018,3,14,14.499,0,2018-03-14
2018,3,15,14.482,0,2018-03-15
2018,3,16,14.461,0,2018-03-16
2018,3,17,14.464,0,2018-03-17
2018,3,18,14.381,0,2018-03-18
2018,3,19,14.33,0,2018-03-19
2018,3,20,14.233,0,2018-03-20
2018,3,21,14.243,0,2018-03-21
2018,3,22,14.318,0,2018-03-22
2018,3,23,14.271,0,2018-03-23
2018,3,24,14.246,0,2018-03-24
2018,3,25,14.201,0,2018-03-25
2018,3,26,14.209,0,2018-03-26
2018,3,27,14.274,0,2018-03-27
2018,3,28,14.309,0,2018-03-28
2018,3,29,14.235,0,2018-03-29
2018,3,30,14.239,0,2018-03-30
2018,3,31,14.257,0,2018-03-31
2018,4,1,14.196,0,2018-04-01
2018,4,2,14.119,0,2018-04-02
2018,4,3,14.02,0,2018-04-03
2018,4,4,14.045,0,2018-04-04
2018,4,5,13.972,0,2018-04-05
2018,4,6,13.939,0,2018-04-06
2018,4,7,13.877,0,2018-04-07
2018,4,8,13.919,0,2018-04-08
2018,4,9,13.903,0,2018-04-09
2018,4,10,13.852,0,2018-04-10
2018,4,11,13.889,0,2018-04-11
2018,4,12,13.827,0,2018-04-12
2018,4,13,13.833,0,2018-04-13
2018,4,14,13.76,0,2018-04-14
2018,4,15,13.728,0,2018-04-15
2018,4,16,13.648,0,2018-04-16
2018,4,17,13.666,0,2018-04-17
2018,4,18,13.652,0,2018-04-18
2018,4,19,13.589,0,2018-04-19
2018,4,20,13.562,0,2018-04-20
2018,4,21,13.534,0,2018-04-21
2018,4,22,13.414,0,2018-04-22
2018,4,23,13.449,0,2018-04-23
2018,4,24,13.465,0,2018-04-24
2018,4,25,13.42,0,2018-04-25
2018,4,26,13.446,0,2018-04-26
2018,4,27,13.399,0,2018-04-27
2018,4,28,13.257,0,2018-04-28
2018,4,29,13.25,0,2018-04-29
2018,4,30,13.252,0,2018-04-30
2018,5,1,13.054,0,2018-05-01
2018,5,2,13.012,0,2018-05-02
2018,5,3,12.941,0,2018-05-03
2018,5,4,12.841,0,2018-05-04
2018,5,5,12.769,0,2018-05-05
2018,5,6,12.647,0,2018-05-06
2018,5,7,12.57,0,2018-05-07
2018,5,8,12.58,0,2018-05-08
2018,5,9,12.542,0,2018-05-09
2018,5,10,12.521,0,2018-05-10
2018,5,11,12.459,0,2018-05-11
2018,5,12,12.358,0,2018-05-12
2018,5,13,12.249,0,2018-05-13
2018,5,14,12.28,0,2018-05-14
2018,5,15,12.209,0,2018-05-15
2018,5,16,12.249,0,2018-05-16
2018,5,17,12.231,0,2018-05-17
2018,5,18,12.111,0,2018-05-18
2018,5,19,12.043,0,2018-05-19
2018,5,20,11.99,0,2018-05-20
2018,5,21,11.891,0,2018-05-21
2018,5,22,11.872,0,2018-05-22
2018,5,23,11.885,0,2018-05-23
2018,5,24,11.801,0,2018-05-24
2018,5,25,11.828,0,2018-05-25
2018,5,26,11.823,0,2018-05-26
2018,5,27,11.765,0,2018-05-27
2018,5,28,11.757,0,2018-05-28
2018,5,29,11.693,0,2018-05-29
2018,5,30,11.612,0,2018-05-30
2018,5,31,11.61,0,2018-05-31
2018,6,1,11.44,0,2018-06-01
2018,6,2,11.442,0,2018-06-02
2018,6,3,11.368,0,2018-06-03
2018,6,4,11.291,0,2018-06-04
2018,6,5,11.26,0,2018-06-05
2018,6,6,11.161,0,2018-06-06
2018,6,7,11.167,0,2018-06-07
2018,6,8,11.102,0,2018-06-08
2018,6,9,11.079,0,2018-06-09
2018,6,10,11.048,0,2018-06-10
2018,6,11,11.034,0,2018-06-11
2018,6,12,11.002,0,2018-06-12
2018,6,13,10.972,0,2018-06-13
2018,6,14,10.882,0,2018-06-14
2018,6,15,10.839,0,2018-06-15
2018,6,16,10.72,0,2018-06-16
2018,6,17,10.742,0,2018-06-17
2018,6,18,10.801,0,2018-06-18
2018,6,19,10.694,0,2018-06-19
2018,6,20,10.696,0,2018-06-20
2018,6,21,10.582,0,2018-06-21
2018,6,22,10.483,0,2018-06-22
2018,6,23,10.411,0,2018-06-23
2018,6,24,10.399,0,2018-06-24
2018,6,25,10.293,0,2018-06-25
2018,6,26,10.225,0,2018-06-26
2018,6,27,10.136,0,2018-06-27
2018,6,28,10.053,0,2018-06-28
2018,6,29,10.017,0,2018-06-29
2018,6,30,9.986,0,2018-06-30
2018,7,1,9.759,0,2018-07-01
2018,7,2,9.66,0,2018-07-02
2018,7,3,9.633,0,2018-07-03
2018,7,4,9.543,0,2018-07-04
2018,7,5,9.359,0,2018-07-05
2018,7,6,9.389,0,2018-07-06
2018,7,7,9.189,0,2018-07-07
2018,7,8,9.193,0,2018-07-08
2018,7,9,9.17,0,2018-07-09
2018,7,10,9.012,0,2018-07-10
2018,7,11,8.85,0,2018-07-11
2018,7,12,8.724,0,2018-07-12
2018,7,13,8.48,0,2018-07-13
2018,7,14,8.37,0,2018-07-14
2018,7,15,8.435,0,2018-07-15
2018,7,16,8.345,0,2018-07-16
2018,7,17,8.232,0,2018-07-17
2018,7,18,8.152,0,2018-07-18
2018,7,19,8.111,0,2018-07-19
2018,7,20,7.931,0,2018-07-20
2018,7,21,7.761,0,2018-07-21
2018,7,22,7.614,0,2018-07-22
2018,7,23,7.356,0,2018-07-23
2018,7,24,7.238,0,2018-07-24
2018,7,25,7.245,0,2018-07-25
2018,7,26,7.162,0,2018-07-26
2018,7,27,7.077,0,2018-07-27
2018,7,28,7.096,0,2018-07-28
2018,7,29,6.93,0,2018-07-29
2018,7,30,6.711,0,2018-07-30
2018,7,31,6.584,0,2018-07-31
2018,8,1,6.53,0,2018-08-01
2018,8,2,6.526,0,2018-08-02
2018,8,3,6.41,0,2018-08-03
2018,8,4,6.368,0,2018-08-04
2018,8,5,6.253,0,2018-08-05
2018,8,6,6.124,0,2018-08-06
2018,8,7,6.04,0,2018-08-07
2018,8,8,5.998,0,2018-08-08
2018,8,9,5.963,0,2018-08-09
2018,8,10,5.864,0,2018-08-10
2018,8,11,5.891,0,2018-08-11
2018,8,12,5.86,0,2018-08-12
2018,8,13,5.737,0,2018-08-13
2018,8,14,5.636,0,2018-08-14
2018,8,15,5.561,0,2018-08-15
2018,8,16,5.476,0,2018-08-16
2018,8,17,5.449,0,2018-08-17
2018,8,18,5.453,0,2018-08-18
2018,8,19,5.422,0,2018-08-19
2018,8,20,5.277,0,2018-08-20
2018,8,21,5.254,0,2018-08-21
2018,8,22,5.2,0,2018-08-22
2018,8,23,5.222,0,2018-08-23
2018,8,24,5.159,0,2018-08-24
2018,8,25,5.128,0,2018-08-25
2018,8,26,5.095,0,2018-08-26
2018,8,27,5.066,0,2018-08-27
2018,8,28,5.022,0,2018-08-28
2018,8,29,5.01,0,2018-08-29
2018,8,30,5.057,0,2018-08-30
2018,8,31,5.008,0,2018-08-31
2018,9,1,4.945,0,2018-09-01
2018,9,2,4.895,0,2018-09-02
2018,9,3,4.887,0,2018-09-03
2018,9,4,4.88,0,2018-09-04
2018,9,5,4.87,0,2018-09-05
2018,9,6,4.874,0,2018-09-06
2018,9,7,4.841,0,2018-09-07
2018,9,8,4.821,0,2018-09-08
2018,9,9,4.827,0,2018-09-09
2018,9,10,4.807,0,2018-09-10
2018,9,11,4.763,0,2018-09-11
2018,9,12,4.749,0,2018-09-12
2018,9,13,4.757,0,2018-09-13
2018,9,14,4.7,0,2018-09-14
2018,9,15,4.688,0,2018-09-15
2018,9,16,4.673,0,2018-09-16
2018,9,17,4.677,0,2018-09-17
2018,9,18,4.711,0,2018-09-18
2018,9,19,4.663,0,2018-09-19
2018,9,20,4.645,0,2018-09-20
2018,9,21,4.63,0,2018-09-21
2018,9,22,4.649,0,2018-09-22
2018,9,23,4.692,0,2018-09-23
2018,9,24,4.708,0,2018-09-24
2018,9,25,4.77,0,2018-09-25
2018,9,26,4.801,0,2018-09-26
2018,9,27,4.884,0,2018-09-27
2018,9,28,4.899,0,2018-09-28
2018,9,29,4.915,0,2018-09-29
2018,9,30,4.936,0,2018-09-30
2018,10,1,5.054,0,2018-10-01
2018,10,2,5.038,0,2018-10-02
2018,10,3,5.063,0,2018-10-03
2018,10,4,5.127,0,2018-10-04
2018,10,5,5.139,0,2018-10-05
2018,10,6,5.117,0,2018-10-06
2018,10,7,5.135,0,2018-10-07
2018,10,8,5.161,0,2018-10-08
2018,10,9,5.237,0,2018-10-09
2018,10,10,5.227,0,2018-10-10
2018,10,11,5.3,0,2018-10-11
2018,10,12,5.416,0,2018-10-12
2018,10,13,5.513,0,2018-10-13
2018,10,14,5.654,0,2018-10-14
2018,10,15,5.837,0,2018-10-15
2018,10,16,5.984,0,2018-10-16
2018,10,17,5.961,0,2018-10-17
2018,10,18,6.047,0,2018-10-18
2018,10,19,6.146,0,2018-10-19
2018,10,20,6.262,0,2018-10-20
2018,10,21,6.46,0,2018-10-21
2018,10,22,6.635,0,2018-10-22
2018,10,23,6.763,0,2018-10-23
2018,10,24,6.997,0,2018-10-24
2018,10,25,7.209,0,2018-10-25
2018,10,26,7.528,0,2018-10-26
2018,10,27,7.712,0,2018-10-27
2018,10,28,7.683,0,2018-10-28
2018,10,29,7.705,0,2018-10-29
2018,10,30,7.906,0,2018-10-30
2018,10,31,8.141,0,2018-10-31
2018,11,1,8.315,0,2018-11-01
2018,11,2,8.475,0,2018-11-02
2018,11,3,8.73,0,2018-11-03
2018,11,4,8.842,0,2018-11-04
2018,11,5,8.922,0,2018-11-05
2018,11,6,8.952,0,2018-11-06
2018,11,7,9.029,0,2018-11-07
2018,11,8,9.088,0,2018-11-08
2018,11,9,9.228,0,2018-11-09
2018,11,10,9.287,0,2018-11-10
2018,11,11,9.413,0,2018-11-11
2018,11,12,9.511,0,2018-11-12
2018,11,13,9.564,0,2018-11-13
2018,11,14,9.6,0,2018-11-14
2018,11,15,9.735,0,2018-11-15
2018,11,16,9.882,0,2018-11-16
2018,11,17,10.005,0,2018-11-17
2018,11,18,10.091,0,2018-11-18
2018,11,19,10.217,0,2018-11-19
2018,11,20,10.349,0,2018-11-20
2018,11,21,10.485,0,2018-11-21
2018,11,22,10.68,0,2018-11-22
2018,11,23,10.588,0,2018-11-23
2018,11,24,10.678,0,2018-11-24
2018,11,25,10.697,0,2018-11-25
2018,11,26,10.775,0,2018-11-26
2018,11,27,10.795,0,2018-11-27
2018,11,28,10.826,0,2018-11-28
2018,11,29,10.929,0,2018-11-29
2018,11,30,11.006,0,2018-11-30
2018,12,1,11.071,0,2018-12-01
2018,12,2,11.075,0,2018-12-02
2018,12,3,11.175,0,2018-12-03
2018,12,4,11.138,0,2018-12-04
2018,12,5,11.203,0,2018-12-05
2018,12,6,11.233,0,2018-12-06
2018,12,7,11.337,0,2018-12-07
2018,12,8,11.413,0,2018-12-08
2018,12,9,11.503,0,2018-12-09
2018,12,10,11.506,0,2018-12-10
2018,12,11,11.648,0,2018-12-11
2018,12,12,11.672,0,2018-12-12
2018,12,13,11.811,0,2018-12-13
2018,12,14,11.856,0,2018-12-14
2018,12,15,11.926,0,2018-12-15
2018,12,16,11.972,0,2018-12-16
2018,12,17,12.007,0,2018-12-17
2018,12,18,12.066,0,2018-12-18
2018,12,19,12.115,0,2018-12-19
2018,12,20,12.054,0,2018-12-20
2018,12,21,12.16,0,2018-12-21
2018,12,22,12.269,0,2018-12-22
2018,12,23,12.316,0,2018-12-23
2018,12,24,12.253,0,2018-12-24
2018,12,25,12.273,0,2018-12-25
2018,12,26,12.272,0,2018-12-26
2018,12,27,12.325,0,2018-12-27
2018,12,28,12.344,0,2018-12-28
2018,12,29,12.523,0,2018-12-29
2018,12,30,12.569,0,2018-12-30
2018,12,31,12.621,0,2018-12-31
2019,1,1,12.934,0,2019-01-01
2019,1,2,12.992,0,2019-01-02
2019,1,3,12.98,0,2019-01-03
2019,1,4,13.045,0,2019-01-04
2019,1,5,13.147,0,2019-01-05
2019,1,6,13.316,0,2019-01-06
2019,1,7,13.282,0,2019-01-07
2019,1,8,13.236,0,2019-01-08
2019,1,9,13.458,0,2019-01-09
2019,1,10,13.383,0,2019-01-10
2019,1,11,13.389,0,2019-01-11
2019,1,12,13.324,0,2019-01-12
2019,1,13,13.339,0,2019-01-13
2019,1,14,13.462,0,2019-01-14
2019,1,15,13.537,0,2019-01-15
2019,1,16,13.575,0,2019-01-16
2019,1,17,13.633,0,2019-01-17
2019,1,18,13.639,0,2019-01-18
2019,1,19,13.686,0,2019-01-19
2019,1,20,13.759,0,2019-01-20
2019,1,21,13.82,0,2019-01-21
2019,1,22,13.805,0,2019-01-22
2019,1,23,13.865,0,2019-01-23
2019,1,24,13.906,0,2019-01-24
2019,1,25,13.89,0,2019-01-25
2019,1,26,13.939,0,2019-01-26
2019,1,27,14.054,0,2019-01-27
2019,1,28,14.076,0,2019-01-28
2019,1,29,14.051,0,2019-01-29
2019,1,30,14.041,0,2019-01-30
2019,1,31,14.021,0,2019-01-31
2019,2,1,14.086,0,2019-02-01
2019,2,2,14.019,0,2019-02-02
2019,2,3,14.025,0,2019-02-03
2019,2,4,14.026,0,2019-02-04
2019,2,5,14.093,0,2019-02-05
2019,2,6,14.082,0,2019-02-06
2019,2,7,14.108,0,2019-02-07
2019,2,8,14.172,0,2019-02-08
2019,2,9,14.251,0,2019-02-09
2019,2,10,14.254,0,2019-02-10
2019,2,11,14.295,0,2019-02-11
2019,2,12,14.32,0,2019-02-12
2019,2,13,14.471,0,2019-02-13
2019,2,14,14.513,0,2019-02-14
2019,2,15,14.419,0,2019-02-15
2019,2,16,14.448,0,2019-02-16
2019,2,17,14.462,0,2019-02-17
2019,2,18,14.553,0,2019-02-18
2019,2,19,14.596,0,2019-02-19
2019,2,20,14.678,0,2019-02-20
2019,2,21,14.709,0,2019-02-21
2019,2,22,14.708,0,2019-02-22
2019,2,23,14.699,0,2019-02-23
2019,2,24,14.652,0,2019-02-24
2019,2,25,14.573,0,2019-02-25
2019,2,26,14.611,0,2019-02-26
2019,2,27,14.606,0,2019-02-27
2019,2,28,14.594,0,2019-02-28
2019,3,1,14.546,0,2019-03-01
2019,3,2,14.595,0,2019-03-02
2019,3,3,14.622,0,2019-03-03
2019,3,4,14.65,0,2019-03-04
2019,3,5,14.643,0,2019-03-05
2019,3,6,14.656,0,2019-03-06
2019,3,7,14.719,0,2019-03-07
2019,3,8,14.772,0,2019-03-08
2019,3,9,14.801,0,2019-03-09
2019,3,10,14.772,0,2019-03-10
2019,3,11,14.896,0,2019-03-11
2019,3,12,14.797,0,2019-03-12
2019,3,13,14.818,0,2019-03-13
2019,3,14,14.76,0,2019-03-14
2019,3,15,14.716,0,2019-03-15
2019,3,16,14.694,0,2019-03-16
2019,3,17,14.659,0,2019-03-17
2019,3,18,14.556,0,2019-03-18
2019,3,19,14.531,0,2019-03-19
2019,3,20,14.694,0,2019-03-20
2019,3,21,14.618,0,2019-03-21
2019,3,22,14.597,0,2019-03-22
2019,3,23,14.486,0,2019-03-23
2019,3,24,14.451,0,2019-03-24
2019,3,25,14.382,0,2019-03-25
2019,3,26,14.33,0,2019-03-26
2019,3,27,14.331,0,2019-03-27
2019,3,28,14.308,0,2019-03-28
2019,3,29,14.227,0,2019-03-29
2019,3,30,14.096,0,2019-03-30
2019,3,31,14.06,0,2019-03-31
2019,4,1,14.014,0,2019-04-01
2019,4,2,14.013,0,2019-04-02
2019,4,3,13.966,0,2019-04-03
2019,4,4,13.889,0,2019-04-04
2019,4,5,13.767,0,2019-04-05
2019,4,6,13.627,0,2019-04-06
2019,4,7,13.539,0,2019-04-07
2019,4,8,13.565,0,2019-04-08
2019,4,9,13.554,0,2019-04-09
2019,4,10,13.547,0,2019-04-10
2019,4,11,13.515,0,2019-04-11
2019,4,12,13.462,0,2019-04-12
2019,4,13,13.5,0,2019-04-13
2019,4,14,13.49,0,2019-04-14
2019,4,15,13.431,0,2019-04-15
2019,4,16,13.394,0,2019-04-16
2019,4,17,13.328,0,2019-04-17
2019,4,18,13.254,0,2019-04-18
2019,4,19,13.214,0,2019-04-19
2019,4,20,13.23,0,2019-04-20
2019,4,21,13.262,0,2019-04-21
2019,4,22,13.221,0,2019-04-22
2019,4,23,13.279,0,2019-04-23
2019,4,24,13.254,0,2019-04-24
2019,4,25,13.307,0,2019-04-25
2019,4,26,13.179,0,2019-04-26
2019,4,27,13.103,0,2019-04-27
2019,4,28,13.08,0,2019-04-28
2019,4,29,13.033,0,2019-04-29
2019,4,30,13.016,0,2019-04-30
2019,5,1,12.862,0,2019-05-01
2019,5,2,12.812,0,2019-05-02
2019,5,3,12.807,0,2019-05-03
2019,5,4,12.662,0,2019-05-04
2019,5,5,12.554,0,2019-05-05
2019,5,6,12.543,0,2019-05-06
2019,5,7,12.576,0,2019-05-07
2019,5,8,12.592,0,2019-05-08
2019,5,9,12.471,0,2019-05-09
2019,5,10,12.368,0,2019-05-10
2019,5,11,12.403,0,2019-05-11
2019,5,12,12.371,0,2019-05-12
2019,5,13,12.264,0,2019-05-13
2019,5,14,12.254,0,2019-05-14
2019,5,15,12.232,0,2019-05-15
2019,5,16,12.192,0,2019-05-16
2019,5,17,12.134,0,2019-05-17
2019,5,18,12.096,0,2019-05-18
2019,5,19,12.044,0,2019-05-19
2019,5,20,11.937,0,2019-05-20
2019,5,21,11.942,0,2019-05-21
2019,5,22,11.96,0,2019-05-22
2019,5,23,11.932,0,2019-05-23
2019,5,24,11.899,0,2019-05-24
2019,5,25,11.877,0,2019-05-25
2019,5,26,11.837,0,2019-05-26
2019,5,27,11.806,0,2019-05-27
2019,5,28,11.665,0,2019-05-28
2019,5,29,11.606,0,2019-05-29
2019,5,30,11.578,0,2019-05-30
2019,5,31,11.487,0,2019-05-31
2019,6,1,11.36,0,2019-06-01
2019,6,2,11.246,0,2019-06-02
2019,6,3,11.207,0,2019-06-03
2019,6,4,11.136,0,2019-06-04
2019,6,5,11.127,0,2019-06-05
2019,6,6,11.089,0,2019-06-06
2019,6,7,11.027,0,2019-06-07
2019,6,8,10.979,0,2019-06-08
2019,6,9,10.962,0,2019-06-09
2019,6,10,10.871,0,2019-06-10
2019,6,11,10.829,0,2019-06-11
2019,6,12,10.788,0,2019-06-12
2019,6,13,10.903,0,2019-06-13
2019,6,14,10.9,0,2019-06-14
2019,6,15,10.849,0,2019-06-15
2019,6,16,10.821,0,2019-06-16
2019,6,17,10.74,0,2019-06-17
2019,6,18,10.637,0,2019-06-18
2019,6,19,10.529,0,2019-06-19
2019,6,20,10.453,0,2019-06-20
2019,6,21,10.33,0,2019-06-21
2019,6,22,10.258,0,2019-06-22
2019,6,23,10.199,0,2019-06-23
2019,6,24,10.15,0,2019-06-24
2019,6,25,10.008,0,2019-06-25
2019,6,26,9.902,0,2019-06-26
2019,6,27,9.736,0,2019-06-27
2019,6,28,9.655,0,2019-06-28
2019,6,29,9.577,0,2019-06-29
2019,6,30,9.54,0,2019-06-30
2019,7,1,9.176,0,2019-07-01
2019,7,2,9.093,0,2019-07-02
2019,7,3,9.049,0,2019-07-03
2019,7,4,8.973,0,2019-07-04
2019,7,5,8.861,0,2019-07-05
2019,7,6,8.7,0,2019-07-06
2019,7,7,8.573,0,2019-07-07
2019,7,8,8.381,0,2019-07-08
2019,7,9,8.253,0,2019-07-09
2019,7,10,8.115,0,2019-07-10
2019,7,11,8.055,0,2019-07-11
2019,7,12,7.958,0,2019-07-12
2019,7,13,7.868,0,2019-07-13
2019,7,14,7.791,0,2019-07-14
2019,7,15,7.673,0,2019-07-15
2019,7,16,7.621,0,2019-07-16
2019,7,17,7.446,0,2019-07-17
2019,7,18,7.25,0,2019-07-18
2019,7,19,7.117,0,2019-07-19
2019,7,20,7.107,0,2019-07-20
2019,7,21,6.982,0,2019-07-21
2019,7,22,6.901,0,2019-07-22
2019,7,23,6.86,0,2019-07-23
2019,7,24,6.734,0,2019-07-24
2019,7,25,6.661,0,2019-07-25
2019,7,26,6.591,0,2019-07-26
2019,7,27,6.477,0,2019-07-27
2019,7,28,6.362,0,2019-07-28
2019,7,29,6.339,0,2019-07-29
2019,7,30,6.187,0,2019-07-30
2019,7,31,6.115,0,2019-07-31
2019,8,1,6.023,0,2019-08-01
2019,8,2,5.924,0,2019-08-02
2019,8,3,5.828,0,2019-08-03
2019,8,4,5.78,0,2019-08-04
2019,8,5,5.595,0,2019-08-05
2019,8,6,5.464,0,2019-08-06
2019,8,7,5.392,0,2019-08-07
2019,8,8,5.385,0,2019-08-08
2019,8,9,5.303,0,2019-08-09
2019,8,10,5.1,0,2019-08-10
2019,8,11,5.098,0,2019-08-11
2019,8,12,5.1,0,2019-08-12
2019,8,13,4.981,0,2019-08-13
2019,8,14,4.963,0,2019-08-14
2019,8,15,4.901,0,2019-08-15
2019,8,16,4.898,0,2019-08-16
2019,8,17,4.851,0,2019-08-17
2019,8,18,4.766,0,2019-08-18
2019,8,19,4.767,0,2019-08-19
2019,8,20,4.756,0,2019-08-20
2019,8,21,4.744,0,2019-08-21
2019,8,22,4.635,0,2019-08-22
2019,8,23,4.625,0,2019-08-23
2019,8,24,4.641,0,2019-08-24
2019,8,25,4.675,0,2019-08-25
2019,8,26,4.636,0,2019-08-26
2019,8,27,4.602,0,2019-08-27
2019,8,28,4.632,0,2019-08-28
2019,8,29,4.649,0,2019-08-29
2019,8,30,4.59,0,2019-08-30
2019,8,31,4.512,0,2019-08-31
2019,9,1,4.442,0,2019-09-01
2019,9,2,4.433,0,2019-09-02
2019,9,3,4.359,0,2019-09-03
2019,9,4,4.328,0,2019-09-04
2019,9,5,4.352,0,2019-09-05
2019,9,6,4.371,0,2019-09-06
2019,9,7,4.408,0,2019-09-07
2019,9,8,4.369,0,2019-09-08
2019,9,9,4.376,0,2019-09-09
2019,9,10,4.344,0,2019-09-10
2019,9,11,4.319,0,2019-09-11
2019,9,12,4.326,0,2019-09-12
2019,9,13,4.269,0,2019-09-13
2019,9,14,4.215,0,2019-09-14
2019,9,15,4.186,0,2019-09-15
2019,9,16,4.204,0,2019-09-16
2019,9,17,4.188,0,2019-09-17
2019,9,18,4.166,0,2019-09-18
2019,9,19,4.244,0,2019-09-19
2019,9,20,4.251,0,2019-09-20
2019,9,21,4.303,0,2019-09-21
2019,9,22,4.296,0,2019-09-22
2019,9,23,4.357,0,2019-09-23
2019,9,24,4.411,0,2019-09-24
2019,9,25,4.47,0,2019-09-25
2019,9,26,4.522,0,2019-09-26
2019,9,27,4.563,0,2019-09-27
2019,9,28,4.596,0,2019-09-28
2019,9,29,4.601,0,2019-09-29
2019,9,30,4.648,0,2019-09-30
2019,10,1,4.828,0,2019-10-01
2019,10,2,4.881,0,2019-10-02
2019,10,3,4.855,0,2019-10-03
2019,10,4,4.882,0,2019-10-04
2019,10,5,4.903,0,2019-10-05
2019,10,6,4.915,0,2019-10-06
2019,10,7,4.952,0,2019-10-07
2019,10,8,4.963,0,2019-10-08
2019,10,9,4.977,0,2019-10-09
2019,10,10,5.061,0,2019-10-10
2019,10,11,5.069,0,2019-10-11
2019,10,12,5.165,0,2019-10-12
2019,10,13,5.161,0,2019-10-13
2019,10,14,5.228,0,2019-10-14
2019,10,15,5.288,0,2019-10-15
2019,10,16,5.327,0,2019-10-16
2019,10,17,5.445,0,2019-10-17
2019,10,18,5.58,0,2019-10-18
2019,10,19,5.726,0,2019-10-19
2019,10,20,5.794,0,2019-10-20
2019,10,21,5.9,0,2019-10-21
2019,10,22,6.027,0,2019-10-22
2019,10,23,6.143,0,2019-10-23
2019,10,24,6.292,0,2019-10-24
2019,10,25,6.509,0,2019-10-25
2019,10,26,6.78,0,2019-10-26
2019,10,27,7.029,0,2019-10-27
2019,10,28,7.32,0,2019-10-28
2019,10,29,7.427,0,2019-10-29
2019,10,30,7.573,0,2019-10-30
2019,10,31,7.782,0,2019-10-31
2019,11,1,7.987,0,2019-11-01
2019,11,2,8.169,0,2019-11-02
2019,11,3,8.29,0,2019-11-03
2019,11,4,8.379,0,2019-11-04
2019,11,5,8.558,0,2019-11-05
2019,11,6,8.675,0,2019-11-06
2019,11,7,8.686,0,2019-11-07
2019,11,8,8.739,0,2019-11-08
2019,11,9,8.825,0,2019-11-09
2019,11,10,8.879,0,2019-11-10
2019,11,11,8.993,0,2019-11-11
2019,11,12,9.178,0,2019-11-12
2019,11,13,9.249,0,2019-11-13
2019,11,14,9.387,0,2019-11-14
2019,11,15,9.43,0,2019-11-15
2019,11,16,9.433,0,2019-11-16
2019,11,17,9.45,0,2019-11-17
2019,11,18,9.552,0,2019-11-18
2019,11,19,9.719,0,2019-11-19
2019,11,20,9.76,0,2019-11-20
2019,11,21,9.811,0,2019-11-21
2019,11,22,9.932,0,2019-11-22
2019,11,23,10,0,2019-11-23
2019,11,24,10.029,0,2019-11-24
2019,11,25,10.066,0,2019-11-25
2019,11,26,10.171,0,2019-11-26
2019,11,27,10.137,0,2019-11-27
2019,11,28,10.269,0,2019-11-28
2019,11,29,10.41,0,2019-11-29
2019,11,30,10.422,0,2019-11-30
2019,12,1,10.542,0,2019-12-01
2019,12,2,10.628,0,2019-12-02
2019,12,3,10.77,0,2019-12-03
2019,12,4,10.914,0,2019-12-04
2019,12,5,10.978,0,2019-12-05
2019,12,6,11.123,0,2019-12-06
2019,12,7,11.359,0,2019-12-07
2019,12,8,11.518,0,2019-12-08
2019,12,9,11.581,0,2019-12-09
2019,12,10,11.618,0,2019-12-10
2019,12,11,11.666,0,2019-12-11
2019,12,12,11.698,0,2019-12-12
2019,12,13,11.781,0,2019-12-13
2019,12,14,11.883,0,2019-12-14
2019,12,15,11.994,0,2019-12-15
2019,12,16,12.042,0,2019-12-16
2019,12,17,11.998,0,2019-12-17
2019,12,18,12.018,0,2019-12-18
2019,12,19,12.077,0,2019-12-19
2019,12,20,12.182,0,2019-12-20
2019,12,21,12.226,0,2019-12-21
2019,12,22,12.327,0,2019-12-22
2019,12,23,12.436,0,2019-12-23
2019,12,24,12.494,0,2019-12-24
2019,12,25,12.545,0,2019-12-25
2019,12,26,12.638,0,2019-12-26
2019,12,27,12.721,0,2019-12-27
2019,12,28,12.712,0,2019-12-28
2019,12,29,12.78,0,2019-12-29
2019,12,30,12.858,0,2019-12-30
2019,12,31,12.889,0,2019-12-31
2020,1,1,13.046,0,2020-01-01
2020,1,2,13.072,0,2020-01-02
2020,1,3,13.17,0,2020-01-03
2020,1,4,13.193,0,2020-01-04
2020,1,5,13.166,0,2020-01-05
2020,1,6,13.195,0,2020-01-06
2020,1,7,13.202,0,2020-01-07
2020,1,8,13.295,0,2020-01-08
2020,1,9,13.248,0,2020-01-09
2020,1,10,13.216,0,2020-01-10
2020,1,11,13.317,0,2020-01-11
2020,1,12,13.393,0,2020-01-12
2020,1,13,13.438,0,2020-01-13
2020,1,14,13.546,0,2020-01-14
2020,1,15,13.58,0,2020-01-15
2020,1,16,13.569,0,2020-01-16
2020,1,17,13.697,0,2020-01-17
2020,1,18,13.762,0,2020-01-18
2020,1,19,13.795,0,2020-01-19
2020,1,20,13.88,0,2020-01-20
2020,1,21,13.898,0,2020-01-21
2020,1,22,13.933,0,2020-01-22
2020,1,23,14.032,0,2020-01-23
2020,1,24,13.979,0,2020-01-24
2020,1,25,14.051,0,2020-01-25
2020,1,26,14.053,0,2020-01-26
2020,1,27,14.062,0,2020-01-27
2020,1,28,14.125,0,2020-01-28
2020,1,29,14.226,0,2020-01-29
2020,1,30,14.276,0,2020-01-30
2020,1,31,14.297,0,2020-01-31
2020,2,1,14.318,0,2020-02-01
2020,2,2,14.37,0,2020-02-02
2020,2,3,14.371,0,2020-02-03
2020,2,4,14.341,0,2020-02-04
2020,2,5,14.466,0,2020-02-05
2020,2,6,14.523,0,2020-02-06
2020,2,7,14.635,0,2020-02-07
2020,2,8,14.641,0,2020-02-08
2020,2,9,14.666,0,2020-02-09
2020,2,10,14.673,0,2020-02-10
2020,2,11,14.612,0,2020-02-11
2020,2,12,14.55,0,2020-02-12
2020,2,13,14.502,0,2020-02-13
2020,2,14,14.577,0,2020-02-14
2020,2,15,14.645,0,2020-02-15
2020,2,16,14.667,0,2020-02-16
2020,2,17,14.665,0,2020-02-17
2020,2,18,14.598,0,2020-02-18
2020,2,19,14.623,0,2020-02-19
2020,2,20,14.715,0,2020-02-20
2020,2,21,14.848,0,2020-02-21
2020,2,22,14.936,0,2020-02-22
2020,2,23,14.761,0,2020-02-23
2020,2,24,14.711,0,2020-02-24
2020,2,25,14.695,0,2020-02-25
2020,2,26,14.763,0,2020-02-26
2020,2,27,14.855,0,2020-02-27
2020,2,28,14.91,0,2020-02-28
2020,2,29,14.985,0,2020-02-29
2020,3,1,15.001,0,2020-03-01
2020,3,2,14.966,0,2020-03-02
2020,3,3,15.039,0,2020-03-03
2020,3,4,15.071,0,2020-03-04
2020,3,5,15.012,0,2020-03-05
2020,3,6,14.938,0,2020-03-06
2020,3,7,14.887,0,2020-03-07
2020,3,8,14.951,0,2020-03-08
2020,3,9,14.981,0,2020-03-09
2020,3,10,14.989,0,2020-03-10
2020,3,11,14.995,0,2020-03-11
2020,3,12,14.999,0,2020-03-12
2020,3,13,14.879,0,2020-03-13
2020,3,14,14.855,0,2020-03-14
2020,3,15,14.977,0,2020-03-15
2020,3,16,14.929,0,2020-03-16
2020,3,17,14.893,0,2020-03-17
2020,3,18,14.854,0,2020-03-18
2020,3,19,14.807,0,2020-03-19
2020,3,20,14.8,0,2020-03-20
2020,3,21,14.702,0,2020-03-21
2020,3,22,14.547,0,2020-03-22
2020,3,23,14.461,0,2020-03-23
2020,3,24,14.385,0,2020-03-24
2020,3,25,14.369,0,2020-03-25
2020,3,26,14.272,0,2020-03-26
2020,3,27,14.326,0,2020-03-27
2020,3,28,14.194,0,2020-03-28
2020,3,29,14.197,0,2020-03-29
2020,3,30,14.201,0,2020-03-30
2020,3,31,14.153,0,2020-03-31
2020,4,1,14.108,0,2020-04-01
2020,4,2,14.127,0,2020-04-02
2020,4,3,14.073,0,2020-04-03
2020,4,4,14.008,0,2020-04-04
2020,4,5,13.897,0,2020-04-05
2020,4,6,13.907,0,2020-04-06
2020,4,7,13.871,0,2020-04-07
2020,4,8,13.711,0,2020-04-08
2020,4,9,13.733,0,2020-04-09
2020,4,10,13.739,0,2020-04-10
2020,4,11,13.696,0,2020-04-11
2020,4,12,13.739,0,2020-04-12
2020,4,13,13.738,0,2020-04-13
2020,4,14,13.757,0,2020-04-14
2020,4,15,13.646,0,2020-04-15
2020,4,16,13.58,0,2020-04-16
2020,4,17,13.489,0,2020-04-17
2020,4,18,13.491,0,2020-04-18
2020,4,19,13.575,0,2020-04-19
2020,4,20,13.546,0,2020-04-20
2020,4,21,13.546,0,2020-04-21
2020,4,22,13.528,0,2020-04-22
2020,4,23,13.428,0,2020-04-23
2020,4,24,13.388,0,2020-04-24
2020,4,25,13.244,0,2020-04-25
2020,4,26,13.182,0,2020-04-26
2020,4,27,13.213,0,2020-04-27
2020,4,28,13.238,0,2020-04-28
2020,4,29,13.225,0,2020-04-29
2020,4,30,13.222,0,2020-04-30
2020,5,1,13.091,0,2020-05-01
2020,5,2,13.077,0,2020-05-02
2020,5,3,13.054,0,2020-05-03
2020,5,4,12.995,0,2020-05-04
2020,5,5,13.038,0,2020-05-05
2020,5,6,12.923,0,2020-05-06
2020,5,7,12.802,0,2020-05-07
2020,5,8,12.764,0,2020-05-08
2020,5,9,12.747,0,2020-05-09
2020,5,10,12.677,0,2020-05-10
2020,5,11,12.679,0,2020-05-11
2020,5,12,12.705,0,2020-05-12
2020,5,13,12.624,0,2020-05-13
2020,5,14,12.532,0,2020-05-14
2020,5,15,12.363,0,2020-05-15
2020,5,16,12.307,0,2020-05-16
2020,5,17,12.224,0,2020-05-17
2020,5,18,12.143,0,2020-05-18
2020,5,19,12.13,0,2020-05-19
2020,5,20,12.184,0,2020-05-20
2020,5,21,12.116,0,2020-05-21
2020,5,22,11.99,0,2020-05-22
2020,5,23,11.896,0,2020-05-23
2020,5,24,11.892,0,2020-05-24
2020,5,25,11.832,0,2020-05-25
2020,5,26,11.722,0,2020-05-26
2020,5,27,11.689,0,2020-05-27
2020,5,28,11.703,0,2020-05-28
2020,5,29,11.642,0,2020-05-29
2020,5,30,11.579,0,2020-05-30
2020,5,31,11.517,0,2020-05-31
2020,6,1,11.431,0,2020-06-01
2020,6,2,11.381,0,2020-06-02
2020,6,3,11.415,0,2020-06-03
2020,6,4,11.366,0,2020-06-04
2020,6,5,11.291,0,2020-06-05
2020,6,6,11.226,0,2020-06-06
2020,6,7,11.158,0,2020-06-07
2020,6,8,11.063,0,2020-06-08
2020,6,9,10.932,0,2020-06-09
2020,6,10,10.932,0,2020-06-10
2020,6,11,10.931,0,2020-06-11
2020,6,12,10.925,0,2020-06-12
2020,6,13,10.815,0,2020-06-13
2020,6,14,10.769,0,2020-06-14
2020,6,15,10.679,0,2020-06-15
2020,6,16,10.606,0,2020-06-16
2020,6,17,10.512,0,2020-06-17
2020,6,18,10.454,0,2020-06-18
2020,6,19,10.483,0,2020-06-19
2020,6,20,10.316,0,2020-06-20
2020,6,21,10.305,0,2020-06-21
2020,6,22,10.195,0,2020-06-22
2020,6,23,10.098,0,2020-06-23
2020,6,24,9.932,0,2020-06-24
2020,6,25,9.947,0,2020-06-25
2020,6,26,9.918,0,2020-06-26
2020,6,27,9.86,0,2020-06-27
2020,6,28,9.748,0,2020-06-28
2020,6,29,9.621,0,2020-06-29
2020,6,30,9.476,0,2020-06-30
2020,7,1,9.253,0,2020-07-01
2020,7,2,9.18,0,2020-07-02
2020,7,3,8.994,0,2020-07-03
2020,7,4,8.817,0,2020-07-04
2020,7,5,8.631,0,2020-07-05
2020,7,6,8.444,0,2020-07-06
2020,7,7,8.316,0,2020-07-07
2020,7,8,8.216,0,2020-07-08
2020,7,9,8.077,0,2020-07-09
2020,7,10,7.959,0,2020-07-10
2020,7,11,7.853,0,2020-07-11
2020,7,12,7.752,0,2020-07-12
2020,7,13,7.482,0,2020-07-13
2020,7,14,7.317,0,2020-07-14
2020,7,15,7.241,0,2020-07-15
2020,7,16,7.1,0,2020-07-16
2020,7,17,6.971,0,2020-07-17
2020,7,18,6.844,0,2020-07-18
2020,7,19,6.719,0,2020-07-19
2020,7,20,6.6,0,2020-07-20
2020,7,21,6.465,0,2020-07-21
2020,7,22,6.335,0,2020-07-22
2020,7,23,6.295,0,2020-07-23
2020,7,24,6.297,0,2020-07-24
2020,7,25,6.226,0,2020-07-25
2020,7,26,6.241,0,2020-07-26
2020,7,27,6.156,0,2020-07-27
2020,7,28,6.159,0,2020-07-28
2020,7,29,6.064,0,2020-07-29
2020,7,30,6.075,0,2020-07-30
2020,7,31,6.034,0,2020-07-31
2020,8,1,5.966,0,2020-08-01
2020,8,2,5.859,0,2020-08-02
2020,8,3,5.834,0,2020-08-03
2020,8,4,5.774,0,2020-08-04
2020,8,5,5.792,0,2020-08-05
2020,8,6,5.751,0,2020-08-06
2020,8,7,5.709,0,2020-08-07
2020,8,8,5.659,0,2020-08-08
2020,8,9,5.579,0,2020-08-09
2020,8,10,5.561,0,2020-08-10
2020,8,11,5.56,0,2020-08-11
2020,8,12,5.43,0,2020-08-12
2020,8,13,5.378,0,2020-08-13
2020,8,14,5.183,0,2020-08-14
2020,8,15,5.166,0,2020-08-15
2020,8,16,4.994,0,2020-08-16
2020,8,17,4.929,0,2020-08-17
2020,8,18,4.876,0,2020-08-18
2020,8,19,4.761,0,2020-08-19
2020,8,20,4.719,0,2020-08-20
2020,8,21,4.574,0,2020-08-21
2020,8,22,4.592,0,2020-08-22
2020,8,23,4.543,0,2020-08-23
2020,8,24,4.567,0,2020-08-24
2020,8,25,4.445,0,2020-08-25
2020,8,26,4.429,0,2020-08-26
2020,8,27,4.408,0,2020-08-27
2020,8,28,4.354,0,2020-08-28
2020,8,29,4.329,0,2020-08-29
2020,8,30,4.226,0,2020-08-30
2020,8,31,4.223,0,2020-08-31
2020,9,1,4.105,0,2020-09-01
2020,9,2,4.097,0,2020-09-02
2020,9,3,4.041,0,2020-09-03
2020,9,4,3.908,0,2020-09-04
2020,9,5,3.898,0,2020-09-05
2020,9,6,3.899,0,2020-09-06
2020,9,7,3.878,0,2020-09-07
2020,9,8,3.845,0,2020-09-08
2020,9,9,3.868,0,2020-09-09
2020,9,10,3.836,0,2020-09-10
2020,9,11,3.849,0,2020-09-11
2020,9,12,3.814,0,2020-09-12
2020,9,13,3.793,0,2020-09-13
2020,9,14,3.846,0,2020-09-14
2020,9,15,3.818,0,2020-09-15
2020,9,16,3.818,0,2020-09-16
2020,9,17,3.92,0,2020-09-17
2020,9,18,3.904,0,2020-09-18
2020,9,19,3.865,0,2020-09-19
2020,9,20,3.918,0,2020-09-20
2020,9,21,3.979,0,2020-09-21
2020,9,22,4.066,0,2020-09-22
2020,9,23,4.121,0,2020-09-23
2020,9,24,4.172,0,2020-09-24
2020,9,25,4.212,0,2020-09-25
2020,9,26,4.283,0,2020-09-26
2020,9,27,4.272,0,2020-09-27
2020,9,28,4.307,0,2020-09-28
2020,9,29,4.332,0,2020-09-29
2020,9,30,4.352,0,2020-09-30
2020,10,1,4.497,0,2020-10-01
2020,10,2,4.479,0,2020-10-02
2020,10,3,4.531,0,2020-10-03
2020,10,4,4.545,0,2020-10-04
2020,10,5,4.578,0,2020-10-05
2020,10,6,4.656,0,2020-10-06
2020,10,7,4.73,0,2020-10-07
2020,10,8,4.721,0,2020-10-08
2020,10,9,4.778,0,2020-10-09
2020,10,10,4.864,0,2020-10-10
2020,10,11,4.963,0,2020-10-11
2020,10,12,5.03,0,2020-10-12
2020,10,13,5.125,0,2020-10-13
2020,10,14,5.173,0,2020-10-14
2020,10,15,5.241,0,2020-10-15
2020,10,16,5.261,0,2020-10-16
2020,10,17,5.328,0,2020-10-17
2020,10,18,5.365,0,2020-10-18
2020,10,19,5.39,0,2020-10-19
2020,10,20,5.402,0,2020-10-20
2020,10,21,5.457,0,2020-10-21
2020,10,22,5.518,0,2020-10-22
2020,10,23,5.638,0,2020-10-23
2020,10,24,5.754,0,2020-10-24
2020,10,25,5.895,0,2020-10-25
2020,10,26,5.976,0,2020-10-26
2020,10,27,6.07,0,2020-10-27
2020,10,28,6.245,0,2020-10-28
2020,10,29,6.526,0,2020-10-29
2020,10,30,6.697,0,2020-10-30
2020,10,31,6.921,0,2020-10-31
2020,11,1,7.284,0,2020-11-01
2020,11,2,7.538,0,2020-11-02
2020,11,3,7.848,0,2020-11-03
2020,11,4,7.964,0,2020-11-04
2020,11,5,8.154,0,2020-11-05
2020,11,6,8.109,0,2020-11-06
2020,11,7,8.23,0,2020-11-07
2020,11,8,8.453,0,2020-11-08
2020,11,9,8.625,0,2020-11-09
2020,11,10,8.68,0,2020-11-10
2020,11,11,8.763,0,2020-11-11
2020,11,12,8.845,0,2020-11-12
2020,11,13,8.909,0,2020-11-13
2020,11,14,8.977,0,2020-11-14
2020,11,15,9.001,0,2020-11-15
2020,11,16,9.125,0,2020-11-16
2020,11,17,9.152,0,2020-11-17
2020,11,18,9.18,0,2020-11-18
2020,11,19,9.184,0,2020-11-19
2020,11,20,9.314,0,2020-11-20
2020,11,21,9.385,0,2020-11-21
2020,11,22,9.605,0,2020-11-22
2020,11,23,9.768,0,2020-11-23
2020,11,24,9.876,0,2020-11-24
2020,11,25,9.942,0,2020-11-25
2020,11,26,9.847,0,2020-11-26
2020,11,27,9.841,0,2020-11-27
2020,11,28,9.863,0,2020-11-28
2020,11,29,9.979,0,2020-11-29
2020,11,30,10.114,0,2020-11-30
2020,12,1,10.365,0,2020-12-01
2020,12,2,10.483,0,2020-12-02
2020,12,3,10.558,0,2020-12-03
2020,12,4,10.608,0,2020-12-04
2020,12,5,10.702,0,2020-12-05
2020,12,6,10.893,0,2020-12-06
2020,12,7,10.964,0,2020-12-07
2020,12,8,10.958,0,2020-12-08
2020,12,9,11.016,0,2020-12-09
2020,12,10,11.144,0,2020-12-10
2020,12,11,11.252,0,2020-12-11
2020,12,12,11.362,0,2020-12-12
2020,12,13,11.565,0,2020-12-13
2020,12,14,11.667,0,2020-12-14
2020,12,15,11.744,0,2020-12-15
2020,12,16,11.907,0,2020-12-16
2020,12,17,11.97,0,2020-12-17
2020,12,18,12.11,0,2020-12-18
2020,12,19,12.247,0,2020-12-19
2020,12,20,12.329,0,2020-12-20
2020,12,21,12.375,0,2020-12-21
2020,12,22,12.468,0,2020-12-22
2020,12,23,12.424,0,2020-12-23
2020,12,24,12.47,0,2020-12-24
2020,12,25,12.504,0,2020-12-25
2020,12,26,12.498,0,2020-12-26
2020,12,27,12.579,0,2020-12-27
2020,12,28,12.582,0,2020-12-28
2020,12,29,12.608,0,2020-12-29
2020,12,30,12.622,0,2020-12-30
2020,12,31,12.639,0,2020-12-31
2021,1,1,12.711,0,2021-01-01
2021,1,2,12.71,0,2021-01-02
2021,1,3,12.799,0,2021-01-03
2021,1,4,12.834,0,2021-01-04
2021,1,5,12.862,0,2021-01-05
2021,1,6,12.917,0,2021-01-06
2021,1,7,13.024,0,2021-01-07
2021,1,8,13.039,0,2021-01-08
2021,1,9,13.078,0,2021-01-09
2021,1,10,13.179,0,2021-01-10
2021,1,11,13.218,0,2021-01-11
2021,1,12,13.356,0,2021-01-12
2021,1,13,13.361,0,2021-01-13
2021,1,14,13.426,0,2021-01-14
2021,1,15,13.523,0,2021-01-15
2021,1,16,13.65,0,2021-01-16
2021,1,17,13.821,0,2021-01-17
2021,1,18,13.775,0,2021-01-18
2021,1,19,13.736,0,2021-01-19
2021,1,20,13.77,0,2021-01-20
2021,1,21,13.761,0,2021-01-21
2021,1,22,13.841,0,2021-01-22
2021,1,23,13.894,0,2021-01-23
2021,1,24,13.945,0,2021-01-24
2021,1,25,13.97,0,2021-01-25
2021,1,26,13.982,0,2021-01-26
2021,1,27,14.044,0,2021-01-27
2021,1,28,14.002,0,2021-01-28
2021,1,29,14.003,0,2021-01-29
2021,1,30,14.117,0,2021-01-30
2021,1,31,14.181,0,2021-01-31
2021,2,1,14.208,0,2021-02-01
2021,2,2,14.247,0,2021-02-02
2021,2,3,14.389,0,2021-02-03
2021,2,4,14.27,0,2021-02-04
2021,2,5,14.269,0,2021-02-05
2021,2,6,14.35,0,2021-02-06
2021,2,7,14.448,0,2021-02-07
2021,2,8,14.461,0,2021-02-08
2021,2,9,14.442,0,2021-02-09
2021,2,10,14.44,0,2021-02-10
2021,2,11,14.568,0,2021-02-11
2021,2,12,14.512,0,2021-02-12
2021,2,13,14.47,0,2021-02-13
2021,2,14,14.497,0,2021-02-14
2021,2,15,14.583,0,2021-02-15
2021,2,16,14.547,0,2021-02-16
2021,2,17,14.375,0,2021-02-17
2021,2,18,14.314,0,2021-02-18
2021,2,19,14.324,0,2021-02-19
2021,2,20,14.297,0,2021-02-20
2021,2,21,14.291,0,2021-02-21
2021,2,22,14.328,0,2021-02-22
2021,2,23,14.34,0,2021-02-23
2021,2,24,14.278,0,2021-02-24
2021,2,25,14.275,0,2021-02-25
2021,2,26,14.348,0,2021-02-26
2021,2,27,14.404,0,2021-02-27
2021,2,28,14.633,0,2021-02-28
2021,3,1,14.647,0,2021-03-01
2021,3,2,14.741,0,2021-03-02
2021,3,3,14.776,0,2021-03-03
2021,3,4,14.801,0,2021-03-04
2021,3,5,14.746,0,2021-03-05
2021,3,6,14.725,0,2021-03-06
2021,3,7,14.727,0,2021-03-07
2021,3,8,14.711,0,2021-03-08
2021,3,9,14.768,0,2021-03-09
2021,3,10,14.818,0,2021-03-10
2021,3,11,14.865,0,2021-03-11
2021,3,12,14.743,0,2021-03-12
2021,3,13,14.658,0,2021-03-13
2021,3,14,14.6,0,2021-03-14
2021,3,15,14.617,0,2021-03-15
2021,3,16,14.74,0,2021-03-16
2021,3,17,14.768,0,2021-03-17
2021,3,18,14.775,0,2021-03-18
2021,3,19,14.748,0,2021-03-19
2021,3,20,14.728,0,2021-03-20
2021,3,21,14.743,0,2021-03-21
2021,3,22,14.65,0,2021-03-22
2021,3,23,14.585,0,2021-03-23
2021,3,24,14.528,0,2021-03-24
2021,3,25,14.552,0,2021-03-25
2021,3,26,14.555,0,2021-03-26
2021,3,27,14.604,0,2021-03-27
2021,3,28,14.464,0,2021-03-28
2021,3,29,14.405,0,2021-03-29
2021,3,30,14.318,0,2021-03-30
2021,3,31,14.299,0,2021-03-31
2021,4,1,14.304,0,2021-04-01
2021,4,2,14.265,0,2021-04-02
2021,4,3,14.221,0,2021-04-03
2021,4,4,14.19,0,2021-04-04
2021,4,5,14.095,0,2021-04-05
2021,4,6,14.095,0,2021-04-06
2021,4,7,14.069,0,2021-04-07
2021,4,8,13.962,0,2021-04-08
2021,4,9,13.991,0,2021-04-09
2021,4,10,13.807,0,2021-04-10
2021,4,11,13.792,0,2021-04-11
2021,4,12,13.808,0,2021-04-12
2021,4,13,13.81,0,2021-04-13
2021,4,14,13.729,0,2021-04-14
2021,4,15,13.786,0,2021-04-15
2021,4,16,13.847,0,2021-04-16
2021,4,17,13.849,0,2021-04-17
2021,4,18,13.787,0,2021-04-18
2021,4,19,13.641,0,2021-04-19
2021,4,20,13.564,0,2021-04-20
2021,4,21,13.494,0,2021-04-21
2021,4,22,13.578,0,2021-04-22
2021,4,23,13.512,0,2021-04-23
2021,4,24,13.537,0,2021-04-24
2021,4,25,13.467,0,2021-04-25
2021,4,26,13.535,0,2021-04-26
2021,4,27,13.546,0,2021-04-27
2021,4,28,13.526,0,2021-04-28
2021,4,29,13.494,0,2021-04-29
2021,4,30,13.455,0,2021-04-30
2021,5,1,13.279,0,2021-05-01
2021,5,2,13.226,0,2021-05-02
2021,5,3,13.142,0,2021-05-03
2021,5,4,13.054,0,2021-05-04
2021,5,5,13,0,2021-05-05
2021,5,6,12.991,0,2021-05-06
2021,5,7,12.943,0,2021-05-07
2021,5,8,12.895,0,2021-05-08
2021,5,9,12.927,0,2021-05-09
2021,5,10,12.875,0,2021-05-10
2021,5,11,12.812,0,2021-05-11
2021,5,12,12.825,0,2021-05-12
2021,5,13,12.833,0,2021-05-13
2021,5,14,12.823,0,2021-05-14
2021,5,15,12.758,0,2021-05-15
2021,5,16,12.78,0,2021-05-16
2021,5,17,12.716,0,2021-05-17
2021,5,18,12.66,0,2021-05-18
2021,5,19,12.66,0,2021-05-19
2021,5,20,12.651,0,2021-05-20
2021,5,21,12.609,0,2021-05-21
2021,5,22,12.537,0,2021-05-22
2021,5,23,12.456,0,2021-05-23
2021,5,24,12.442,0,2021-05-24
2021,5,25,12.39,0,2021-05-25
2021,5,26,12.336,0,2021-05-26
2021,5,27,12.233,0,2021-05-27
2021,5,28,12.164,0,2021-05-28
2021,5,29,12.102,0,2021-05-29
2021,5,30,12.016,0,2021-05-30
2021,5,31,12.005,0,2021-05-31
2021,6,1,11.853,0,2021-06-01
2021,6,2,11.796,0,2021-06-02
2021,6,3,11.704,0,2021-06-03
2021,6,4,11.634,0,2021-06-04
2021,6,5,11.532,0,2021-06-05
2021,6,6,11.473,0,2021-06-06
2021,6,7,11.41,0,2021-06-07
2021,6,8,11.356,0,2021-06-08
2021,6,9,11.311,0,2021-06-09
2021,6,10,11.26,0,2021-06-10
2021,6,11,11.127,0,2021-06-11
2021,6,12,11.024,0,2021-06-12
2021,6,13,10.988,0,2021-06-13
2021,6,14,10.86,0,2021-06-14
2021,6,15,10.816,0,2021-06-15
2021,6,16,10.715,0,2021-06-16
2021,6,17,10.693,0,2021-06-17
2021,6,18,10.654,0,2021-06-18
2021,6,19,10.578,0,2021-06-19
2021,6,20,10.459,0,2021-06-20
2021,6,21,10.367,0,2021-06-21
2021,6,22,10.254,0,2021-06-22
2021,6,23,10.3,0,2021-06-23
2021,6,24,10.16,0,2021-06-24
2021,6,25,10.044,0,2021-06-25
2021,6,26,9.868,0,2021-06-26
2021,6,27,9.769,0,2021-06-27
2021,6,28,9.752,0,2021-06-28
2021,6,29,9.624,0,2021-06-29
2021,6,30,9.571,0,2021-06-30
2021,7,1,9.272,0,2021-07-01
2021,7,2,9.105,0,2021-07-02
2021,7,3,8.812,0,2021-07-03
2021,7,4,8.687,0,2021-07-04
2021,7,5,8.646,0,2021-07-05
2021,7,6,8.596,0,2021-07-06
2021,7,7,8.431,0,2021-07-07
2021,7,8,8.262,0,2021-07-08
2021,7,9,8.059,0,2021-07-09
2021,7,10,8.122,0,2021-07-10
2021,7,11,7.969,0,2021-07-11
2021,7,12,7.795,0,2021-07-12
2021,7,13,7.716,0,2021-07-13
2021,7,14,7.717,0,2021-07-14
2021,7,15,7.554,0,2021-07-15
2021,7,16,7.537,0,2021-07-16
2021,7,17,7.462,0,2021-07-17
2021,7,18,7.3,0,2021-07-18
2021,7,19,7.299,0,2021-07-19
2021,7,20,7.303,0,2021-07-20
2021,7,21,7.221,0,2021-07-21
2021,7,22,7.126,0,2021-07-22
2021,7,23,7.067,0,2021-07-23
2021,7,24,7.037,0,2021-07-24
2021,7,25,6.943,0,2021-07-25
2021,7,26,6.829,0,2021-07-26
2021,7,27,6.797,0,2021-07-27
2021,7,28,6.733,0,2021-07-28
2021,7,29,6.597,0,2021-07-29
2021,7,30,6.595,0,2021-07-30
2021,7,31,6.467,0,2021-07-31
2021,8,1,6.448,0,2021-08-01
2021,8,2,6.429,0,2021-08-02
2021,8,3,6.374,0,2021-08-03
2021,8,4,6.112,0,2021-08-04
2021,8,5,6.07,0,2021-08-05
2021,8,6,6.06,0,2021-08-06
2021,8,7,6.149,0,2021-08-07
2021,8,8,6.086,0,2021-08-08
2021,8,9,6.068,0,2021-08-09
2021,8,10,6.024,0,2021-08-10
2021,8,11,5.927,0,2021-08-11
2021,8,12,5.844,0,2021-08-12
2021,8,13,5.777,0,2021-08-13
2021,8,14,5.749,0,2021-08-14
2021,8,15,5.743,0,2021-08-15
2021,8,16,5.67,0,2021-08-16
2021,8,17,5.619,0,2021-08-17
2021,8,18,5.62,0,2021-08-18
2021,8,19,5.587,0,2021-08-19
2021,8,20,5.547,0,2021-08-20
2021,8,21,5.517,0,2021-08-21
2021,8,22,5.462,0,2021-08-22
2021,8,23,5.368,0,2021-08-23
2021,8,24,5.416,0,2021-08-24
2021,8,25,5.348,0,2021-08-25
2021,8,26,5.303,0,2021-08-26
2021,8,27,5.241,0,2021-08-27
2021,8,28,5.226,0,2021-08-28
2021,8,29,5.137,0,2021-08-29
2021,8,30,5.126,0,2021-08-30
2021,8,31,5.117,0,2021-08-31
2021,9,1,5.076,0,2021-09-01
2021,9,2,5.043,0,2021-09-02
2021,9,3,5.074,0,2021-09-03
2021,9,4,5.073,0,2021-09-04
2021,9,5,4.973,0,2021-09-05
2021,9,6,4.897,0,2021-09-06
2021,9,7,4.895,0,2021-09-07
2021,9,8,4.893,0,2021-09-08
2021,9,9,4.872,0,2021-09-09
2021,9,10,4.827,0,2021-09-10
2021,9,11,4.821,0,2021-09-11
2021,9,12,4.776,0,2021-09-12
2021,9,13,4.773,0,2021-09-13
2021,9,14,4.757,0,2021-09-14
2021,9,15,4.781,0,2021-09-15
2021,9,16,4.774,0,2021-09-16
2021,9,17,4.801,0,2021-09-17
2021,9,18,4.809,0,2021-09-18
2021,9,19,4.886,0,2021-09-19
2021,9,20,4.877,0,2021-09-20
2021,9,21,4.925,0,2021-09-21
2021,9,22,4.941,0,2021-09-22
2021,9,23,4.917,0,2021-09-23
2021,9,24,5.028,0,2021-09-24
2021,9,25,5.103,0,2021-09-25
2021,9,26,5.195,0,2021-09-26
2021,9,27,5.171,0,2021-09-27
2021,9,28,5.148,0,2021-09-28
2021,9,29,5.209,0,2021-09-29
2021,9,30,5.257,0,2021-09-30
2021,10,1,5.395,0,2021-10-01
2021,10,2,5.456,0,2021-10-02
2021,10,3,5.518,0,2021-10-03
2021,10,4,5.561,0,2021-10-04
2021,10,5,5.595,0,2021-10-05
2021,10,6,5.66,0,2021-10-06
2021,10,7,5.737,0,2021-10-07
2021,10,8,5.802,0,2021-10-08
2021,10,9,5.888,0,2021-10-09
2021,10,10,5.985,0,2021-10-10
2021,10,11,6.132,0,2021-10-11
2021,10,12,6.239,0,2021-10-12
2021,10,13,6.303,0,2021-10-13
2021,10,14,6.367,0,2021-10-14
2021,10,15,6.504,0,2021-10-15
2021,10,16,6.636,0,2021-10-16
2021,10,17,6.842,0,2021-10-17
2021,10,18,7.041,0,2021-10-18
2021,10,19,7.149,0,2021-10-19
2021,10,20,7.269,0,2021-10-20
2021,10,21,7.403,0,2021-10-21
2021,10,22,7.632,0,2021-10-22
2021,10,23,7.745,0,2021-10-23
2021,10,24,7.867,0,2021-10-24
2021,10,25,7.98,0,2021-10-25
2021,10,26,8.094,0,2021-10-26
2021,10,27,8.135,0,2021-10-27
2021,10,28,8.203,0,2021-10-28
2021,10,29,8.301,0,2021-10-29
2021,10,30,8.406,0,2021-10-30
2021,10,31,8.461,0,2021-10-31
2021,11,1,8.648,0,2021-11-01
2021,11,2,8.705,0,2021-11-02
2021,11,3,8.703,0,2021-11-03
2021,11,4,8.716,0,2021-11-04
2021,11,5,8.793,0,2021-11-05
2021,11,6,8.957,0,2021-11-06
2021,11,7,9.021,0,2021-11-07
2021,11,8,9.138,0,2021-11-08
2021,11,9,9.266,0,2021-11-09
2021,11,10,9.394,0,2021-11-10
2021,11,11,9.434,0,2021-11-11
2021,11,12,9.526,0,2021-11-12
2021,11,13,9.681,0,2021-11-13
2021,11,14,9.786,0,2021-11-14
2021,11,15,9.888,0,2021-11-15
2021,11,16,9.991,0,2021-11-16
2021,11,17,10.077,0,2021-11-17
2021,11,18,10.106,0,2021-11-18
2021,11,19,10.211,0,2021-11-19
2021,11,20,10.227,0,2021-11-20
2021,11,21,10.325,0,2021-11-21
2021,11,22,10.454,0,2021-11-22
2021,11,23,10.571,0,2021-11-23
2021,11,24,10.52,0,2021-11-24
2021,11,25,10.59,0,2021-11-25
2021,11,26,10.672,0,2021-11-26
2021,11,27,10.763,0,2021-11-27
2021,11,28,10.868,0,2021-11-28
2021,11,29,10.894,0,2021-11-29
2021,11,30,10.982,0,2021-11-30
2021,12,1,11.287,0,2021-12-01
2021,12,2,11.374,0,2021-12-02
2021,12,3,11.31,0,2021-12-03
2021,12,4,11.322,0,2021-12-04
2021,12,5,11.331,0,2021-12-05
2021,12,6,11.334,0,2021-12-06
2021,12,7,11.432,0,2021-12-07
2021,12,8,11.467,0,2021-12-08
2021,12,9,11.586,0,2021-12-09
2021,12,10,11.613,0,2021-12-10
2021,12,11,11.731,0,2021-12-11
2021,12,12,11.862,0,2021-12-12
2021,12,13,11.947,0,2021-12-13
2021,12,14,12.022,0,2021-12-14
2021,12,15,12.021,0,2021-12-15
2021,12,16,12.015,0,2021-12-16
2021,12,17,12.23,0,2021-12-17
2021,12,18,12.265,0,2021-12-18
2021,12,19,12.269,0,2021-12-19
2021,12,20,12.417,0,2021-12-20
2021,12,21,12.601,0,2021-12-21
2021,12,22,12.7,0,2021-12-22
2021,12,23,12.805,0,2021-12-23
2021,12,24,12.858,0,2021-12-24
2021,12,25,12.868,0,2021-12-25
2021,12,26,12.867,0,2021-12-26
2021,12,27,12.95,0,2021-12-27
2021,12,28,12.976,0,2021-12-28
2021,12,29,12.99,0,2021-12-29
2021,12,30,13.09,0,2021-12-30
2021,12,31,13.166,0,2021-12-31
2022,1,1,13.291,0,2022-01-01
2022,1,2,13.392,0,2022-01-02
2022,1,3,13.354,0,2022-01-03
2022,1,4,13.44,0,2022-01-04
2022,1,5,13.496,0,2022-01-05
2022,1,6,13.573,0,2022-01-06
2022,1,7,13.591,0,2022-01-07
2022,1,8,13.676,0,2022-01-08
2022,1,9,13.668,0,2022-01-09
2022,1,10,13.651,0,2022-01-10
2022,1,11,13.726,0,2022-01-11
2022,1,12,13.758,0,2022-01-12
2022,1,13,13.749,0,2022-01-13
2022,1,14,13.796,0,2022-01-14
2022,1,15,13.889,0,2022-01-15
2022,1,16,13.9,0,2022-01-16
2022,1,17,13.902,0,2022-01-17
2022,1,18,14.043,0,2022-01-18
2022,1,19,14.015,0,2022-01-19
2022,1,20,14.02,0,2022-01-20
2022,1,21,14.121,0,2022-01-21
2022,1,22,14.117,0,2022-01-22
2022,1,23,14.145,0,2022-01-23
2022,1,24,14.061,0,2022-01-24
2022,1,25,13.998,0,2022-01-25
2022,1,26,14.056,0,2022-01-26
2022,1,27,14.161,0,2022-01-27
2022,1,28,14.244,0,2022-01-28
2022,1,29,14.332,0,2022-01-29
2022,1,30,14.472,0,2022-01-30
2022,1,31,14.382,0,2022-01-31
2022,2,1,14.393,0,2022-02-01
2022,2,2,14.45,0,2022-02-02
2022,2,3,14.538,0,2022-02-03
2022,2,4,14.539,0,2022-02-04
2022,2,5,14.549,0,2022-02-05
2022,2,6,14.491,0,2022-02-06
2022,2,7,14.424,0,2022-02-07
2022,2,8,14.472,0,2022-02-08
2022,2,9,14.4,0,2022-02-09
2022,2,10,14.372,0,2022-02-10
2022,2,11,14.393,0,2022-02-11
2022,2,12,14.463,0,2022-02-12
2022,2,13,14.492,0,2022-02-13
2022,2,14,14.643,0,2022-02-14
2022,2,15,14.61,0,2022-02-15
2022,2,16,14.645,0,2022-02-16
2022,2,17,14.658,0,2022-02-17
2022,2,18,14.717,0,2022-02-18
2022,2,19,14.729,0,2022-02-19
2022,2,20,14.759,0,2022-02-20
2022,2,21,14.94,0,2022-02-21
2022,2,22,14.847,0,2022-02-22
2022,2,23,14.843,0,2022-02-23
2022,2,24,14.772,0,2022-02-24
2022,2,25,14.804,0,2022-02-25
2022,2,26,14.753,0,2022-02-26
2022,2,27,14.724,0,2022-02-27
2022,2,28,14.705,0,2022-02-28
2022,3,1,14.71,0,2022-03-01
2022,3,2,14.799,0,2022-03-02
2022,3,3,14.731,0,2022-03-03
2022,3,4,14.726,0,2022-03-04
2022,3,5,14.808,0,2022-03-05
2022,3,6,14.769,0,2022-03-06
2022,3,7,14.791,0,2022-03-07
2022,3,8,14.779,0,2022-03-08
2022,3,9,14.703,0,2022-03-09
2022,3,10,14.704,0,2022-03-10
2022,3,11,14.597,0,2022-03-11
2022,3,12,14.62,0,2022-03-12
2022,3,13,14.589,0,2022-03-13
2022,3,14,14.516,0,2022-03-14
2022,3,15,14.48,0,2022-03-15
2022,3,16,14.483,0,2022-03-16
2022,3,17,14.484,0,2022-03-17
2022,3,18,14.49,0,2022-03-18
2022,3,19,14.538,0,2022-03-19
2022,3,20,14.552,0,2022-03-20
2022,3,21,14.51,0,2022-03-21
2022,3,22,14.457,0,2022-03-22
2022,3,23,14.41,0,2022-03-23
2022,3,24,14.421,0,2022-03-24
2022,3,25,14.608,0,2022-03-25
2022,3,26,14.587,0,2022-03-26
2022,3,27,14.583,0,2022-03-27
2022,3,28,14.539,0,2022-03-28
2022,3,29,14.469,0,2022-03-29
2022,3,30,14.386,0,2022-03-30
2022,3,31,14.321,0,2022-03-31
2022,4,1,14.345,0,2022-04-01
2022,4,2,14.378,0,2022-04-02
2022,4,3,14.337,0,2022-04-03
2022,4,4,14.372,0,2022-04-04
2022,4,5,14.32,0,2022-04-05
2022,4,6,14.257,0,2022-04-06
2022,4,7,14.282,0,2022-04-07
2022,4,8,14.377,0,2022-04-08
2022,4,9,14.365,0,2022-04-09
2022,4,10,14.293,0,2022-04-10
2022,4,11,14.154,0,2022-04-11
2022,4,12,14.046,0,2022-04-12
2022,4,13,13.994,0,2022-04-13
2022,4,14,14.028,0,2022-04-14
2022,4,15,13.998,0,2022-04-15
2022,4,16,13.96,0,2022-04-16
2022,4,17,13.911,0,2022-04-17
2022,4,18,13.881,0,2022-04-18
2022,4,19,13.854,0,2022-04-19
2022,4,20,13.828,0,2022-04-20
2022,4,21,13.756,0,2022-04-21
2022,4,22,13.761,0,2022-04-22
2022,4,23,13.729,0,2022-04-23
2022,4,24,13.793,0,2022-04-24
2022,4,25,13.699,0,2022-04-25
2022,4,26,13.688,0,2022-04-26
2022,4,27,13.629,0,2022-04-27
2022,4,28,13.58,0,2022-04-28
2022,4,29,13.498,0,2022-04-29
2022,4,30,13.466,0,2022-04-30
2022,5,1,13.387,0,2022-05-01
2022,5,2,13.331,0,2022-05-02
2022,5,3,13.291,0,2022-05-03
2022,5,4,13.259,0,2022-05-04
2022,5,5,13.238,0,2022-05-05
2022,5,6,13.235,0,2022-05-06
2022,5,7,13.235,0,2022-05-07
2022,5,8,13.16,0,2022-05-08
2022,5,9,13.168,0,2022-05-09
2022,5,10,13.109,0,2022-05-10
2022,5,11,13.119,0,2022-05-11
2022,5,12,13.057,0,2022-05-12
2022,5,13,12.986,0,2022-05-13
2022,5,14,13.032,0,2022-05-14
2022,5,15,12.984,0,2022-05-15
2022,5,16,12.933,0,2022-05-16
2022,5,17,12.936,0,2022-05-17
2022,5,18,12.873,0,2022-05-18
2022,5,19,12.763,0,2022-05-19
2022,5,20,12.712,0,2022-05-20
2022,5,21,12.694,0,2022-05-21
2022,5,22,12.647,0,2022-05-22
2022,5,23,12.652,0,2022-05-23
2022,5,24,12.584,0,2022-05-24
2022,5,25,12.567,0,2022-05-25
2022,5,26,12.455,0,2022-05-26
2022,5,27,12.415,0,2022-05-27
2022,5,28,12.418,0,2022-05-28
2022,5,29,12.369,0,2022-05-29
2022,5,30,12.333,0,2022-05-30
2022,5,31,12.297,0,2022-05-31
2022,6,1,12.064,0,2022-06-01
2022,6,2,11.975,0,2022-06-02
2022,6,3,11.952,0,2022-06-03
2022,6,4,11.812,0,2022-06-04
2022,6,5,11.707,0,2022-06-05
2022,6,6,11.644,0,2022-06-06
2022,6,7,11.566,0,2022-06-07
2022,6,8,11.498,0,2022-06-08
2022,6,9,11.405,0,2022-06-09
2022,6,10,11.351,0,2022-06-10
2022,6,11,11.275,0,2022-06-11
2022,6,12,11.159,0,2022-06-12
2022,6,13,11.104,0,2022-06-13
2022,6,14,11.029,0,2022-06-14
2022,6,15,10.93,0,2022-06-15
2022,6,16,10.88,0,2022-06-16
2022,6,17,10.82,0,2022-06-17
2022,6,18,10.617,0,2022-06-18
2022,6,19,10.566,0,2022-06-19
2022,6,20,10.468,0,2022-06-20
2022,6,21,10.391,0,2022-06-21
2022,6,22,10.307,0,2022-06-22
2022,6,23,10.202,0,2022-06-23
2022,6,24,10.134,0,2022-06-24
2022,6,25,10.043,0,2022-06-25
2022,6,26,9.961,0,2022-06-26
2022,6,27,9.91,0,2022-06-27
2022,6,28,9.878,0,2022-06-28
2022,6,29,9.864,0,2022-06-29
2022,6,30,9.753,0,2022-06-30
2022,7,1,9.56,0,2022-07-01
2022,7,2,9.541,0,2022-07-02
2022,7,3,9.455,0,2022-07-03
2022,7,4,9.299,0,2022-07-04
2022,7,5,9.14,0,2022-07-05
2022,7,6,9.143,0,2022-07-06
2022,7,7,9.121,0,2022-07-07
2022,7,8,9.012,0,2022-07-08
2022,7,9,8.927,0,2022-07-09
2022,7,10,8.818,0,2022-07-10
2022,7,11,8.788,0,2022-07-11
2022,7,12,8.724,0,2022-07-12
2022,7,13,8.66,0,2022-07-13
2022,7,14,8.597,0,2022-07-14
2022,7,15,8.528,0,2022-07-15
2022,7,16,8.395,0,2022-07-16
2022,7,17,8.304,0,2022-07-17
2022,7,18,8.166,0,2022-07-18
2022,7,19,8.037,0,2022-07-19
2022,7,20,7.977,0,2022-07-20
2022,7,21,7.929,0,2022-07-21
2022,7,22,7.748,0,2022-07-22
2022,7,23,7.612,0,2022-07-23
2022,7,24,7.545,0,2022-07-24
2022,7,25,7.433,0,2022-07-25
2022,7,26,7.276,0,2022-07-26
2022,7,27,7.168,0,2022-07-27
2022,7,28,7.06,0,2022-07-28
2022,7,29,7.036,0,2022-07-29
2022,7,30,7.015,0,2022-07-30
2022,7,31,6.89,0,2022-07-31
2022,8,1,6.839,0,2022-08-01
2022,8,2,6.747,0,2022-08-02
2022,8,3,6.697,0,2022-08-03
2022,8,4,6.602,0,2022-08-04
2022,8,5,6.566,0,2022-08-05
2022,8,6,6.486,0,2022-08-06
2022,8,7,6.459,0,2022-08-07
2022,8,8,6.43,0,2022-08-08
2022,8,9,6.39,0,2022-08-09
2022,8,10,6.307,0,2022-08-10
2022,8,11,6.25,0,2022-08-11
2022,8,12,6.173,0,2022-08-12
2022,8,13,6.076,0,2022-08-13
2022,8,14,5.982,0,2022-08-14
2022,8,15,5.99,0,2022-08-15
2022,8,16,6.01,0,2022-08-16
2022,8,17,6.007,0,2022-08-17
2022,8,18,5.909,0,2022-08-18
2022,8,19,5.805,0,2022-08-19
2022,8,20,5.787,0,2022-08-20
2022,8,21,5.717,0,2022-08-21
2022,8,22,5.608,0,2022-08-22
2022,8,23,5.521,0,2022-08-23
2022,8,24,5.443,0,2022-08-24
2022,8,25,5.352,0,2022-08-25
2022,8,26,5.287,0,2022-08-26
2022,8,27,5.222,0,2022-08-27
2022,8,28,5.223,0,2022-08-28
2022,8,29,5.226,0,2022-08-29
2022,8,30,5.181,0,2022-08-30
2022,8,31,5.143,0,2022-08-31
2022,9,1,5.073,0,2022-09-01
2022,9,2,5.048,0,2022-09-02
2022,9,3,5.006,0,2022-09-03
2022,9,4,4.908,0,2022-09-04
2022,9,5,4.9,0,2022-09-05
2022,9,6,4.866,0,2022-09-06
2022,9,7,4.886,0,2022-09-07
2022,9,8,4.916,0,2022-09-08
2022,9,9,4.911,0,2022-09-09
2022,9,10,4.854,0,2022-09-10
2022,9,11,4.821,0,2022-09-11
2022,9,12,4.761,0,2022-09-12
2022,9,13,4.748,0,2022-09-13
2022,9,14,4.728,0,2022-09-14
2022,9,15,4.692,0,2022-09-15
2022,9,16,4.718,0,2022-09-16
2022,9,17,4.699,0,2022-09-17
2022,9,18,4.703,0,2022-09-18
2022,9,19,4.706,0,2022-09-19
2022,9,20,4.779,0,2022-09-20
2022,9,21,4.851,0,2022-09-21
2022,9,22,4.845,0,2022-09-22
2022,9,23,4.908,0,2022-09-23
2022,9,24,4.955,0,2022-09-24
2022,9,25,5.043,0,2022-09-25
2022,9,26,4.994,0,2022-09-26
2022,9,27,5.079,0,2022-09-27
2022,9,28,5.119,0,2022-09-28
2022,9,29,5.179,0,2022-09-29
2022,9,30,5.212,0,2022-09-30
2022,10,1,5.319,0,2022-10-01
2022,10,2,5.405,0,2022-10-02
2022,10,3,5.48,0,2022-10-03
2022,10,4,5.495,0,2022-10-04
2022,10,5,5.551,0,2022-10-05
2022,10,6,5.626,0,2022-10-06
2022,10,7,5.595,0,2022-10-07
2022,10,8,5.659,0,2022-10-08
2022,10,9,5.725,0,2022-10-09
2022,10,10,5.808,0,2022-10-10
2022,10,11,5.935,0,2022-10-11
2022,10,12,6.072,0,2022-10-12
2022,10,13,6.193,0,2022-10-13
2022,10,14,6.326,0,2022-10-14
2022,10,15,6.443,0,2022-10-15
2022,10,16,6.466,0,2022-10-16
2022,10,17,6.732,0,2022-10-17
2022,10,18,6.9,0,2022-10-18
2022,10,19,6.954,0,2022-10-19
2022,10,20,6.959,0,2022-10-20
2022,10,21,6.966,0,2022-10-21
2022,10,22,7.103,0,2022-10-22
2022,10,23,7.265,0,2022-10-23
2022,10,24,7.412,0,2022-10-24
2022,10,25,7.658,0,2022-10-25
2022,10,26,7.822,0,2022-10-26
2022,10,27,8.011,0,2022-10-27
2022,10,28,8.181,0,2022-10-28
2022,10,29,8.305,0,2022-10-29
2022,10,30,8.473,0,2022-10-30
2022,10,31,8.539,0,2022-10-31
2022,11,1,8.699,0,2022-11-01
2022,11,2,8.817,0,2022-11-02
2022,11,3,8.942,0,2022-11-03
2022,11,4,9.022,0,2022-11-04
2022,11,5,9.062,0,2022-11-05
2022,11,6,9.186,0,2022-11-06
2022,11,7,9.272,0,2022-11-07
2022,11,8,9.31,0,2022-11-08
2022,11,9,9.297,0,2022-11-09
2022,11,10,9.391,0,2022-11-10
2022,11,11,9.487,0,2022-11-11
2022,11,12,9.56,0,2022-11-12
2022,11,13,9.617,0,2022-11-13
2022,11,14,9.636,0,2022-11-14
2022,11,15,9.724,0,2022-11-15
2022,11,16,9.803,0,2022-11-16
2022,11,17,9.775,0,2022-11-17
2022,11,18,9.809,0,2022-11-18
2022,11,19,9.9,0,2022-11-19
2022,11,20,10.028,0,2022-11-20
2022,11,21,10.09,0,2022-11-21
2022,11,22,10.197,0,2022-11-22
2022,11,23,10.244,0,2022-11-23
2022,11,24,10.255,0,2022-11-24
2022,11,25,10.281,0,2022-11-25
2022,11,26,10.347,0,2022-11-26
2022,11,27,10.419,0,2022-11-27
2022,11,28,10.489,0,2022-11-28
2022,11,29,10.554,0,2022-11-29
2022,11,30,10.545,0,2022-11-30
2022,12,1,10.692,0,2022-12-01
2022,12,2,10.582,0,2022-12-02
2022,12,3,10.733,0,2022-12-03
2022,12,4,10.916,0,2022-12-04
2022,12,5,10.84,0,2022-12-05
2022,12,6,10.952,0,2022-12-06
2022,12,7,11.233,0,2022-12-07
2022,12,8,11.452,0,2022-12-08
2022,12,9,11.566,0,2022-12-09
2022,12,10,11.692,0,2022-12-10
2022,12,11,11.726,0,2022-12-11
2022,12,12,11.852,0,2022-12-12
2022,12,13,12.012,0,2022-12-13
2022,12,14,12.048,0,2022-12-14
2022,12,15,12.112,0,2022-12-15
2022,12,16,12,0,2022-12-16
2022,12,17,12.071,0,2022-12-17
2022,12,18,12.153,0,2022-12-18
2022,12,19,12.232,0,2022-12-19
2022,12,20,12.283,0,2022-12-20
2022,12,21,12.346,0,2022-12-21
2022,12,22,12.505,0,2022-12-22
2022,12,23,12.503,0,2022-12-23
2022,12,24,12.458,0,2022-12-24
2022,12,25,12.411,0,2022-12-25
2022,12,26,12.494,0,2022-12-26
2022,12,27,12.492,0,2022-12-27
2022,12,28,12.52,0,2022-12-28
2022,12,29,12.585,0,2022-12-29
2022,12,30,12.575,0,2022-12-30
2022,12,31,12.614,0,2022-12-31
2023,1,1,12.709,0,2023-01-01
2023,1,2,12.761,0,2023-01-02
2023,1,3,12.783,0,2023-01-03
2023,1,4,12.85,0,2023-01-04
2023,1,5,12.922,0,2023-01-05
2023,1,6,12.924,0,2023-01-06
2023,1,7,13.036,0,2023-01-07
2023,1,8,13.184,0,2023-01-08
2023,1,9,13.237,0,2023-01-09
2023,1,10,13.221,0,2023-01-10
2023,1,11,13.237,0,2023-01-11
2023,1,12,13.262,0,2023-01-12
2023,1,13,13.453,0,2023-01-13
2023,1,14,13.422,0,2023-01-14
2023,1,15,13.428,0,2023-01-15
2023,1,16,13.503,0,2023-01-16
2023,1,17,13.529,0,2023-01-17
2023,1,18,13.505,0,2023-01-18
2023,1,19,13.573,0,2023-01-19
2023,1,20,13.511,0,2023-01-20
2023,1,21,13.559,0,2023-01-21
2023,1,22,13.54,0,2023-01-22
2023,1,23,13.617,0,2023-01-23
2023,1,24,13.69,0,2023-01-24
2023,1,25,13.726,0,2023-01-25
2023,1,26,13.721,0,2023-01-26
2023,1,27,13.705,0,2023-01-27
2023,1,28,13.698,0,2023-01-28
2023,1,29,13.643,0,2023-01-29
2023,1,30,13.673,0,2023-01-30
2023,1,31,13.663,0,2023-01-31
2023,2,1,13.781,0,2023-02-01
2023,2,2,13.914,0,2023-02-02
2023,2,3,13.93,0,2023-02-03
2023,2,4,13.977,0,2023-02-04
2023,2,5,14.033,0,2023-02-05
2023,2,6,14.027,0,2023-02-06
2023,2,7,14.107,0,2023-02-07
2023,2,8,14.061,0,2023-02-08
2023,2,9,14.047,0,2023-02-09
2023,2,10,14.016,0,2023-02-10
2023,2,11,14.051,0,2023-02-11
2023,2,12,14.103,0,2023-02-12
2023,2,13,14.149,0,2023-02-13
2023,2,14,14.271,0,2023-02-14
2023,2,15,14.328,0,2023-02-15
2023,2,16,14.301,0,2023-02-16
2023,2,17,14.26,0,2023-02-17
2023,2,18,14.237,0,2023-02-18
2023,2,19,14.25,0,2023-02-19
2023,2,20,14.402,0,2023-02-20
2023,2,21,14.339,0,2023-02-21
2023,2,22,14.343,0,2023-02-22
2023,2,23,14.359,0,2023-02-23
2023,2,24,14.318,0,2023-02-24
2023,2,25,14.34,0,2023-02-25
2023,2,26,14.426,0,2023-02-26
2023,2,27,14.469,0,2023-02-27
2023,2,28,14.448,0,2023-02-28
2023,3,1,14.535,0,2023-03-01
2023,3,2,14.619,0,2023-03-02
2023,3,3,14.632,0,2023-03-03
2023,3,4,14.624,0,2023-03-04
2023,3,5,14.636,0,2023-03-05
2023,3,6,14.571,0,2023-03-06
2023,3,7,14.607,0,2023-03-07
2023,3,8,14.559,0,2023-03-08
2023,3,9,14.558,0,2023-03-09
2023,3,10,14.474,0,2023-03-10
2023,3,11,14.451,0,2023-03-11
2023,3,12,14.401,0,2023-03-12
2023,3,13,14.416,0,2023-03-13
2023,3,14,14.373,0,2023-03-14
2023,3,15,14.351,0,2023-03-15
2023,3,16,14.336,0,2023-03-16
2023,3,17,14.404,0,2023-03-17
2023,3,18,14.383,0,2023-03-18
2023,3,19,14.381,0,2023-03-19
2023,3,20,14.422,0,2023-03-20
2023,3,21,14.307,0,2023-03-21
2023,3,22,14.329,0,2023-03-22
2023,3,23,14.388,0,2023-03-23
2023,3,24,14.473,0,2023-03-24
2023,3,25,14.399,0,2023-03-25
2023,3,26,14.368,0,2023-03-26
2023,3,27,14.311,0,2023-03-27
2023,3,28,14.309,0,2023-03-28
2023,3,29,14.267,0,2023-03-29
2023,3,30,14.252,0,2023-03-30
2023,3,31,14.205,0,2023-03-31
2023,4,1,14.101,0,2023-04-01
2023,4,2,14.082,0,2023-04-02
2023,4,3,14.169,0,2023-04-03
2023,4,4,14.096,0,2023-04-04
2023,4,5,14.067,0,2023-04-05
2023,4,6,14.033,0,2023-04-06
2023,4,7,14.067,0,2023-04-07
2023,4,8,14.045,0,2023-04-08
2023,4,9,14.064,0,2023-04-09
2023,4,10,14.156,0,2023-04-10
2023,4,11,14.135,0,2023-04-11
2023,4,12,14.034,0,2023-04-12
2023,4,13,14.012,0,2023-04-13
2023,4,14,13.988,0,2023-04-14
2023,4,15,13.978,0,2023-04-15
2023,4,16,14.037,0,2023-04-16
2023,4,17,13.936,0,2023-04-17
2023,4,18,13.969,0,2023-04-18
2023,4,19,13.931,0,2023-04-19
2023,4,20,13.905,0,2023-04-20
2023,4,21,13.882,0,2023-04-21
2023,4,22,13.818,0,2023-04-22
2023,4,23,13.817,0,2023-04-23
2023,4,24,13.792,0,2023-04-24
2023,4,25,13.742,0,2023-04-25
2023,4,26,13.647,0,2023-04-26
2023,4,27,13.62,0,2023-04-27
2023,4,28,13.566,0,2023-04-28
2023,4,29,13.519,0,2023-04-29
2023,4,30,13.5,0,2023-04-30
2023,5,1,13.407,0,2023-05-01
2023,5,2,13.432,0,2023-05-02
2023,5,3,13.416,0,2023-05-03
2023,5,4,13.394,0,2023-05-04
2023,5,5,13.304,0,2023-05-05
2023,5,6,13.256,0,2023-05-06
2023,5,7,13.215,0,2023-05-07
2023,5,8,13.161,0,2023-05-08
2023,5,9,13.139,0,2023-05-09
2023,5,10,13.065,0,2023-05-10
2023,5,11,13.019,0,2023-05-11
2023,5,12,12.983,0,2023-05-12
2023,5,13,13.042,0,2023-05-13
2023,5,14,12.998,0,2023-05-14
2023,5,15,12.93,0,2023-05-15
2023,5,16,12.875,0,2023-05-16
2023,5,17,12.8,0,2023-05-17
2023,5,18,12.779,0,2023-05-18
2023,5,19,12.77,0,2023-05-19
2023,5,20,12.725,0,2023-05-20
2023,5,21,12.673,0,2023-05-21
2023,5,22,12.581,0,2023-05-22
2023,5,23,12.515,0,2023-05-23
2023,5,24,12.516,0,2023-05-24
2023,5,25,12.42,0,2023-05-25
2023,5,26,12.355,0,2023-05-26
2023,5,27,12.188,0,2023-05-27
2023,5,28,12.215,0,2023-05-28
2023,5,29,12.129,0,2023-05-29
2023,5,30,12.094,0,2023-05-30
2023,5,31,12.079,0,2023-05-31
2023,6,1,11.937,0,2023-06-01
2023,6,2,11.89,0,2023-06-02
2023,6,3,11.861,0,2023-06-03
2023,6,4,11.824,0,2023-06-04
2023,6,5,11.801,0,2023-06-05
2023,6,6,11.71,0,2023-06-06
2023,6,7,11.589,0,2023-06-07
2023,6,8,11.565,0,2023-06-08
2023,6,9,11.567,0,2023-06-09
2023,6,10,11.473,0,2023-06-10
2023,6,11,11.399,0,2023-06-11
2023,6,12,11.333,0,2023-06-12
2023,6,13,11.223,0,2023-06-13
2023,6,14,11.137,0,2023-06-14
2023,6,15,11.095,0,2023-06-15
2023,6,16,11.046,0,2023-06-16
2023,6,17,11.058,0,2023-06-17
2023,6,18,11.009,0,2023-06-18
2023,6,19,10.921,0,2023-06-19
2023,6,20,10.719,0,2023-06-20
2023,6,21,10.554,0,2023-06-21
2023,6,22,10.531,0,2023-06-22
2023,6,23,10.482,0,2023-06-23
2023,6,24,10.419,0,2023-06-24
2023,6,25,10.258,0,2023-06-25
2023,6,26,10.074,0,2023-06-26
2023,6,27,9.985,0,2023-06-27
2023,6,28,9.829,0,2023-06-28
2023,6,29,9.73,0,2023-06-29
2023,6,30,9.603,0,2023-06-30
2023,7,1,9.422,0,2023-07-01
2023,7,2,9.431,0,2023-07-02
2023,7,3,9.368,0,2023-07-03
2023,7,4,9.269,0,2023-07-04
2023,7,5,9.161,0,2023-07-05
2023,7,6,9.109,0,2023-07-06
2023,7,7,9.033,0,2023-07-07
2023,7,8,8.993,0,2023-07-08
2023,7,9,8.906,0,2023-07-09
2023,7,10,8.846,0,2023-07-10
2023,7,11,8.803,0,2023-07-11
2023,7,12,8.679,0,2023-07-12
2023,7,13,8.538,0,2023-07-13
2023,7,14,8.432,0,2023-07-14
2023,7,15,8.261,0,2023-07-15
2023,7,16,8.179,0,2023-07-16
2023,7,17,8.091,0,2023-07-17
2023,7,18,8.1,0,2023-07-18
2023,7,19,7.94,0,2023-07-19
2023,7,20,7.767,0,2023-07-20
2023,7,21,7.649,0,2023-07-21
2023,7,22,7.545,0,2023-07-22
2023,7,23,7.461,0,2023-07-23
2023,7,24,7.456,0,2023-07-24
2023,7,25,7.399,0,2023-07-25
2023,7,26,7.353,0,2023-07-26
2023,7,27,7.251,0,2023-07-27
2023,7,28,7.118,0,2023-07-28
2023,7,29,7.035,0,2023-07-29
2023,7,30,6.956,0,2023-07-30
2023,7,31,6.869,0,2023-07-31
2023,8,1,6.755,0,2023-08-01
2023,8,2,6.806,0,2023-08-02
2023,8,3,6.696,0,2023-08-03
2023,8,4,6.555,0,2023-08-04
2023,8,5,6.371,0,2023-08-05
2023,8,6,6.213,0,2023-08-06
2023,8,7,6.213,0,2023-08-07
2023,8,8,6.159,0,2023-08-08
2023,8,9,6.169,0,2023-08-09
2023,8,10,6.012,0,2023-08-10
2023,8,11,5.964,0,2023-08-11
2023,8,12,5.788,0,2023-08-12
2023,8,13,5.653,0,2023-08-13
2023,8,14,5.47,0,2023-08-14
2023,8,15,5.459,0,2023-08-15
2023,8,16,5.385,0,2023-08-16
2023,8,17,5.277,0,2023-08-17
2023,8,18,5.262,0,2023-08-18
2023,8,19,5.183,0,2023-08-19
2023,8,20,5.108,0,2023-08-20
2023,8,21,4.996,0,2023-08-21
2023,8,22,4.929,0,2023-08-22
2023,8,23,4.839,0,2023-08-23
2023,8,24,4.85,0,2023-08-24
2023,8,25,4.809,0,2023-08-25
2023,8,26,4.739,0,2023-08-26
2023,8,27,4.767,0,2023-08-27
2023,8,28,4.678,0,2023-08-28
2023,8,29,4.642,0,2023-08-29
2023,8,30,4.605,0,2023-08-30
2023,8,31,4.579,0,2023-08-31
2023,9,1,4.527,0,2023-09-01
2023,9,2,4.507,0,2023-09-02
2023,9,3,4.498,0,2023-09-03
2023,9,4,4.469,0,2023-09-04
2023,9,5,4.45,0,2023-09-05
2023,9,6,4.428,0,2023-09-06
2023,9,7,4.441,0,2023-09-07
2023,9,8,4.463,0,2023-09-08
2023,9,9,4.324,0,2023-09-09
2023,9,10,4.339,0,2023-09-10
2023,9,11,4.258,0,2023-09-11
2023,9,12,4.291,0,2023-09-12
2023,9,13,4.256,0,2023-09-13
2023,9,14,4.275,0,2023-09-14
2023,9,15,4.255,0,2023-09-15
2023,9,16,4.266,0,2023-09-16
2023,9,17,4.244,0,2023-09-17
2023,9,18,4.267,0,2023-09-18
2023,9,19,4.253,0,2023-09-19
2023,9,20,4.258,0,2023-09-20
2023,9,21,4.313,0,2023-09-21
2023,9,22,4.313,0,2023-09-22
2023,9,23,4.352,0,2023-09-23
2023,9,24,4.416,0,2023-09-24
2023,9,25,4.436,0,2023-09-25
2023,9,26,4.51,0,2023-09-26
2023,9,27,4.463,0,2023-09-27
2023,9,28,4.483,0,2023-09-28
2023,9,29,4.508,0,2023-09-29
2023,9,30,4.551,0,2023-09-30
2023,10,1,4.755,0,2023-10-01
2023,10,2,4.857,0,2023-10-02
2023,10,3,4.97,0,2023-10-03
2023,10,4,4.969,0,2023-10-04
2023,10,5,5.087,0,2023-10-05
2023,10,6,5.108,0,2023-10-06
2023,10,7,5.168,0,2023-10-07
2023,10,8,5.296,0,2023-10-08
2023,10,9,5.398,0,2023-10-09
2023,10,10,5.539,0,2023-10-10
2023,10,11,5.599,0,2023-10-11
2023,10,12,5.709,0,2023-10-12
2023,10,13,5.744,0,2023-10-13
2023,10,14,5.775,0,2023-10-14
2023,10,15,5.935,0,2023-10-15
2023,10,16,6.093,0,2023-10-16
2023,10,17,6.34,0,2023-10-17
2023,10,18,6.639,0,2023-10-18
2023,10,19,6.895,0,2023-10-19
2023,10,20,7.094,0,2023-10-20
2023,10,21,7.204,0,2023-10-21
2023,10,22,7.289,0,2023-10-22
2023,10,23,7.393,0,2023-10-23
2023,10,24,7.447,0,2023-10-24
2023,10,25,7.603,0,2023-10-25
2023,10,26,7.774,0,2023-10-26
2023,10,27,7.931,0,2023-10-27
2023,10,28,8.09,0,2023-10-28
2023,10,29,8.216,0,2023-10-29
2023,10,30,8.385,0,2023-10-30
2023,10,31,8.478,0,2023-10-31
2023,11,1,8.635,0,2023-11-01
2023,11,2,8.731,0,2023-11-02
2023,11,3,8.773,0,2023-11-03
2023,11,4,8.863,0,2023-11-04
2023,11,5,8.915,0,2023-11-05
2023,11,6,8.987,0,2023-11-06
2023,11,7,9.049,0,2023-11-07
2023,11,8,9.152,0,2023-11-08
2023,11,9,9.334,0,2023-11-09
2023,11,10,9.398,0,2023-11-10
2023,11,11,9.491,0,2023-11-11
2023,11,12,9.609,0,2023-11-12
2023,11,13,9.535,0,2023-11-13
2023,11,14,9.597,0,2023-11-14
2023,11,15,9.74,0,2023-11-15
2023,11,16,9.897,0,2023-11-16
2023,11,17,9.971,0,2023-11-17
2023,11,18,10.093,0,2023-11-18
2023,11,19,10.126,0,2023-11-19
2023,11,20,10.141,0,2023-11-20
2023,11,21,10.151,0,2023-11-21
2023,11,22,10.166,0,2023-11-22
2023,11,23,10.144,0,2023-11-23
2023,11,24,10.089,0,2023-11-24
2023,11,25,10.182,0,2023-11-25
2023,11,26,10.205,0,2023-11-26
2023,11,27,10.261,0,2023-11-27
2023,11,28,10.408,0,2023-11-28
2023,11,29,10.408,0,2023-11-29
2023,11,30,10.406,0,2023-11-30
2023,12,1,10.543,0,2023-12-01
2023,12,2,10.614,0,2023-12-02
2023,12,3,10.722,0,2023-12-03
2023,12,4,10.83,0,2023-12-04
2023,12,5,10.953,0,2023-12-05
2023,12,6,11.014,0,2023-12-06
2023,12,7,11.064,0,2023-12-07
2023,12,8,11.11,0,2023-12-08
2023,12,9,11.218,0,2023-12-09
2023,12,10,11.389,0,2023-12-10
2023,12,11,11.552,0,2023-12-11
2023,12,12,11.613,0,2023-12-12
2023,12,13,11.858,0,2023-12-13
2023,12,14,11.961,0,2023-12-14
2023,12,15,11.997,0,2023-12-15
2023,12,16,12.095,0,2023-12-16
2023,12,17,12.109,0,2023-12-17
2023,12,18,12.252,0,2023-12-18
2023,12,19,12.332,0,2023-12-19
2023,12,20,12.445,0,2023-12-20
2023,12,21,12.579,0,2023-12-21
2023,12,22,12.679,0,2023-12-22
2023,12,23,12.74,0,2023-12-23
2023,12,24,12.771,0,2023-12-24
2023,12,25,12.938,0,2023-12-25
2023,12,26,12.907,0,2023-12-26
2023,12,27,12.947,0,2023-12-27
2023,12,28,12.936,0,2023-12-28
2023,12,29,13.052,0,2023-12-29
2023,12,30,13.066,0,2023-12-30
2023,12,31,13.043,0,2023-12-31
2024,1,1,13.244,0,2024-01-01
2024,1,2,13.293,0,2024-01-02
2024,1,3,13.39,0,2024-01-03
2024,1,4,13.481,0,2024-01-04
2024,1,5,13.588,0,2024-01-05
2024,1,6,13.699,0,2024-01-06
2024,1,7,13.79,0,2024-01-07
2024,1,8,13.78,0,2024-01-08
2024,1,9,13.836,0,2024-01-09
2024,1,10,13.897,0,2024-01-10
2024,1,11,13.907,0,2024-01-11
2024,1,12,13.891,0,2024-01-12
2024,1,13,13.95,0,2024-01-13
2024,1,14,13.94,0,2024-01-14
2024,1,15,13.942,0,2024-01-15
2024,1,16,13.958,0,2024-01-16
2024,1,17,13.984,0,2024-01-17
2024,1,18,14.039,0,2024-01-18
2024,1,19,13.948,0,2024-01-19
2024,1,20,14.013,0,2024-01-20
2024,1,21,14.129,0,2024-01-21
2024,1,22,14.228,0,2024-01-22
2024,1,23,14.247,0,2024-01-23
2024,1,24,14.231,0,2024-01-24
2024,1,25,14.198,0,2024-01-25
2024,1,26,14.145,0,2024-01-26
2024,1,27,14.099,0,2024-01-27
2024,1,28,14.069,0,2024-01-28
2024,1,29,14.156,0,2024-01-29
2024,1,30,14.151,0,2024-01-30
2024,1,31,14.185,0,2024-01-31
2024,2,1,14.228,0,2024-02-01
2024,2,2,14.316,0,2024-02-02
2024,2,3,14.266,0,2024-02-03
2024,2,4,14.314,0,2024-02-04
2024,2,5,14.277,0,2024-02-05
2024,2,6,14.374,0,2024-02-06
2024,2,7,14.327,0,2024-02-07
2024,2,8,14.358,0,2024-02-08
2024,2,9,14.449,0,2024-02-09
2024,2,10,14.528,0,2024-02-10
2024,2,11,14.566,0,2024-02-11
2024,2,12,14.601,0,2024-02-12
2024,2,13,14.633,0,2024-02-13
2024,2,14,14.681,0,2024-02-14
2024,2,15,14.648,0,2024-02-15
2024,2,16,14.587,0,2024-02-16
2024,2,17,14.621,0,2024-02-17
2024,2,18,14.652,0,2024-02-18
2024,2,19,14.728,0,2024-02-19
2024,2,20,14.861,0,2024-02-20
2024,2,21,14.843,0,2024-02-21
2024,2,22,14.854,0,2024-02-22
2024,2,23,14.796,0,2024-02-23
2024,2,24,14.813,0,2024-02-24
2024,2,25,14.791,0,2024-02-25
2024,2,26,14.835,0,2024-02-26
2024,2,27,14.928,0,2024-02-27
2024,2,28,14.93,0,2024-02-28
2024,2,29,14.799,0,2024-02-29
2024,3,1,14.764,0,2024-03-01
2024,3,2,14.7,0,2024-03-02
2024,3,3,14.724,0,2024-03-03
2024,3,4,14.752,0,2024-03-04
2024,3,5,14.757,0,2024-03-05
2024,3,6,14.735,0,2024-03-06
2024,3,7,14.831,0,2024-03-07
2024,3,8,14.86,0,2024-03-08
2024,3,9,14.887,0,2024-03-09
2024,3,10,15.041,0,2024-03-10
2024,3,11,15.029,0,2024-03-11
2024,3,12,14.995,0,2024-03-12
2024,3,13,15.019,0,2024-03-13
2024,3,14,15.004,0,2024-03-14
2024,3,15,15.022,0,2024-03-15
2024,3,16,14.942,0,2024-03-16
2024,3,17,14.924,0,2024-03-17
2024,3,18,14.929,0,2024-03-18
2024,3,19,14.85,0,2024-03-19
2024,3,20,14.783,0,2024-03-20
2024,3,21,14.83,0,2024-03-21
2024,3,22,14.83,0,2024-03-22
2024,3,23,14.854,0,2024-03-23
2024,3,24,14.881,0,2024-03-24
2024,3,25,14.817,0,2024-03-25
2024,3,26,14.901,0,2024-03-26
2024,3,27,14.947,0,2024-03-27
2024,3,28,14.939,0,2024-03-28
2024,3,29,14.89,0,2024-03-29
2024,3,30,14.791,0,2024-03-30
2024,3,31,14.684,0,2024-03-31
2024,4,1,14.585,0,2024-04-01
2024,4,2,14.562,0,2024-04-02
2024,4,3,14.482,0,2024-04-03
2024,4,4,14.418,0,2024-04-04
2024,4,5,14.523,0,2024-04-05
2024,4,6,14.401,0,2024-04-06
2024,4,7,14.338,0,2024-04-07
2024,4,8,14.313,0,2024-04-08
2024,4,9,14.253,0,2024-04-09
2024,4,10,14.273,0,2024-04-10
2024,4,11,14.2,0,2024-04-11
2024,4,12,14.211,0,2024-04-12
2024,4,13,14.146,0,2024-04-13
2024,4,14,14.125,0,2024-04-14
2024,4,15,14.021,0,2024-04-15
2024,4,16,13.92,0,2024-04-16
2024,4,17,13.949,0,2024-04-17
2024,4,18,13.975,0,2024-04-18
2024,4,19,13.929,0,2024-04-19
2024,4,20,13.95,0,2024-04-20
2024,4,21,13.917,0,2024-04-21
2024,4,22,13.852,0,2024-04-22
2024,4,23,13.826,0,2024-04-23
2024,4,24,13.729,0,2024-04-24
2024,4,25,13.653,0,2024-04-25
2024,4,26,13.555,0,2024-04-26
2024,4,27,13.493,0,2024-04-27
2024,4,28,13.525,0,2024-04-28
2024,4,29,13.596,0,2024-04-29
2024,4,30,13.502,0,2024-04-30
2024,5,1,13.355,0,2024-05-01
2024,5,2,13.364,0,2024-05-02
2024,5,3,13.311,0,2024-05-03
2024,5,4,13.238,0,2024-05-04
2024,5,5,13.174,0,2024-05-05
2024,5,6,13.183,0,2024-05-06
2024,5,7,13.087,0,2024-05-07
2024,5,8,13.113,0,2024-05-08
2024,5,9,13.155,0,2024-05-09
2024,5,10,13.069,0,2024-05-10
2024,5,11,12.929,0,2024-05-11
2024,5,12,12.945,0,2024-05-12
2024,5,13,12.914,0,2024-05-13
2024,5,14,12.963,0,2024-05-14
2024,5,15,12.848,0,2024-05-15
2024,5,16,12.702,0,2024-05-16
2024,5,17,12.666,0,2024-05-17
2024,5,18,12.686,0,2024-05-18
2024,5,19,12.604,0,2024-05-19
2024,5,20,12.541,0,2024-05-20
2024,5,21,12.501,0,2024-05-21
2024,5,22,12.395,0,2024-05-22
2024,5,23,12.371,0,2024-05-23
2024,5,24,12.361,0,2024-05-24
2024,5,25,12.326,0,2024-05-25
2024,5,26,12.285,0,2024-05-26
2024,5,27,12.214,0,2024-05-27
2024,5,28,12.179,0,2024-05-28
2024,5,29,12.166,0,2024-05-29
2024,5,30,12.098,0,2024-05-30
2024,5,31,12.055,0,2024-05-31
2024,6,1,11.924,0,2024-06-01
2024,6,2,11.891,0,2024-06-02
2024,6,3,11.787,0,2024-06-03
2024,6,4,11.714,0,2024-06-04
2024,6,5,11.613,0,2024-06-05
2024,6,6,11.539,0,2024-06-06
2024,6,7,11.349,0,2024-06-07
2024,6,8,11.261,0,2024-06-08
2024,6,9,11.18,0,2024-06-09
2024,6,10,11.082,0,2024-06-10
2024,6,11,11.041,0,2024-06-11
2024,6,12,11.028,0,2024-06-12
2024,6,13,10.994,0,2024-06-13
2024,6,14,10.901,0,2024-06-14
2024,6,15,10.882,0,2024-06-15
2024,6,16,10.822,0,2024-06-16
2024,6,17,10.728,0,2024-06-17
2024,6,18,10.633,0,2024-06-18
2024,6,19,10.693,0,2024-06-19
2024,6,20,10.63,0,2024-06-20
2024,6,21,10.61,0,2024-06-21
2024,6,22,10.419,0,2024-06-22
2024,6,23,10.397,0,2024-06-23
2024,6,24,10.337,0,2024-06-24
2024,6,25,10.252,0,2024-06-25
2024,6,26,10.124,0,2024-06-26
2024,6,27,10.068,0,2024-06-27
2024,6,28,9.977,0,2024-06-28
2024,6,29,9.883,0,2024-06-29
2024,6,30,9.868,0,2024-06-30
2024,7,1,9.606,0,2024-07-01
2024,7,2,9.577,0,2024-07-02
2024,7,3,9.536,0,2024-07-03
2024,7,4,9.411,0,2024-07-04
2024,7,5,9.283,0,2024-07-05
2024,7,6,9.173,0,2024-07-06
2024,7,7,8.989,0,2024-07-07
2024,7,8,8.808,0,2024-07-08
2024,7,9,8.695,0,2024-07-09
2024,7,10,8.611,0,2024-07-10
2024,7,11,8.475,0,2024-07-11
2024,7,12,8.374,0,2024-07-12
2024,7,13,8.221,0,2024-07-13
2024,7,14,7.976,0,2024-07-14
2024,7,15,7.896,0,2024-07-15
2024,7,16,7.721,0,2024-07-16
2024,7,17,7.616,0,2024-07-17
2024,7,18,7.486,0,2024-07-18
2024,7,19,7.503,0,2024-07-19
2024,7,20,7.423,0,2024-07-20
2024,7,21,7.27,0,2024-07-21
2024,7,22,7.122,0,2024-07-22
2024,7,23,7.049,0,2024-07-23
2024,7,24,6.835,0,2024-07-24
2024,7,25,6.68,0,2024-07-25
2024,7,26,6.628,0,2024-07-26
2024,7,27,6.608,0,2024-07-27
2024,7,28,6.453,0,2024-07-28
2024,7,29,6.405,0,2024-07-29
2024,7,30,6.272,0,2024-07-30
2024,7,31,6.268,0,2024-07-31
2024,8,1,6.134,0,2024-08-01
2024,8,2,6.09,0,2024-08-02
2024,8,3,6.102,0,2024-08-03
2024,8,4,5.988,0,2024-08-04
2024,8,5,5.845,0,2024-08-05
2024,8,6,5.653,0,2024-08-06
2024,8,7,5.56,0,2024-08-07
2024,8,8,5.503,0,2024-08-08
2024,8,9,5.446,0,2024-08-09
2024,8,10,5.416,0,2024-08-10
2024,8,11,5.371,0,2024-08-11
2024,8,12,5.326,0,2024-08-12
2024,8,13,5.355,0,2024-08-13
2024,8,14,5.315,0,2024-08-14
2024,8,15,5.19,0,2024-08-15
2024,8,16,5.12,0,2024-08-16
2024,8,17,4.982,0,2024-08-17
2024,8,18,4.91,0,2024-08-18
2024,8,19,4.829,0,2024-08-19
2024,8,20,4.793,0,2024-08-20
2024,8,21,4.738,0,2024-08-21
2024,8,22,4.698,0,2024-08-22
2024,8,23,4.714,0,2024-08-23
2024,8,24,4.699,0,2024-08-24
2024,8,25,4.593,0,2024-08-25
2024,8,26,4.547,0,2024-08-26
2024,8,27,4.464,0,2024-08-27
2024,8,28,4.405,0,2024-08-28
2024,8,29,4.44,0,2024-08-29
2024,8,30,4.433,0,2024-08-30
2024,8,31,4.381,0,2024-08-31
2024,9,1,4.325,0,2024-09-01
2024,9,2,4.335,0,2024-09-02
2024,9,3,4.29,0,2024-09-03
2024,9,4,4.286,0,2024-09-04
2024,9,5,4.318,0,2024-09-05
2024,9,6,4.289,0,2024-09-06
2024,9,7,4.247,0,2024-09-07
2024,9,8,4.261,0,2024-09-08
2024,9,9,4.269,0,2024-09-09
2024,9,10,4.245,0,2024-09-10
2024,9,11,4.25,0,2024-09-11
2024,9,12,4.247,0,2024-09-12
2024,9,13,4.251,0,2024-09-13
2024,9,14,4.265,0,2024-09-14
2024,9,15,4.29,0,2024-09-15
2024,9,16,4.289,0,2024-09-16
2024,9,17,4.305,0,2024-09-17
2024,9,18,4.326,0,2024-09-18
2024,9,19,4.301,0,2024-09-19
2024,9,20,4.366,0,2024-09-20
2024,9,21,4.342,0,2024-09-21
2024,9,22,4.405,0,2024-09-22
2024,9,23,4.372,0,2024-09-23
2024,9,24,4.433,0,2024-09-24
2024,9,25,4.503,0,2024-09-25
2024,9,26,4.551,0,2024-09-26
2024,9,27,4.544,0,2024-09-27
2024,9,28,4.558,0,2024-09-28
2024,9,29,4.524,0,2024-09-29
2024,9,30,4.553,0,2024-09-30
2024,10,1,4.72,0,2024-10-01
2024,10,2,4.763,0,2024-10-02
2024,10,3,4.792,0,2024-10-03
2024,10,4,4.865,0,2024-10-04
2024,10,5,4.87,0,2024-10-05
2024,10,6,4.861,0,2024-10-06
2024,10,7,4.923,0,2024-10-07
2024,10,8,4.917,0,2024-10-08
2024,10,9,4.982,0,2024-10-09
2024,10,10,5.085,0,2024-10-10
2024,10,11,5.171,0,2024-10-11
2024,10,12,5.241,0,2024-10-12
2024,10,13,5.263,0,2024-10-13
2024,10,14,5.369,0,2024-10-14
2024,10,15,5.454,0,2024-10-15
2024,10,16,5.576,0,2024-10-16
2024,10,17,5.713,0,2024-10-17
2024,10,18,5.991,0,2024-10-18
2024,10,19,6.2,0,2024-10-19
2024,10,20,6.34,0,2024-10-20
2024,10,21,6.404,0,2024-10-21
2024,10,22,6.557,0,2024-10-22
2024,10,23,6.698,0,2024-10-23
2024,10,24,7.022,0,2024-10-24
2024,10,25,7.175,0,2024-10-25
2024,10,26,7.314,0,2024-10-26
2024,10,27,7.377,0,2024-10-27
2024,10,28,7.409,0,2024-10-28
2024,10,29,7.563,0,2024-10-29
2024,10,30,7.696,0,2024-10-30
2024,10,31,7.637,0,2024-10-31
2024,11,1,7.795,0,2024-11-01
2024,11,2,7.92,0,2024-11-02
2024,11,3,7.981,0,2024-11-03
2024,11,4,8.162,0,2024-11-04
2024,11,5,8.356,0,2024-11-05
2024,11,6,8.478,0,2024-11-06
2024,11,7,8.537,0,2024-11-07
2024,11,8,8.576,0,2024-11-08
2024,11,9,8.658,0,2024-11-09
2024,11,10,8.808,0,2024-11-10
2024,11,11,8.958,0,2024-11-11
2024,11,12,8.981,0,2024-11-12
2024,11,13,9.063,0,2024-11-13
2024,11,14,9.083,0,2024-11-14
2024,11,15,9.122,0,2024-11-15
2024,11,16,9.17,0,2024-11-16
2024,11,17,9.362,0,2024-11-17
2024,11,18,9.454,0,2024-11-18
2024,11,19,9.525,0,2024-11-19
2024,11,20,9.472,0,2024-11-20
2024,11,21,9.552,0,2024-11-21
2024,11,22,9.651,0,2024-11-22
2024,11,23,9.756,0,2024-11-23
2024,11,24,9.733,0,2024-11-24
2024,11,25,9.857,0,2024-11-25
2024,11,26,9.923,0,2024-11-26
2024,11,27,10.027,0,2024-11-27
2024,11,28,10.06,0,2024-11-28
2024,11,29,10.174,0,2024-11-29
2024,11,30,10.194,0,2024-11-30
2024,12,1,10.385,0,2024-12-01
2024,12,2,10.477,0,2024-12-02
2024,12,3,10.534,0,2024-12-03
2024,12,4,10.546,0,2024-12-04
2024,12,5,10.764,0,2024-12-05
2024,12,6,10.869,0,2024-12-06
2024,12,7,10.924,0,2024-12-07
2024,12,8,10.898,0,2024-12-08
2024,12,9,10.913,0,2024-12-09
2024,12,10,10.928,0,2024-12-10
2024,12,11,10.958,0,2024-12-11
2024,12,12,11.026,0,2024-12-12
2024,12,13,11.071,0,2024-12-13
2024,12,14,11.159,0,2024-12-14
2024,12,15,11.178,0,2024-12-15
2024,12,16,11.314,0,2024-12-16
2024,12,17,11.421,0,2024-12-17
2024,12,18,11.531,0,2024-12-18
2024,12,19,11.707,0,2024-12-19
2024,12,20,11.792,0,2024-12-20
2024,12,21,11.965,0,2024-12-21
2024,12,22,12.043,0,2024-12-22
2024,12,23,12.014,0,2024-12-23
2024,12,24,12.072,0,2024-12-24
2024,12,25,12.028,0,2024-12-25
2024,12,26,12.053,0,2024-12-26
2024,12,27,12.049,0,2024-12-27
2024,12,28,12.121,0,2024-12-28
2024,12,29,12.198,0,2024-12-29
2024,12,30,12.277,0,2024-12-30
2024,12,31,12.419,0,2024-12-31
2025,1,1,12.448,0,2025-01-01
2025,1,2,12.464,0,2025-01-02
2025,1,3,12.449,0,2025-01-03
2025,1,4,12.405,0,2025-01-04
2025,1,5,12.5,0,2025-01-05
2025,1,6,12.695,0,2025-01-06
2025,1,7,12.697,0,2025-01-07
2025,1,8,12.852,0,2025-01-08
2025,1,9,12.944,0,2025-01-09
2025,1,10,12.999,0,2025-01-10
2025,1,11,12.987,0,2025-01-11
2025,1,12,13.012,0,2025-01-12
2025,1,13,12.964,0,2025-01-13
2025,1,14,13.028,0,2025-01-14
2025,1,15,13.113,0,2025-01-15
2025,1,16,13.133,0,2025-01-16
2025,1,17,13.142,0,2025-01-17
2025,1,18,13.203,0,2025-01-18
2025,1,19,13.347,0,2025-01-19
2025,1,20,13.373,0,2025-01-20
2025,1,21,13.508,0,2025-01-21
2025,1,22,13.426,0,2025-01-22
2025,1,23,13.442,0,2025-01-23
2025,1,24,13.537,0,2025-01-24
2025,1,25,13.513,0,2025-01-25
2025,1,26,13.582,0,2025-01-26
2025,1,27,13.567,0,2025-01-27
2025,1,28,13.58,0,2025-01-28
2025,1,29,13.59,0,2025-01-29
2025,1,30,13.44,0,2025-01-30
2025,1,31,13.466,0,2025-01-31
2025,2,1,13.378,0,2025-02-01
2025,2,2,13.455,0,2025-02-02
2025,2,3,13.403,0,2025-02-03
2025,2,4,13.509,0,2025-02-04
2025,2,5,13.478,0,2025-02-05
2025,2,6,13.43,0,2025-02-06
2025,2,7,13.551,0,2025-02-07
2025,2,8,13.567,0,2025-02-08
2025,2,9,13.549,0,2025-02-09
2025,2,10,13.632,0,2025-02-10
2025,2,11,13.827,0,2025-02-11
2025,2,12,13.63,0,2025-02-12
2025,2,13,13.676,0,2025-02-13
2025,2,14,13.872,0,2025-02-14
2025,2,15,14.088,0,2025-02-15
2025,2,16,13.919,0,2025-02-16
2025,2,17,14.007,0,2025-02-17
2025,2,18,13.959,0,2025-02-18
2025,2,19,13.951,0,2025-02-19
2025,2,20,13.906,0,2025-02-20
2025,2,21,13.908,0,2025-02-21
2025,2,22,13.925,0,2025-02-22
2025,2,23,13.857,0,2025-02-23
2025,2,24,13.859,0,2025-02-24
2025,2,25,13.96,0,2025-02-25
2025,2,26,13.861,0,2025-02-26
2025,2,27,13.82,0,2025-02-27
2025,2,28,13.887,0,2025-02-28
2025,3,1,13.835,0,2025-03-01
2025,3,2,13.969,0,2025-03-02
2025,3,3,13.866,0,2025-03-03
2025,3,4,13.981,0,2025-03-04
2025,3,5,14.071,0,2025-03-05
2025,3,6,14.046,0,2025-03-06
2025,3,7,14.012,0,2025-03-07
2025,3,8,14.188,0,2025-03-08
2025,3,9,14.092,0,2025-03-09
2025,3,10,14.102,0,2025-03-10
2025,3,11,14.115,0,2025-03-11
2025,3,12,14.178,0,2025-03-12
2025,3,13,14.217,0,2025-03-13
2025,3,14,14.22,0,2025-03-14
2025,3,15,14.254,0,2025-03-15
2025,3,16,14.265,0,2025-03-16
2025,3,17,14.305,0,2025-03-17
2025,3,18,14.291,0,2025-03-18
2025,3,19,14.265,0,2025-03-19
2025,3,20,14.312,0,2025-03-20
2025,3,21,14.348,0,2025-03-21
2025,3,22,14.317,0,2025-03-22
2025,3,23,14.21,0,2025-03-23
2025,3,24,14.127,0,2025-03-24
2025,3,25,14.107,0,2025-03-25
2025,3,26,14.035,0,2025-03-26
2025,3,27,14.02,0,2025-03-27
2025,3,28,13.97,0,2025-03-28
2025,3,29,13.992,0,2025-03-29
2025,3,30,13.948,0,2025-03-30
2025,3,31,14.022,0,2025-03-31
2025,4,1,13.952,0,2025-04-01
2025,4,2,13.967,0,2025-04-02
2025,4,3,13.949,0,2025-04-03
2025,4,4,13.977,0,2025-04-04
2025,4,5,13.935,0,2025-04-05
2025,4,6,13.939,0,2025-04-06
2025,4,7,13.963,0,2025-04-07
2025,4,8,13.939,0,2025-04-08
2025,4,9,13.907,0,2025-04-09
2025,4,10,13.899,0,2025-04-10
2025,4,11,13.838,0,2025-04-11
2025,4,12,13.856,0,2025-04-12
2025,4,13,13.939,0,2025-04-13
2025,4,14,13.955,0,2025-04-14
2025,4,15,13.889,0,2025-04-15
2025,4,16,13.95,0,2025-04-16
2025,4,17,13.829,0,2025-04-17
2025,4,18,13.811,0,2025-04-18
2025,4,19,13.834,0,2025-04-19
2025,4,20,13.839,0,2025-04-20
2025,4,21,13.862,0,2025-04-21
2025,4,22,13.747,0,2025-04-22
2025,4,23,13.788,0,2025-04-23
2025,4,24,13.735,0,2025-04-24
2025,4,25,13.671,0,2025-04-25
2025,4,26,13.625,0,2025-04-26
2025,4,27,13.631,0,2025-04-27
2025,4,28,13.549,0,2025-04-28
2025,4,29,13.529,0,2025-04-29
2025,4,30,13.554,0,2025-04-30
2025,5,1,13.368,0,2025-05-01
2025,5,2,13.347,0,2025-05-02
2025,5,3,13.249,0,2025-05-03
2025,5,4,13.235,0,2025-05-04
2025,5,5,13.163,0,2025-05-05
2025,5,6,13.069,0,2025-05-06
2025,5,7,13.051,0,2025-05-07
2025,5,8,12.986,0,2025-05-08
2025,5,9,12.939,0,2025-05-09
2025,5,10,12.81,0,2025-05-10
2025,5,11,12.867,0,2025-05-11
2025,5,12,12.768,0,2025-05-12
2025,5,13,12.562,0,2025-05-13
2025,5,14,12.534,0,2025-05-14
2025,5,15,12.436,0,2025-05-15
2025,5,16,12.365,0,2025-05-16
2025,5,17,12.334,0,2025-05-17
2025,5,18,12.358,0,2025-05-18
2025,5,19,12.31,0,2025-05-19
2025,5,20,12.28,0,2025-05-20
2025,5,21,12.233,0,2025-05-21
2025,5,22,12.13,0,2025-05-22
2025,5,23,12.161,0,2025-05-23
2025,5,24,12.055,0,2025-05-24
2025,5,25,12.071,0,2025-05-25
2025,5,26,11.986,0,2025-05-26
2025,5,27,11.882,0,2025-05-27
2025,5,28,11.84,0,2025-05-28
2025,5,29,11.697,0,2025-05-29
2025,5,30,11.659,0,2025-05-30
2025,5,31,11.578,0,2025-05-31
2025,6,1,11.465,0,2025-06-01
2025,6,2,11.41,0,2025-06-02
2025,6,3,11.401,0,2025-06-03
2025,6,4,11.373,0,2025-06-04
2025,6,5,11.273,0,2025-06-05
2025,6,6,11.189,0,2025-06-06
2025,6,7,11.077,0,2025-06-07
2025,6,8,11.052,0,2025-06-08
2025,6,9,10.983,0,2025-06-09
2025,6,10,10.962,0,2025-06-10
2025,6,11,10.816,0,2025-06-11
2025,6,12,10.802,0,2025-06-12
2025,6,13,10.685,0,2025-06-13
2025,6,14,10.561,0,2025-06-14
2025,6,15,10.504,0,2025-06-15
2025,6,16,10.413,0,2025-06-16
2025,6,17,10.331,0,2025-06-17
2025,6,18,10.264,0,2025-06-18
2025,6,19,10.142,0,2025-06-19
2025,6,20,9.978,0,2025-06-20
2025,6,21,9.943,0,2025-06-21
2025,6,22,9.887,0,2025-06-22
2025,6,23,9.766,0,2025-06-23
2025,6,24,9.77,0,2025-06-24
2025,6,25,9.643,0,2025-06-25
2025,6,26,9.575,0,2025-06-26
2025,6,27,9.438,0,2025-06-27
2025,6,28,9.159,0,2025-06-28
2025,6,29,9.155,0,2025-06-29
2025,6,30,9.124,0,2025-06-30
2025,7,1,8.997,0,2025-07-01
2025,7,2,8.925,0,2025-07-02
2025,7,3,8.898,0,2025-07-03
2025,7,4,8.636,0,2025-07-04
2025,7,5,8.626,0,2025-07-05
2025,7,6,8.563,0,2025-07-06
2025,7,7,8.483,0,2025-07-07
2025,7,8,8.315,0,2025-07-08
2025,7,9,8.253,0,2025-07-09
2025,7,10,8.247,0,2025-07-10
2025,7,11,8.149,0,2025-07-11
2025,7,12,8.144,0,2025-07-12
2025,7,13,7.985,0,2025-07-13
2025,7,14,7.957,0,2025-07-14
2025,7,15,7.848,0,2025-07-15
2025,7,16,7.643,0,2025-07-16
2025,7,17,7.524,0,2025-07-17
2025,7,18,7.446,0,2025-07-18
2025,7,19,7.411,0,2025-07-19
2025,7,20,7.196,0,2025-07-20
2025,7,21,7.125,0,2025-07-21
2025,7,22,7.039,0,2025-07-22
2025,7,23,7.073,0,2025-07-23
2025,7,24,7.023,0,2025-07-24
2025,7,25,6.847,0,2025-07-25
2025,7,26,6.788,0,2025-07-26
2025,7,27,6.636,0,2025-07-27
2025,7,28,6.525,0,2025-07-28
2025,7,29,6.515,0,2025-07-29
2025,7,30,6.436,0,2025-07-30
2025,7,31,6.209,0,2025-07-31
2025,8,1,6.145,0,2025-08-01
2025,8,2,6.084,0,2025-08-02
2025,8,3,6.072,0,2025-08-03
2025,8,4,5.934,0,2025-08-04
2025,8,5,5.96,0,2025-08-05
2025,8,6,5.962,0,2025-08-06
2025,8,7,5.859,0,2025-08-07
2025,8,8,5.85,0,2025-08-08
2025,8,9,5.689,0,2025-08-09
2025,8,10,5.635,0,2025-08-10
2025,8,11,5.657,0,2025-08-11
2025,8,12,5.532,0,2025-08-12
2025,8,13,5.501,0,2025-08-13
2025,8,14,5.434,0,2025-08-14
2025,8,15,5.43,0,2025-08-15
2025,8,16,5.328,0,2025-08-16
2025,8,17,5.303,0,2025-08-17
2025,8,18,5.288,0,2025-08-18
2025,8,19,5.19,0,2025-08-19
2025,8,20,5.131,0,2025-08-20
2025,8,21,5.088,0,2025-08-21
2025,8,22,5.067,0,2025-08-22
2025,8,23,4.998,0,2025-08-23
2025,8,24,4.973,0,2025-08-24
2025,8,25,4.96,0,2025-08-25
2025,8,26,4.904,0,2025-08-26
2025,8,27,4.871,0,2025-08-27
2025,8,28,4.809,0,2025-08-28
2025,8,29,4.828,0,2025-08-29
2025,8,30,4.916,0,2025-08-30
2025,8,31,4.836,0,2025-08-31
2025,9,1,4.746,0,2025-09-01
2025,9,2,4.697,0,2025-09-02
2025,9,3,4.667,0,2025-09-03
2025,9,4,4.677,0,2025-09-04
2025,9,5,4.627,0,2025-09-05
2025,9,6,4.664,0,2025-09-06
2025,9,7,4.624,0,2025-09-07
2025,9,8,4.543,0,2025-09-08
2025,9,9,4.56,0,2025-09-09
2025,9,10,4.618,0,2025-09-10
2025,9,11,4.671,0,2025-09-11
2025,9,12,4.626,0,2025-09-12
2025,9,13,4.693,0,2025-09-13
2025,9,14,4.657,0,2025-09-14
2025,9,15,4.691,0,2025-09-15
2025,9,16,4.69,0,2025-09-16
2025,9,17,4.724,0,2025-09-17
2025,9,18,4.688,0,2025-09-18
2025,9,19,4.768,0,2025-09-19
2025,9,20,4.78,0,2025-09-20
2025,9,21,4.812,0,2025-09-21
2025,9,22,4.825,0,2025-09-22
2025,9,23,4.845,0,2025-09-23
2025,9,24,4.76,0,2025-09-24
2025,9,25,4.817,0,2025-09-25
2025,9,26,4.871,0,2025-09-26
2025,9,27,4.919,0,2025-09-27
2025,9,28,4.991,0,2025-09-28
2025,9,29,5.054,0,2025-09-29
2025,9,30,5.112,0,2025-09-30
2025,10,1,5.26,0,2025-10-01
2025,10,2,5.291,0,2025-10-02
2025,10,3,5.3,0,2025-10-03
2025,10,4,5.485,0,2025-10-04
2025,10,5,5.668,0,2025-10-05
2025,10,6,5.639,0,2025-10-06
2025,10,7,5.695,0,2025-10-07
2025,10,8,5.728,0,2025-10-08
2025,10,9,5.709,0,2025-10-09
2025,10,10,5.803,0,2025-10-10
2025,10,11,5.868,0,2025-10-11
2025,10,12,5.946,0,2025-10-12
2025,10,13,5.963,0,2025-10-13
2025,10,14,5.886,0,2025-10-14
2025,10,15,5.961,0,2025-10-15
2025,10,16,6.06,0,2025-10-16
2025,10,17,6.129,0,2025-10-17
2025,10,18,6.213,0,2025-10-18
2025,10,19,6.272,0,2025-10-19
2025,10,20,6.398,0,2025-10-20
2025,10,21,6.601,0,2025-10-21
2025,10,22,6.705,0,2025-10-22
2025,10,23,6.877,0,2025-10-23
2025,10,24,7.068,0,2025-10-24
2025,10,25,7.202,0,2025-10-25
2025,10,26,7.268,0,2025-10-26
2025,10,27,7.346,0,2025-10-27
2025,10,28,7.487,0,2025-10-28
2025,10,29,7.629,0,2025-10-29
2025,10,30,7.686,0,2025-10-30
2025,10,31,7.676,0,2025-10-31
2025,11,1,7.872,0,2025-11-01
2025,11,2,7.843,0,2025-11-02
2025,11,3,7.845,0,2025-11-03
2025,11,4,7.86,0,2025-11-04
2025,11,5,7.955,0,2025-11-05
2025,11,6,8.105,0,2025-11-06
2025,11,7,8.147,0,2025-11-07
2025,11,8,8.337,0,2025-11-08
2025,11,9,8.363,0,2025-11-09
2025,11,10,8.535,0,2025-11-10
2025,11,11,8.659,0,2025-11-11
2025,11,12,8.728,0,2025-11-12
2025,11,13,8.794,0,2025-11-13
2025,11,14,8.77,0,2025-11-14
2025,11,15,8.886,0,2025-11-15
2025,11,16,8.925,0,2025-11-16
2025,11,17,8.974,0,2025-11-17
2025,11,18,8.97,0,2025-11-18
2025,11,19,9.03,0,2025-11-19
2025,11,20,9.027,0,2025-11-20
2025,11,21,9.081,0,2025-11-21
2025,11,22,9.138,0,2025-11-22
2025,11,23,9.174,0,2025-11-23
2025,11,24,9.317,0,2025-11-24
2025,11,25,9.311,0,2025-11-25
2025,11,26,9.385,0,2025-11-26
2025,11,27,9.482,0,2025-11-27
2025,11,28,9.522,0,2025-11-28
2025,11,29,9.58,0,2025-11-29
2025,11,30,9.626,0,2025-11-30
2025,12,1,9.938,0,2025-12-01
2025,12,2,10.001,0,2025-12-02
2025,12,3,10.084,0,2025-12-03
2025,12,4,10.361,0,2025-12-04
2025,12,5,10.476,0,2025-12-05
2025,12,6,10.423,0,2025-12-06
2025,12,7,10.481,0,2025-12-07
2025,12,8,10.551,0,2025-12-08
2025,12,9,10.633,0,2025-12-09
2025,12,10,10.703,0,2025-12-10
2025,12,11,10.811,0,2025-12-11
2025,12,12,10.81,0,2025-12-12
2025,12,13,10.878,0,2025-12-13
2025,12,14,10.912,0,2025-12-14
2025,12,15,11.033,0,2025-12-15
2025,12,16,11.122,0,2025-12-16
2025,12,17,11.356,0,2025-12-17
2025,12,18,11.406,0,2025-12-18
2025,12,19,11.56,0,2025-12-19
2025,12,20,11.646,0,2025-12-20
2025,12,21,11.603,0,2025-12-21
2025,12,22,11.616,0,2025-12-22
2025,12,23,11.673,0,2025-12-23
2025,12,24,11.806,0,2025-12-24
2025,12,25,11.92,0,2025-12-25
2025,12,26,12.257,0,2025-12-26
2025,12,27,12.315,0,2025-12-27
2025,12,28,12.359,0,2025-12-28
2025,12,29,12.292,0,2025-12-29
2025,12,30,12.474,0,2025-12-30
2025,12,31,12.385,0,2025-12-31
2026,1,1,12.368,0,2026-01-01
2026,1,2,12.478,0,2026-01-02
2026,1,3,12.466,0,2026-01-03
2026,1,4,12.564,0,2026-01-04
2026,1,5,12.693,0,2026-01-05
2026,1,6,12.787,0,2026-01-06
2026,1,7,12.931,0,2026-01-07
2026,1,8,12.965,0,2026-01-08
2026,1,9,12.966,0,2026-01-09
2026,1,10,13.075,0,2026-01-10
2026,1,11,13.105,0,2026-01-11
2026,1,12,13.349,0,2026-01-12
2026,1,13,13.149,0,2026-01-13
2026,1,14,13.144,0,2026-01-14
2026,1,15,13.099,0,2026-01-15
2026,1,16,13.102,0,2026-01-16
2026,1,17,13.124,0,2026-01-17
2026,1,18,13.029,0,2026-01-18
2026,1,19,13.062,0,2026-01-19
2026,1,20,13.117,0,2026-01-20
2026,1,21,13.205,0,2026-01-21
2026,1,22,13.287,0,2026-01-22
2026,1,23,13.177,0,2026-01-23
2026,1,24,13.353,0,2026-01-24
2026,1,25,13.38,0,2026-01-25
2026,1,26,13.371,0,2026-01-26
2026,1,27,13.475,0,2026-01-27
2026,1,28,13.541,0,2026-01-28
2026,1,29,13.592,0,2026-01-29
2026,1,30,13.631,0,2026-01-30
2026,1,31,13.721,0,2026-01-31
2026,2,1,13.686,0,2026-02-01
2026,2,2,13.776,0,2026-02-02
2026,2,3,13.854,0,2026-02-03
2026,2,4,13.838,0,2026-02-04
2026,2,5,13.993,0,2026-02-05
2026,2,6,14.049,0,2026-02-06
2026,2,7,14.062,0,2026-02-07
2026,2,8,14.079,0,2026-02-08
2026,2,9,14.083,0,2026-02-09
2026,2,10,14.156,0,2026-02-10
2026,2,11,14.098,0,2026-02-11
2026,2,12,14.181,0,2026-02-12
2026,2,13,14.241,0,2026-02-13
2026,2,14,14.212,0,2026-02-14
2026,2,15,14.165,0,2026-02-15
2026,2,16,14.227,0,2026-02-16
2026,2,17,14.162,0,2026-02-17
2026,2,18,14.207,0,2026-02-18
2026,2,19,14.217,0,2026-02-19
2026,2,20,14.272,0,2026-02-20
2026,2,21,14.216,0,2026-02-21
2026,2,22,14.166,0,2026-02-22
2026,2,23,14.062,0,2026-02-23
2026,2,24,14.135,0,2026-02-24
2026,2,25,14.248,0,2026-02-25
2026,2,26,14.178,0,2026-02-26
2026,2,27,14.069,0,2026-02-27
2026,2,28,14.122,0,2026-02-28
2026,3,1,14.128,0,2026-03-01
2026,3,2,14.051,0,2026-03-02
2026,3,3,14.136,0,2026-03-03
2026,3,4,14.13,0,2026-03-04
2026,3,5,14.136,0,2026-03-05
2026,3,6,14.257,0,2026-03-06
2026,3,7,14.284,0,2026-03-07
2026,3,8,14.238,0,2026-03-08
2026,3,9,14.114,0,2026-03-09
2026,3,10,14.196,0,2026-03-10
2026,3,11,14.23,0,2026-03-11
2026,3,12,14.351,0,2026-03-12
2026,3,13,14.358,0,2026-03-13
2026,3,14,14.283,0,2026-03-14
2026,3,15,14.207,0,2026-03-15
2026,3,16,14.191,0,2026-03-16
2026,3,17,14.106,0,2026-03-17
2026,3,18,14.15,0,2026-03-18
2026,3,19,14.056,0,2026-03-19
2026,3,20,14.105,0,2026-03-20
2026,3,21,14.059,0,2026-03-21
2026,3,22,13.962,0,2026-03-22
2026,3,23,13.981,0,2026-03-23
2026,3,24,14.012,0,2026-03-24
2026,3,25,14.038,0,2026-03-25
2026,3,26,14.09,0,2026-03-26
2026,3,27,14.09,0,2026-03-27
2026,3,28,14.036,0,2026-03-28
2026,3,29,14.047,0,2026-03-29
2026,3,30,14.055,0,2026-03-30
2026,3,31,13.983,0,2026-03-31
2026,4,1,13.991,0,2026-04-01
2026,4,2,13.952,0,2026-04-02
2026,4,3,13.986,0,2026-04-03
2026,4,4,14.011,0,2026-04-04
2026,4,5,13.978,0,2026-04-05
2026,4,6,14.047,0,2026-04-06
2026,4,7,14.041,0,2026-04-07
2026,4,8,13.981,0,2026-04-08
2026,4,9,13.851,0,2026-04-09
2026,4,10,13.793,0,2026-04-10
2026,4,11,13.719,0,2026-04-11
2026,4,12,13.692,0,2026-04-12
2026,4,13,13.635,0,2026-04-13
2026,4,14,13.601,0,2026-04-14
2026,4,15,13.484,0,2026-04-15
2026,4,16,13.458,0,2026-04-16
2026,4,17,13.512,0,2026-04-17
2026,4,18,13.624,0,2026-04-18
2026,4,19,13.648,0,2026-04-19
2026,4,20,13.413,0,2026-04-20
2026,4,21,13.372,0,2026-04-21
2026,4,22,13.314,0,2026-04-22
2026,4,23,13.224,0,2026-04-23
2026,4,24,13.193,0,2026-04-24
2026,4,25,13.215,0,2026-04-25
2026,4,26,13.197,0,2026-04-26
2026,4,27,13.066,0,2026-04-27
2026,4,28,13.078,0,2026-04-28
2026,4,29,12.998,0,2026-04-29
2026,4,30,12.979,0,2026-04-30
2026,5,1,12.841,0,2026-05-01
2026,5,2,12.795,0,2026-05-02
2026,5,3,12.691,0,2026-05-03
2026,5,4,12.668,0,2026-05-04
2026,5,5,12.58,0,2026-05-05
2026,5,6,12.473,0,2026-05-06
2026,5,7,12.455,0,2026-05-07
2026,5,8,12.391,0,2026-05-08
2026,5,9,12.381,0,2026-05-09
2026,5,10,12.445,0,2026-05-10
2026,5,11,12.445,0,2026-05-11
2026,5,12,12.455,0,2026-05-12
2026,5,13,12.359,0,2026-05-13
2026,5,14,12.295,0,2026-05-14
2026,5,15,12.267,0,2026-05-15
2026,5,16,12.244,0,2026-05-16
2026,5,17,12.192,0,2026-05-17
2026,5,18,12.019,0,2026-05-18
2026,5,19,12.036,0,2026-05-19
2026,5,20,11.861,0,2026-05-20
2026,5,21,11.902,0,2026-05-21
2026,5,22,11.794,0,2026-05-22
2026,5,23,11.79,0,2026-05-23
2026,5,24,11.703,0,2026-05-24
2026,5,25,11.72,0,2026-05-25
2026,5,26,11.771,0,2026-05-26
2026,5,27,11.638,0,2026-05-27
2026,5,28,11.586,0,2026-05-28
2026,5,29,11.57,0,2026-05-29
2026,5,30,11.535,0,2026-05-30
2026,5,31,11.439,0,2026-05-31
2026,6,1,11.359,0,2026-06-01
2026,6,2,11.285,0,2026-06-02
2026,6,3,11.227,0,2026-06-03
2026,6,4,11.18,0,2026-06-04
2026,6,5,11.077,0,2026-06-05
2026,6,6,11.048,0,2026-06-06
2026,6,7,10.998,0,2026-06-07
2026,6,8,10.97,0,2026-06-08
2026,6,9,10.884,0,2026-06-09
2026,6,10,10.793,0,2026-06-10
2026,6,11,10.759,0,2026-06-11
2026,6,12,10.62,0,2026-06-12
2026,6,13,10.644,0,2026-06-13
2026,6,14,10.648,0,2026-06-14
2026,6,15,10.57,0,2026-06-15
2026,6,16,10.452,0,2026-06-16
2026,6,17,10.368,0,2026-06-17
2026,6,18,10.374,0,2026-06-18
2026,6,19,10.234,0,2026-06-19
2026,6,20,10.18,0,2026-06-20
2026,6,21,10.108,0,2026-06-21
2026,6,22,10.112,0,2026-06-22
2026,6,23,10.058,0,2026-06-23
2026,6,24,9.982,0,2026-06-24
2026,6,25,9.764,0,2026-06-25
2026,6,26,9.555,0,2026-06-26
2026,6,27,9.576,0,2026-06-27
2026,6,28,9.48,0,2026-06-28
2026,6,29,9.262,0,2026-06-29
2026,6,30,9.103,0,2026-06-30
2026,7,1,9.034,0,2026-07-01
2026,7,2,8.933,0,2026-07-02
2026,7,3,8.836,0,2026-07-03
2026,7,4,8.773,0,2026-07-04
2026,7,5,8.738,0,2026-07-05
2026,7,6,8.671,0,2026-07-06
2026,7,7,8.541,0,2026-07-07
2026,7,8,8.528,0,2026-07-08
2026,7,9,8.429,0,2026-07-09
2026,7,10,8.376,0,2026-07-10
2026,7,11,8.255,0,2026-07-11
2026,7,12,8.141,0,2026-07-12
2026,7,13,8.04,0,2026-07-13
2026,7,14,7.964,0,2026-07-14
2026,7,15,7.883,0,2026-07-15
2026,7,16,7.691,0,2026-07-16
2026,7,17,7.576,0,2026-07-17
2026,7,18,7.416,0,2026-07-18
2026,7,19,7.316,0,2026-07-19
2026,7,20,7.279,0,2026-07-20
2026,7,21,7.146,0,2026-07-21
2026,7,22,7.111,0,2026-07-22
2026,7,23,7.029,0,2026-07-23
2026,7,24,6.972,0,2026-07-24
2026,7,25,6.832,0,2026-07-25
2026,7,26,6.787,0,2026-07-26
2026,7,27,6.683,0,2026-07-27
2026,7,28,6.565,0,2026-07-28
2026,7,29,6.544,0,2026-07-29
2026,7,30,6.507,0,2026-07-30
2026,7,31,6.526,0,2026-07-31
2026,8,1,6.495,0,2026-08-01
2026,8,2,6.479,0,2026-08-02
2026,8,3,6.465,0,2026-08-03
2026,8,4,6.369,0,2026-08-04
2026,8,5,6.255,0,2026-08-05
2026,8,6,6.18,0,2026-08-06
2026,8,7,6.131,0,2026-08-07
2026,8,8,6.042,0,2026-08-08
2026,8,9,6.031,0,2026-08-09
2026,8,10,5.896,0,2026-08-10
2026,8,11,5.829,0,2026-08-11
2026,8,12,5.726,0,2026-08-12
2026,8,13,5.676,0,2026-08-13
2026,8,14,5.513,0,2026-08-14
2026,8,15,5.354,0,2026-08-15
2026,8,16,5.334,0,2026-08-16
